<SIL>	SIL
A	G_A
ABACK	G_A G_B G_A G_C G_K
ABALONE	G_A G_B G_A G_L G_O G_N G_E
ABALONE'S	G_A G_B G_A G_L G_O G_N G_E G_S
ABANDONED	G_A G_B G_A G_N G_D G_O G_N G_E G_D
ABASHED	G_A G_B G_A G_S G_H G_E G_D
ABBE	G_A G_B G_B G_E
ABBESS	G_A G_B G_B G_E G_S G_S
ABBOT	G_A G_B G_B G_O G_T
ABDICATES	G_A G_B G_D G_I G_C G_A G_T G_E G_S
ABDUCTION	G_A G_B G_D G_U G_C G_T G_I G_O G_N
ABEYANCE	G_A G_B G_E G_Y G_A G_N G_C G_E
ABILITY	G_A G_B G_I G_L G_I G_T G_Y
ABJURED	G_A G_B G_J G_U G_R G_E G_D
ABLE	G_A G_B G_L G_E
ABODE	G_A G_B G_O G_D G_E
ABOLITION	G_A G_B G_O G_L G_I G_T G_I G_O G_N
ABOUT	G_A G_B G_O G_U G_T
ABOVE	G_A G_B G_O G_V G_E
ABROAD	G_A G_B G_R G_O G_A G_D
ABSENCE	G_A G_B G_S G_E G_N G_C G_E
ABSENT	G_A G_B G_S G_E G_N G_T
ABSOLUTE	G_A G_B G_S G_O G_L G_U G_T G_E
ABSOLUTELY	G_A G_B G_S G_O G_L G_U G_T G_E G_L G_Y
ABSORBED	G_A G_B G_S G_O G_R G_B G_E G_D
ABSTRACTION	G_A G_B G_S G_T G_R G_A G_C G_T G_I G_O G_N
ABSURD	G_A G_B G_S G_U G_R G_D
ABSURDITY	G_A G_B G_S G_U G_R G_D G_I G_T G_Y
ABUNDANCE	G_A G_B G_U G_N G_D G_A G_N G_C G_E
ABUNDANT	G_A G_B G_U G_N G_D G_A G_N G_T
ACCENT	G_A G_C G_C G_E G_N G_T
ACCENTS	G_A G_C G_C G_E G_N G_T G_S
ACCENTUATED	G_A G_C G_C G_E G_N G_T G_U G_A G_T G_E G_D
ACCEPT	G_A G_C G_C G_E G_P G_T
ACCEPTED	G_A G_C G_C G_E G_P G_T G_E G_D
ACCEPTS	G_A G_C G_C G_E G_P G_T G_S
ACCESSORIES	G_A G_C G_C G_E G_S G_S G_O G_R G_I G_E G_S
ACCIDENT	G_A G_C G_C G_I G_D G_E G_N G_T
ACCIDENTAL	G_A G_C G_C G_I G_D G_E G_N G_T G_A G_L
ACCLAMATION	G_A G_C G_C G_L G_A G_M G_A G_T G_I G_O G_N
ACCOMMODATION	G_A G_C G_C G_O G_M G_M G_O G_D G_A G_T G_I G_O G_N
ACCOMPANY	G_A G_C G_C G_O G_M G_P G_A G_N G_Y
ACCOMPANYING	G_A G_C G_C G_O G_M G_P G_A G_N G_Y G_I G_N G_G
ACCORD	G_A G_C G_C G_O G_R G_D
ACCORDING	G_A G_C G_C G_O G_R G_D G_I G_N G_G
ACCORDINGLY	G_A G_C G_C G_O G_R G_D G_I G_N G_G G_L G_Y
ACCOSTED	G_A G_C G_C G_O G_S G_T G_E G_D
ACCOUNT	G_A G_C G_C G_O G_U G_N G_T
ACCOUNTS	G_A G_C G_C G_O G_U G_N G_T G_S
ACCRUE	G_A G_C G_C G_R G_U G_E
ACCUMULATED	G_A G_C G_C G_U G_M G_U G_L G_A G_T G_E G_D
ACCURACY	G_A G_C G_C G_U G_R G_A G_C G_Y
ACCUSER	G_A G_C G_C G_U G_S G_E G_R
ACCUSTOMED	G_A G_C G_C G_U G_S G_T G_O G_M G_E G_D
ACHE	G_A G_C G_H G_E
ACHED	G_A G_C G_H G_E G_D
ACHING	G_A G_C G_H G_I G_N G_G
ACID	G_A G_C G_I G_D
ACIDITY	G_A G_C G_I G_D G_I G_T G_Y
ACKNOWLEDGE	G_A G_C G_K G_N G_O G_W G_L G_E G_D G_G G_E
ACQUAINTANCE	G_A G_C G_Q G_U G_A G_I G_N G_T G_A G_N G_C G_E
ACQUAINTANCES	G_A G_C G_Q G_U G_A G_I G_N G_T G_A G_N G_C G_E G_S
ACQUAINTED	G_A G_C G_Q G_U G_A G_I G_N G_T G_E G_D
ACQUAINTING	G_A G_C G_Q G_U G_A G_I G_N G_T G_I G_N G_G
ACQUIESCED	G_A G_C G_Q G_U G_I G_E G_S G_C G_E G_D
ACQUIRED	G_A G_C G_Q G_U G_I G_R G_E G_D
ACQUISITION	G_A G_C G_Q G_U G_I G_S G_I G_T G_I G_O G_N
ACRE	G_A G_C G_R G_E
ACRES	G_A G_C G_R G_E G_S
ACROSS	G_A G_C G_R G_O G_S G_S
ACT	G_A G_C G_T
ACTED	G_A G_C G_T G_E G_D
ACTION	G_A G_C G_T G_I G_O G_N
ACTIONS	G_A G_C G_T G_I G_O G_N G_S
ACTIVITY	G_A G_C G_T G_I G_V G_I G_T G_Y
ACTUALLY	G_A G_C G_T G_U G_A G_L G_L G_Y
ADAM	G_A G_D G_A G_M
ADAMNAN	G_A G_D G_A G_M G_N G_A G_N
ADAMS	G_A G_D G_A G_M G_S
ADD	G_A G_D G_D
ADDED	G_A G_D G_D G_E G_D
ADDING	G_A G_D G_D G_I G_N G_G
ADDITION	G_A G_D G_D G_I G_T G_I G_O G_N
ADDITIONAL	G_A G_D G_D G_I G_T G_I G_O G_N G_A G_L
ADDRESS	G_A G_D G_D G_R G_E G_S G_S
ADDRESSED	G_A G_D G_D G_R G_E G_S G_S G_E G_D
ADDRESSING	G_A G_D G_D G_R G_E G_S G_S G_I G_N G_G
ADJACENT	G_A G_D G_J G_A G_C G_E G_N G_T
ADJUST	G_A G_D G_J G_U G_S G_T
ADMINISTRATOR	G_A G_D G_M G_I G_N G_I G_S G_T G_R G_A G_T G_O G_R
ADMIRABLE	G_A G_D G_M G_I G_R G_A G_B G_L G_E
ADMIRATION	G_A G_D G_M G_I G_R G_A G_T G_I G_O G_N
ADMIRE	G_A G_D G_M G_I G_R G_E
ADMIRED	G_A G_D G_M G_I G_R G_E G_D
ADMISSION	G_A G_D G_M G_I G_S G_S G_I G_O G_N
ADMIT	G_A G_D G_M G_I G_T
ADMITTED	G_A G_D G_M G_I G_T G_T G_E G_D
ADMONISHING	G_A G_D G_M G_O G_N G_I G_S G_H G_I G_N G_G
ADO	G_A G_D G_O
ADOPT	G_A G_D G_O G_P G_T
ADOPTED	G_A G_D G_O G_P G_T G_E G_D
ADORATION	G_A G_D G_O G_R G_A G_T G_I G_O G_N
ADORNED	G_A G_D G_O G_R G_N G_E G_D
ADRIFT	G_A G_D G_R G_I G_F G_T
ADVANCE	G_A G_D G_V G_A G_N G_C G_E
ADVANCED	G_A G_D G_V G_A G_N G_C G_E G_D
ADVANCING	G_A G_D G_V G_A G_N G_C G_I G_N G_G
ADVANTAGE	G_A G_D G_V G_A G_N G_T G_A G_G G_E
ADVANTAGES	G_A G_D G_V G_A G_N G_T G_A G_G G_E G_S
ADVENTURE	G_A G_D G_V G_E G_N G_T G_U G_R G_E
ADVENTURES	G_A G_D G_V G_E G_N G_T G_U G_R G_E G_S
ADVENTURING	G_A G_D G_V G_E G_N G_T G_U G_R G_I G_N G_G
ADVENTUROUS	G_A G_D G_V G_E G_N G_T G_U G_R G_O G_U G_S
ADVERTISING	G_A G_D G_V G_E G_R G_T G_I G_S G_I G_N G_G
ADVICE	G_A G_D G_V G_I G_C G_E
ADVISE	G_A G_D G_V G_I G_S G_E
ADVISER	G_A G_D G_V G_I G_S G_E G_R
AEONS	G_A G_E G_O G_N G_S
AFFAIR	G_A G_F G_F G_A G_I G_R
AFFAIRS	G_A G_F G_F G_A G_I G_R G_S
AFFECTED	G_A G_F G_F G_E G_C G_T G_E G_D
AFFECTING	G_A G_F G_F G_E G_C G_T G_I G_N G_G
AFFECTION	G_A G_F G_F G_E G_C G_T G_I G_O G_N
AFFECTIONATE	G_A G_F G_F G_E G_C G_T G_I G_O G_N G_A G_T G_E
AFFIRM	G_A G_F G_F G_I G_R G_M
AFFIRMATION	G_A G_F G_F G_I G_R G_M G_A G_T G_I G_O G_N
AFFIRMATIVE	G_A G_F G_F G_I G_R G_M G_A G_T G_I G_V G_E
AFFIRMED	G_A G_F G_F G_I G_R G_M G_E G_D
AFFLICTED	G_A G_F G_F G_L G_I G_C G_T G_E G_D
AFFORD	G_A G_F G_F G_O G_R G_D
AFFORDS	G_A G_F G_F G_O G_R G_D G_S
AFOOT	G_A G_F G_O G_O G_T
AFORE	G_A G_F G_O G_R G_E
AFRAID	G_A G_F G_R G_A G_I G_D
AFRESH	G_A G_F G_R G_E G_S G_H
AFRICA	G_A G_F G_R G_I G_C G_A
AFRICANUS	G_A G_F G_R G_I G_C G_A G_N G_U G_S
AFTER	G_A G_F G_T G_E G_R
AFTERNOON	G_A G_F G_T G_E G_R G_N G_O G_O G_N
AFTERWARD	G_A G_F G_T G_E G_R G_W G_A G_R G_D
AFTERWARDS	G_A G_F G_T G_E G_R G_W G_A G_R G_D G_S
AGAIN	G_A G_G G_A G_I G_N
AGAINST	G_A G_G G_A G_I G_N G_S G_T
AGE	G_A G_G G_E
AGED	G_A G_G G_E G_D
AGENT	G_A G_G G_E G_N G_T
AGES	G_A G_G G_E G_S
AGGLOMERATIONS	G_A G_G G_G G_L G_O G_M G_E G_R G_A G_T G_I G_O G_N G_S
AGGRAVATED	G_A G_G G_G G_R G_A G_V G_A G_T G_E G_D
AGHAST	G_A G_G G_H G_A G_S G_T
AGILE	G_A G_G G_I G_L G_E
AGILITY	G_A G_G G_I G_L G_I G_T G_Y
AGO	G_A G_G G_O
AGONY	G_A G_G G_O G_N G_Y
AGREE	G_A G_G G_R G_E G_E
AGREEABLE	G_A G_G G_R G_E G_E G_A G_B G_L G_E
AGREED	G_A G_G G_R G_E G_E G_D
AGREEING	G_A G_G G_R G_E G_E G_I G_N G_G
AGREES	G_A G_G G_R G_E G_E G_S
AH	G_A G_H
AID	G_A G_I G_D
AIDAN	G_A G_I G_D G_A G_N
AIM	G_A G_I G_M
AIN'T	G_A G_I G_N G_T
AIR	G_A G_I G_R
AKIN	G_A G_K G_I G_N
ALABAMA	G_A G_L G_A G_B G_A G_M G_A
ALARM	G_A G_L G_A G_R G_M
ALARMED	G_A G_L G_A G_R G_M G_E G_D
ALAS	G_A G_L G_A G_S
ALASKA	G_A G_L G_A G_S G_K G_A
ALCHEMY	G_A G_L G_C G_H G_E G_M G_Y
ALDER	G_A G_L G_D G_E G_R
ALEXANDER	G_A G_L G_E G_X G_A G_N G_D G_E G_R
ALEXANDER'S	G_A G_L G_E G_X G_A G_N G_D G_E G_R G_S
ALEXANDRIA	G_A G_L G_E G_X G_A G_N G_D G_R G_I G_A
ALGAE	G_A G_L G_G G_A G_E
ALGEBRA	G_A G_L G_G G_E G_B G_R G_A
ALICE	G_A G_L G_I G_C G_E
ALIKE	G_A G_L G_I G_K G_E
ALIMONY	G_A G_L G_I G_M G_O G_N G_Y
ALIVE	G_A G_L G_I G_V G_E
ALL	G_A G_L G_L
ALLAY	G_A G_L G_L G_A G_Y
ALLEGORICAL	G_A G_L G_L G_E G_G G_O G_R G_I G_C G_A G_L
ALLEY	G_A G_L G_L G_E G_Y
ALLIANCE	G_A G_L G_L G_I G_A G_N G_C G_E
ALLOW	G_A G_L G_L G_O G_W
ALLOWED	G_A G_L G_L G_O G_W G_E G_D
ALLOWING	G_A G_L G_L G_O G_W G_I G_N G_G
ALLSPICE	G_A G_L G_L G_S G_P G_I G_C G_E
ALLUREMENT	G_A G_L G_L G_U G_R G_E G_M G_E G_N G_T
ALLUREMENTS	G_A G_L G_L G_U G_R G_E G_M G_E G_N G_T G_S
ALLY	G_A G_L G_L G_Y
ALMA	G_A G_L G_M G_A
ALMONER	G_A G_L G_M G_O G_N G_E G_R
ALMOST	G_A G_L G_M G_O G_S G_T
ALOFT	G_A G_L G_O G_F G_T
ALONE	G_A G_L G_O G_N G_E
ALONG	G_A G_L G_O G_N G_G
ALONGSIDE	G_A G_L G_O G_N G_G G_S G_I G_D G_E
ALOUD	G_A G_L G_O G_U G_D
ALPS	G_A G_L G_P G_S
ALREADY	G_A G_L G_R G_E G_A G_D G_Y
ALSO	G_A G_L G_S G_O
ALTER	G_A G_L G_T G_E G_R
ALTERATIONS	G_A G_L G_T G_E G_R G_A G_T G_I G_O G_N G_S
ALTERCATION	G_A G_L G_T G_E G_R G_C G_A G_T G_I G_O G_N
ALTERNATELY	G_A G_L G_T G_E G_R G_N G_A G_T G_E G_L G_Y
ALTERNATIVE	G_A G_L G_T G_E G_R G_N G_A G_T G_I G_V G_E
ALTHOUGH	G_A G_L G_T G_H G_O G_U G_G G_H
ALTOGETHER	G_A G_L G_T G_O G_G G_E G_T G_H G_E G_R
ALWAYS	G_A G_L G_W G_A G_Y G_S
AM	G_A G_M
AMAZED	G_A G_M G_A G_Z G_E G_D
AMAZEMENT	G_A G_M G_A G_Z G_E G_M G_E G_N G_T
AMBITION	G_A G_M G_B G_I G_T G_I G_O G_N
AMBITIOUS	G_A G_M G_B G_I G_T G_I G_O G_U G_S
AMBROSCH	G_A G_M G_B G_R G_O G_S G_C G_H
AMBULANCE	G_A G_M G_B G_U G_L G_A G_N G_C G_E
AMBULANCES	G_A G_M G_B G_U G_L G_A G_N G_C G_E G_S
AMENITIES	G_A G_M G_E G_N G_I G_T G_I G_E G_S
AMERICA	G_A G_M G_E G_R G_I G_C G_A
AMERICAN	G_A G_M G_E G_R G_I G_C G_A G_N
AMERICANS	G_A G_M G_E G_R G_I G_C G_A G_N G_S
AMIABLE	G_A G_M G_I G_A G_B G_L G_E
AMID	G_A G_M G_I G_D
AMONG	G_A G_M G_O G_N G_G
AMONGST	G_A G_M G_O G_N G_G G_S G_T
AMOUNT	G_A G_M G_O G_U G_N G_T
AMPLER	G_A G_M G_P G_L G_E G_R
AMPUTATION	G_A G_M G_P G_U G_T G_A G_T G_I G_O G_N
AMUSE	G_A G_M G_U G_S G_E
AMUSEMENT	G_A G_M G_U G_S G_E G_M G_E G_N G_T
AMUSING	G_A G_M G_U G_S G_I G_N G_G
AN	G_A G_N
ANACHRONISMS	G_A G_N G_A G_C G_H G_R G_O G_N G_I G_S G_M G_S
ANAESTHESIA	G_A G_N G_A G_E G_S G_T G_H G_E G_S G_I G_A
ANALOGOUS	G_A G_N G_A G_L G_O G_G G_O G_U G_S
ANALOGY	G_A G_N G_A G_L G_O G_G G_Y
ANALYSES	G_A G_N G_A G_L G_Y G_S G_E G_S
ANATOLIA	G_A G_N G_A G_T G_O G_L G_I G_A
ANCESTORS	G_A G_N G_C G_E G_S G_T G_O G_R G_S
ANCESTRAL	G_A G_N G_C G_E G_S G_T G_R G_A G_L
ANCIENT	G_A G_N G_C G_I G_E G_N G_T
AND	G_A G_N G_D
ANDREWS	G_A G_N G_D G_R G_E G_W G_S
ANEW	G_A G_N G_E G_W
ANGEL	G_A G_N G_G G_E G_L
ANGELIC	G_A G_N G_G G_E G_L G_I G_C
ANGELO	G_A G_N G_G G_E G_L G_O
ANGER	G_A G_N G_G G_E G_R
ANGERED	G_A G_N G_G G_E G_R G_E G_D
ANGLES	G_A G_N G_G G_L G_E G_S
ANGLO	G_A G_N G_G G_L G_O
ANGRILY	G_A G_N G_G G_R G_I G_L G_Y
ANGRY	G_A G_N G_G G_R G_Y
ANIMADVERSION	G_A G_N G_I G_M G_A G_D G_V G_E G_R G_S G_I G_O G_N
ANIMAL	G_A G_N G_I G_M G_A G_L
ANIMALS	G_A G_N G_I G_M G_A G_L G_S
ANIMATE	G_A G_N G_I G_M G_A G_T G_E
ANN	G_A G_N G_N
ANN'S	G_A G_N G_N G_S
ANNEX	G_A G_N G_N G_E G_X
ANNOUNCED	G_A G_N G_N G_O G_U G_N G_C G_E G_D
ANNOUNCEMENT	G_A G_N G_N G_O G_U G_N G_C G_E G_M G_E G_N G_T
ANNOYANCE	G_A G_N G_N G_O G_Y G_A G_N G_C G_E
ANNUAL	G_A G_N G_N G_U G_A G_L
ANNUALLY	G_A G_N G_N G_U G_A G_L G_L G_Y
ANOTHER	G_A G_N G_O G_T G_H G_E G_R
ANSWER	G_A G_N G_S G_W G_E G_R
ANSWERED	G_A G_N G_S G_W G_E G_R G_E G_D
ANSWERS	G_A G_N G_S G_W G_E G_R G_S
ANTAGONIST	G_A G_N G_T G_A G_G G_O G_N G_I G_S G_T
ANTECEDENTS	G_A G_N G_T G_E G_C G_E G_D G_E G_N G_T G_S
ANTHONY	G_A G_N G_T G_H G_O G_N G_Y
ANTIDOTE	G_A G_N G_T G_I G_D G_O G_T G_E
ANTIOCH	G_A G_N G_T G_I G_O G_C G_H
ANTIQUE	G_A G_N G_T G_I G_Q G_U G_E
ANTIQUITY	G_A G_N G_T G_I G_Q G_U G_I G_T G_Y
ANTITHESIS	G_A G_N G_T G_I G_T G_H G_E G_S G_I G_S
ANTONIA	G_A G_N G_T G_O G_N G_I G_A
ANTONIA'S	G_A G_N G_T G_O G_N G_I G_A G_S
ANTS	G_A G_N G_T G_S
ANXIETIES	G_A G_N G_X G_I G_E G_T G_I G_E G_S
ANXIETY	G_A G_N G_X G_I G_E G_T G_Y
ANXIOUS	G_A G_N G_X G_I G_O G_U G_S
ANXIOUSLY	G_A G_N G_X G_I G_O G_U G_S G_L G_Y
ANY	G_A G_N G_Y
ANYBODY	G_A G_N G_Y G_B G_O G_D G_Y
ANYHOW	G_A G_N G_Y G_H G_O G_W
ANYONE	G_A G_N G_Y G_O G_N G_E
ANYTHING	G_A G_N G_Y G_T G_H G_I G_N G_G
ANYWAY	G_A G_N G_Y G_W G_A G_Y
ANYWHERE	G_A G_N G_Y G_W G_H G_E G_R G_E
APART	G_A G_P G_A G_R G_T
APARTMENT	G_A G_P G_A G_R G_T G_M G_E G_N G_T
APARTMENTS	G_A G_P G_A G_R G_T G_M G_E G_N G_T G_S
APIECE	G_A G_P G_I G_E G_C G_E
APOLLINARIS	G_A G_P G_O G_L G_L G_I G_N G_A G_R G_I G_S
APOLOGIES	G_A G_P G_O G_L G_O G_G G_I G_E G_S
APOLOGIST	G_A G_P G_O G_L G_O G_G G_I G_S G_T
APOSTLE	G_A G_P G_O G_S G_T G_L G_E
APOSTLE'S	G_A G_P G_O G_S G_T G_L G_E G_S
APOSTLES	G_A G_P G_O G_S G_T G_L G_E G_S
APPARENTLY	G_A G_P G_P G_A G_R G_E G_N G_T G_L G_Y
APPEAL	G_A G_P G_P G_E G_A G_L
APPEALS	G_A G_P G_P G_E G_A G_L G_S
APPEAR	G_A G_P G_P G_E G_A G_R
APPEARANCE	G_A G_P G_P G_E G_A G_R G_A G_N G_C G_E
APPEARANCES	G_A G_P G_P G_E G_A G_R G_A G_N G_C G_E G_S
APPEARED	G_A G_P G_P G_E G_A G_R G_E G_D
APPETITE	G_A G_P G_P G_E G_T G_I G_T G_E
APPLAUD	G_A G_P G_P G_L G_A G_U G_D
APPLAUDED	G_A G_P G_P G_L G_A G_U G_D G_E G_D
APPLAUSE	G_A G_P G_P G_L G_A G_U G_S G_E
APPLE	G_A G_P G_P G_L G_E
APPLES	G_A G_P G_P G_L G_E G_S
APPLIANCES	G_A G_P G_P G_L G_I G_A G_N G_C G_E G_S
APPLIED	G_A G_P G_P G_L G_I G_E G_D
APPLYING	G_A G_P G_P G_L G_Y G_I G_N G_G
APPOINTED	G_A G_P G_P G_O G_I G_N G_T G_E G_D
APPOINTMENT	G_A G_P G_P G_O G_I G_N G_T G_M G_E G_N G_T
APPRECIABLE	G_A G_P G_P G_R G_E G_C G_I G_A G_B G_L G_E
APPRECIATE	G_A G_P G_P G_R G_E G_C G_I G_A G_T G_E
APPRECIATED	G_A G_P G_P G_R G_E G_C G_I G_A G_T G_E G_D
APPREHENSION	G_A G_P G_P G_R G_E G_H G_E G_N G_S G_I G_O G_N
APPROACH	G_A G_P G_P G_R G_O G_A G_C G_H
APPROACHED	G_A G_P G_P G_R G_O G_A G_C G_H G_E G_D
APPROACHES	G_A G_P G_P G_R G_O G_A G_C G_H G_E G_S
APPROACHING	G_A G_P G_P G_R G_O G_A G_C G_H G_I G_N G_G
APPROPRIATE	G_A G_P G_P G_R G_O G_P G_R G_I G_A G_T G_E
APPROPRIATING	G_A G_P G_P G_R G_O G_P G_R G_I G_A G_T G_I G_N G_G
APPROVE	G_A G_P G_P G_R G_O G_V G_E
APPROVED	G_A G_P G_P G_R G_O G_V G_E G_D
APPROVING	G_A G_P G_P G_R G_O G_V G_I G_N G_G
APPROVINGLY	G_A G_P G_P G_R G_O G_V G_I G_N G_G G_L G_Y
APPROXIMATE	G_A G_P G_P G_R G_O G_X G_I G_M G_A G_T G_E
APRIL	G_A G_P G_R G_I G_L
ARABESQUE	G_A G_R G_A G_B G_E G_S G_Q G_U G_E
ARABIANS	G_A G_R G_A G_B G_I G_A G_N G_S
ARBITRARINESS	G_A G_R G_B G_I G_T G_R G_A G_R G_I G_N G_E G_S G_S
ARC	G_A G_R G_C
ARCADIUS	G_A G_R G_C G_A G_D G_I G_U G_S
ARCH	G_A G_R G_C G_H
ARCHAEOLOGIST	G_A G_R G_C G_H G_A G_E G_O G_L G_O G_G G_I G_S G_T
ARCHAEOLOGY	G_A G_R G_C G_H G_A G_E G_O G_L G_O G_G G_Y
ARCHBISHOP	G_A G_R G_C G_H G_B G_I G_S G_H G_O G_P
ARCHED	G_A G_R G_C G_H G_E G_D
ARCHITECTS	G_A G_R G_C G_H G_I G_T G_E G_C G_T G_S
ARCHWAY	G_A G_R G_C G_H G_W G_A G_Y
ARCTIC	G_A G_R G_C G_T G_I G_C
ARCTURUS	G_A G_R G_C G_T G_U G_R G_U G_S
ARDENT	G_A G_R G_D G_E G_N G_T
ARDOR	G_A G_R G_D G_O G_R
ARDOUR	G_A G_R G_D G_O G_U G_R
ARDUOUS	G_A G_R G_D G_U G_O G_U G_S
ARE	G_A G_R G_E
AREN'T	G_A G_R G_E G_N G_T
ARENA	G_A G_R G_E G_N G_A
ARGUMENTS	G_A G_R G_G G_U G_M G_E G_N G_T G_S
ARIANS	G_A G_R G_I G_A G_N G_S
ARIGHT	G_A G_R G_I G_G G_H G_T
ARISES	G_A G_R G_I G_S G_E G_S
ARISTOCRACIES	G_A G_R G_I G_S G_T G_O G_C G_R G_A G_C G_I G_E G_S
ARISTOCRACY	G_A G_R G_I G_S G_T G_O G_C G_R G_A G_C G_Y
ARISTOCRATIC	G_A G_R G_I G_S G_T G_O G_C G_R G_A G_T G_I G_C
ARISTOCRATS	G_A G_R G_I G_S G_T G_O G_C G_R G_A G_T G_S
ARKANSAS	G_A G_R G_K G_A G_N G_S G_A G_S
ARM	G_A G_R G_M
ARMED	G_A G_R G_M G_E G_D
ARMIES	G_A G_R G_M G_I G_E G_S
ARMINE	G_A G_R G_M G_I G_N G_E
ARMING	G_A G_R G_M G_I G_N G_G
ARMS	G_A G_R G_M G_S
ARMY	G_A G_R G_M G_Y
AROMA	G_A G_R G_O G_M G_A
AROMATIC	G_A G_R G_O G_M G_A G_T G_I G_C
AROSE	G_A G_R G_O G_S G_E
AROUND	G_A G_R G_O G_U G_N G_D
AROUSE	G_A G_R G_O G_U G_S G_E
AROUSED	G_A G_R G_O G_U G_S G_E G_D
AROUSES	G_A G_R G_O G_U G_S G_E G_S
ARRANGE	G_A G_R G_R G_A G_N G_G G_E
ARRANGED	G_A G_R G_R G_A G_N G_G G_E G_D
ARRANGEMENT	G_A G_R G_R G_A G_N G_G G_E G_M G_E G_N G_T
ARRANGEMENTS	G_A G_R G_R G_A G_N G_G G_E G_M G_E G_N G_T G_S
ARRANGING	G_A G_R G_R G_A G_N G_G G_I G_N G_G
ARRAYED	G_A G_R G_R G_A G_Y G_E G_D
ARRIVAL	G_A G_R G_R G_I G_V G_A G_L
ARRIVE	G_A G_R G_R G_I G_V G_E
ARRIVED	G_A G_R G_R G_I G_V G_E G_D
ARRIVING	G_A G_R G_R G_I G_V G_I G_N G_G
ART	G_A G_R G_T
ARTHUR	G_A G_R G_T G_H G_U G_R
ARTICLE	G_A G_R G_T G_I G_C G_L G_E
ARTICLES	G_A G_R G_T G_I G_C G_L G_E G_S
ARTIFICIAL	G_A G_R G_T G_I G_F G_I G_C G_I G_A G_L
ARTIST	G_A G_R G_T G_I G_S G_T
ARTISTS	G_A G_R G_T G_I G_S G_T G_S
ARTS	G_A G_R G_T G_S
AS	G_A G_S
ASCENDANCY	G_A G_S G_C G_E G_N G_D G_A G_N G_C G_Y
ASCENDED	G_A G_S G_C G_E G_N G_D G_E G_D
ASCENT	G_A G_S G_C G_E G_N G_T
ASHES	G_A G_S G_H G_E G_S
ASIA	G_A G_S G_I G_A
ASIDE	G_A G_S G_I G_D G_E
ASK	G_A G_S G_K
ASKED	G_A G_S G_K G_E G_D
ASKING	G_A G_S G_K G_I G_N G_G
ASLANT	G_A G_S G_L G_A G_N G_T
ASLEEP	G_A G_S G_L G_E G_E G_P
ASPARAGUS	G_A G_S G_P G_A G_R G_A G_G G_U G_S
ASPECT	G_A G_S G_P G_E G_C G_T
ASPERITY	G_A G_S G_P G_E G_R G_I G_T G_Y
ASPIRE	G_A G_S G_P G_I G_R G_E
ASPLENIUM	G_A G_S G_P G_L G_E G_N G_I G_U G_M
ASS	G_A G_S G_S
ASSASSIN	G_A G_S G_S G_A G_S G_S G_I G_N
ASSAULT	G_A G_S G_S G_A G_U G_L G_T
ASSAULTED	G_A G_S G_S G_A G_U G_L G_T G_E G_D
ASSEMBLY	G_A G_S G_S G_E G_M G_B G_L G_Y
ASSENT	G_A G_S G_S G_E G_N G_T
ASSERTED	G_A G_S G_S G_E G_R G_T G_E G_D
ASSESSED	G_A G_S G_S G_E G_S G_S G_E G_D
ASSIDUOUS	G_A G_S G_S G_I G_D G_U G_O G_U G_S
ASSIGN	G_A G_S G_S G_I G_G G_N
ASSIGNED	G_A G_S G_S G_I G_G G_N G_E G_D
ASSINIBOINE	G_A G_S G_S G_I G_N G_I G_B G_O G_I G_N G_E
ASSIST	G_A G_S G_S G_I G_S G_T
ASSISTANT	G_A G_S G_S G_I G_S G_T G_A G_N G_T
ASSOCIATION	G_A G_S G_S G_O G_C G_I G_A G_T G_I G_O G_N
ASSUME	G_A G_S G_S G_U G_M G_E
ASSUMED	G_A G_S G_S G_U G_M G_E G_D
ASSUMES	G_A G_S G_S G_U G_M G_E G_S
ASSURANCE	G_A G_S G_S G_U G_R G_A G_N G_C G_E
ASSURE	G_A G_S G_S G_U G_R G_E
ASSURED	G_A G_S G_S G_U G_R G_E G_D
ASTHMA	G_A G_S G_T G_H G_M G_A
ASTIR	G_A G_S G_T G_I G_R
ASTONISH	G_A G_S G_T G_O G_N G_I G_S G_H
ASTONISHED	G_A G_S G_T G_O G_N G_I G_S G_H G_E G_D
ASTONISHMENT	G_A G_S G_T G_O G_N G_I G_S G_H G_M G_E G_N G_T
ASTOUNDED	G_A G_S G_T G_O G_U G_N G_D G_E G_D
ASTOUNDING	G_A G_S G_T G_O G_U G_N G_D G_I G_N G_G
ASTRIDE	G_A G_S G_T G_R G_I G_D G_E
ASURA	G_A G_S G_U G_R G_A
AT	G_A G_T
ATE	G_A G_T G_E
ATHANASIUS	G_A G_T G_H G_A G_N G_A G_S G_I G_U G_S
ATHLETE	G_A G_T G_H G_L G_E G_T G_E
ATLANTA	G_A G_T G_L G_A G_N G_T G_A
ATTACHED	G_A G_T G_T G_A G_C G_H G_E G_D
ATTACHES	G_A G_T G_T G_A G_C G_H G_E G_S
ATTACHING	G_A G_T G_T G_A G_C G_H G_I G_N G_G
ATTACHMENT	G_A G_T G_T G_A G_C G_H G_M G_E G_N G_T
ATTACK	G_A G_T G_T G_A G_C G_K
ATTACKS	G_A G_T G_T G_A G_C G_K G_S
ATTAIN	G_A G_T G_T G_A G_I G_N
ATTAINED	G_A G_T G_T G_A G_I G_N G_E G_D
ATTAINING	G_A G_T G_T G_A G_I G_N G_I G_N G_G
ATTAINMENT	G_A G_T G_T G_A G_I G_N G_M G_E G_N G_T
ATTEMPT	G_A G_T G_T G_E G_M G_P G_T
ATTEMPTED	G_A G_T G_T G_E G_M G_P G_T G_E G_D
ATTEMPTS	G_A G_T G_T G_E G_M G_P G_T G_S
ATTENDANCE	G_A G_T G_T G_E G_N G_D G_A G_N G_C G_E
ATTENDED	G_A G_T G_T G_E G_N G_D G_E G_D
ATTENDING	G_A G_T G_T G_E G_N G_D G_I G_N G_G
ATTENTION	G_A G_T G_T G_E G_N G_T G_I G_O G_N
ATTENTIONS	G_A G_T G_T G_E G_N G_T G_I G_O G_N G_S
ATTENTIVE	G_A G_T G_T G_E G_N G_T G_I G_V G_E
ATTESTED	G_A G_T G_T G_E G_S G_T G_E G_D
ATTITUDE	G_A G_T G_T G_I G_T G_U G_D G_E
ATTRACTED	G_A G_T G_T G_R G_A G_C G_T G_E G_D
ATTRACTIVE	G_A G_T G_T G_R G_A G_C G_T G_I G_V G_E
ATTRIBUTE	G_A G_T G_T G_R G_I G_B G_U G_T G_E
AUCTION	G_A G_U G_C G_T G_I G_O G_N
AUDIBLE	G_A G_U G_D G_I G_B G_L G_E
AUDIENCE	G_A G_U G_D G_I G_E G_N G_C G_E
AUGMENTED	G_A G_U G_G G_M G_E G_N G_T G_E G_D
AUGUST	G_A G_U G_G G_U G_S G_T
AUGUSTUS	G_A G_U G_G G_U G_S G_T G_U G_S
AUNT	G_A G_U G_N G_T
AUNT'S	G_A G_U G_N G_T G_S
AUSPICIOUS	G_A G_U G_S G_P G_I G_C G_I G_O G_U G_S
AUSPICIOUSLY	G_A G_U G_S G_P G_I G_C G_I G_O G_U G_S G_L G_Y
AUSTRALIA	G_A G_U G_S G_T G_R G_A G_L G_I G_A
AUSTRIAN	G_A G_U G_S G_T G_R G_I G_A G_N
AUTHOR	G_A G_U G_T G_H G_O G_R
AUTHOR'S	G_A G_U G_T G_H G_O G_R G_S
AUTHORITY	G_A G_U G_T G_H G_O G_R G_I G_T G_Y
AUTO	G_A G_U G_T G_O
AUTOBIOGRAPHY	G_A G_U G_T G_O G_B G_I G_O G_G G_R G_A G_P G_H G_Y
AUTOMATON	G_A G_U G_T G_O G_M G_A G_T G_O G_N
AUTUMN	G_A G_U G_T G_U G_M G_N
AUXILIARIES	G_A G_U G_X G_I G_L G_I G_A G_R G_I G_E G_S
AVAIL	G_A G_V G_A G_I G_L
AVAILABLE	G_A G_V G_A G_I G_L G_A G_B G_L G_E
AVAILED	G_A G_V G_A G_I G_L G_E G_D
AVARICE	G_A G_V G_A G_R G_I G_C G_E
AVENUE	G_A G_V G_E G_N G_U G_E
AVERSION	G_A G_V G_E G_R G_S G_I G_O G_N
AVOIDED	G_A G_V G_O G_I G_D G_E G_D
AWAIT	G_A G_W G_A G_I G_T
AWAITED	G_A G_W G_A G_I G_T G_E G_D
AWAKE	G_A G_W G_A G_K G_E
AWAKEN	G_A G_W G_A G_K G_E G_N
AWAKENED	G_A G_W G_A G_K G_E G_N G_E G_D
AWARE	G_A G_W G_A G_R G_E
AWAY	G_A G_W G_A G_Y
AWE	G_A G_W G_E
AWFUL	G_A G_W G_F G_U G_L
AWFULLY	G_A G_W G_F G_U G_L G_L G_Y
AWHILE	G_A G_W G_H G_I G_L G_E
AWKWARDNESS	G_A G_W G_K G_W G_A G_R G_D G_N G_E G_S G_S
AWLS	G_A G_W G_L G_S
AY	G_A G_Y
B	G_B
BABIES	G_B G_A G_B G_I G_E G_S
BABY	G_B G_A G_B G_Y
BABY'S	G_B G_A G_B G_Y G_S
BACK	G_B G_A G_C G_K
BACKED	G_B G_A G_C G_K G_E G_D
BACKGROUND	G_B G_A G_C G_K G_G G_R G_O G_U G_N G_D
BACKS	G_B G_A G_C G_K G_S
BACKWARDS	G_B G_A G_C G_K G_W G_A G_R G_D G_S
BAD	G_B G_A G_D
BADE	G_B G_A G_D G_E
BADGER	G_B G_A G_D G_G G_E G_R
BADGERS	G_B G_A G_D G_G G_E G_R G_S
BAFFLING	G_B G_A G_F G_F G_L G_I G_N G_G
BAG	G_B G_A G_G
BAGGAGE	G_B G_A G_G G_G G_A G_G G_E
BAGS	G_B G_A G_G G_S
BAIT	G_B G_A G_I G_T
BAKE	G_B G_A G_K G_E
BALAKLAVA	G_B G_A G_L G_A G_K G_L G_A G_V G_A
BALANCE	G_B G_A G_L G_A G_N G_C G_E
BALES	G_B G_A G_L G_E G_S
BALL	G_B G_A G_L G_L
BALLS	G_B G_A G_L G_L G_S
BALUSTRADE	G_B G_A G_L G_U G_S G_T G_R G_A G_D G_E
BALVASTRO	G_B G_A G_L G_V G_A G_S G_T G_R G_O
BAMBEDAY	G_B G_A G_M G_B G_E G_D G_A G_Y
BAN	G_B G_A G_N
BAND	G_B G_A G_N G_D
BANDAGE	G_B G_A G_N G_D G_A G_G G_E
BANJO	G_B G_A G_N G_J G_O
BANK	G_B G_A G_N G_K
BANKED	G_B G_A G_N G_K G_E G_D
BANKING	G_B G_A G_N G_K G_I G_N G_G
BANKRUPTS	G_B G_A G_N G_K G_R G_U G_P G_T G_S
BANKS	G_B G_A G_N G_K G_S
BANNER	G_B G_A G_N G_N G_E G_R
BAR	G_B G_A G_R
BARCELONA	G_B G_A G_R G_C G_E G_L G_O G_N G_A
BARDS	G_B G_A G_R G_D G_S
BARE	G_B G_A G_R G_E
BARN	G_B G_A G_R G_N
BARON	G_B G_A G_R G_O G_N
BARRACKS	G_B G_A G_R G_R G_A G_C G_K G_S
BARREL	G_B G_A G_R G_R G_E G_L
BARREN	G_B G_A G_R G_R G_E G_N
BARS	G_B G_A G_R G_S
BARTLEY	G_B G_A G_R G_T G_L G_E G_Y
BASE	G_B G_A G_S G_E
BASEMENT	G_B G_A G_S G_E G_M G_E G_N G_T
BASIL	G_B G_A G_S G_I G_L
BASIN	G_B G_A G_S G_I G_N
BASIS	G_B G_A G_S G_I G_S
BASKETS	G_B G_A G_S G_K G_E G_T G_S
BASTING	G_B G_A G_S G_T G_I G_N G_G
BATES	G_B G_A G_T G_E G_S
BATH	G_B G_A G_T G_H
BATTERY	G_B G_A G_T G_T G_E G_R G_Y
BATTLE	G_B G_A G_T G_T G_L G_E
BATTLEFIELD	G_B G_A G_T G_T G_L G_E G_F G_I G_E G_L G_D
BATTLEFIELDS	G_B G_A G_T G_T G_L G_E G_F G_I G_E G_L G_D G_S
BATTLEMENTED	G_B G_A G_T G_T G_L G_E G_M G_E G_N G_T G_E G_D
BAULKED	G_B G_A G_U G_L G_K G_E G_D
BAY	G_B G_A G_Y
BAYONETED	G_B G_A G_Y G_O G_N G_E G_T G_E G_D
BE	G_B G_E
BEACH	G_B G_E G_A G_C G_H
BEAM	G_B G_E G_A G_M
BEAMED	G_B G_E G_A G_M G_E G_D
BEAN	G_B G_E G_A G_N
BEANS	G_B G_E G_A G_N G_S
BEAR	G_B G_E G_A G_R
BEARER	G_B G_E G_A G_R G_E G_R
BEARING	G_B G_E G_A G_R G_I G_N G_G
BEAST	G_B G_E G_A G_S G_T
BEASTS	G_B G_E G_A G_S G_T G_S
BEAT	G_B G_E G_A G_T
BEATEN	G_B G_E G_A G_T G_E G_N
BEATING	G_B G_E G_A G_T G_I G_N G_G
BEATITUDE	G_B G_E G_A G_T G_I G_T G_U G_D G_E
BEATRICE	G_B G_E G_A G_T G_R G_I G_C G_E
BEAUREGARD	G_B G_E G_A G_U G_R G_E G_G G_A G_R G_D
BEAUTIES	G_B G_E G_A G_U G_T G_I G_E G_S
BEAUTIFUL	G_B G_E G_A G_U G_T G_I G_F G_U G_L
BEAUTY	G_B G_E G_A G_U G_T G_Y
BEAVERS	G_B G_E G_A G_V G_E G_R G_S
BECAME	G_B G_E G_C G_A G_M G_E
BECAUSE	G_B G_E G_C G_A G_U G_S G_E
BECKONED	G_B G_E G_C G_K G_O G_N G_E G_D
BECOME	G_B G_E G_C G_O G_M G_E
BECOMES	G_B G_E G_C G_O G_M G_E G_S
BECOMING	G_B G_E G_C G_O G_M G_I G_N G_G
BED	G_B G_E G_D
BEDCHAMBER	G_B G_E G_D G_C G_H G_A G_M G_B G_E G_R
BEDFORD	G_B G_E G_D G_F G_O G_R G_D
BEDROOM	G_B G_E G_D G_R G_O G_O G_M
BEDS	G_B G_E G_D G_S
BEE	G_B G_E G_E
BEEF	G_B G_E G_E G_F
BEEN	G_B G_E G_E G_N
BEENIE	G_B G_E G_E G_N G_I G_E
BEER	G_B G_E G_E G_R
BEES	G_B G_E G_E G_S
BEFALL	G_B G_E G_F G_A G_L G_L
BEFORE	G_B G_E G_F G_O G_R G_E
BEG	G_B G_E G_G
BEGAN	G_B G_E G_G G_A G_N
BEGGAR	G_B G_E G_G G_G G_A G_R
BEGGARS	G_B G_E G_G G_G G_A G_R G_S
BEGGED	G_B G_E G_G G_G G_E G_D
BEGGING	G_B G_E G_G G_G G_I G_N G_G
BEGIN	G_B G_E G_G G_I G_N
BEGINNING	G_B G_E G_G G_I G_N G_N G_I G_N G_G
BEGINS	G_B G_E G_G G_I G_N G_S
BEGRUDGED	G_B G_E G_G G_R G_U G_D G_G G_E G_D
BEGUN	G_B G_E G_G G_U G_N
BEHALF	G_B G_E G_H G_A G_L G_F
BEHAVE	G_B G_E G_H G_A G_V G_E
BEHAVED	G_B G_E G_H G_A G_V G_E G_D
BEHAVIOUR	G_B G_E G_H G_A G_V G_I G_O G_U G_R
BEHELD	G_B G_E G_H G_E G_L G_D
BEHIND	G_B G_E G_H G_I G_N G_D
BEHOLD	G_B G_E G_H G_O G_L G_D
BEHOLDS	G_B G_E G_H G_O G_L G_D G_S
BEING	G_B G_E G_I G_N G_G
BEINGS	G_B G_E G_I G_N G_G G_S
BEL	G_B G_E G_L
BELIEF	G_B G_E G_L G_I G_E G_F
BELIEFS	G_B G_E G_L G_I G_E G_F G_S
BELIEVE	G_B G_E G_L G_I G_E G_V G_E
BELIEVED	G_B G_E G_L G_I G_E G_V G_E G_D
BELIEVES	G_B G_E G_L G_I G_E G_V G_E G_S
BELIEVING	G_B G_E G_L G_I G_E G_V G_I G_N G_G
BELISARIUS	G_B G_E G_L G_I G_S G_A G_R G_I G_U G_S
BELL	G_B G_E G_L G_L
BELLI	G_B G_E G_L G_L G_I
BELLS	G_B G_E G_L G_L G_S
BELONG	G_B G_E G_L G_O G_N G_G
BELONGED	G_B G_E G_L G_O G_N G_G G_E G_D
BELONGING	G_B G_E G_L G_O G_N G_G G_I G_N G_G
BELOVED	G_B G_E G_L G_O G_V G_E G_D
BELOW	G_B G_E G_L G_O G_W
BELT	G_B G_E G_L G_T
BENCH	G_B G_E G_N G_C G_H
BENCHES	G_B G_E G_N G_C G_H G_E G_S
BEND	G_B G_E G_N G_D
BENDING	G_B G_E G_N G_D G_I G_N G_G
BENEATH	G_B G_E G_N G_E G_A G_T G_H
BENIGN	G_B G_E G_N G_I G_G G_N
BENNET	G_B G_E G_N G_N G_E G_T
BENNYDECK	G_B G_E G_N G_N G_Y G_D G_E G_C G_K
BENNYDECK'S	G_B G_E G_N G_N G_Y G_D G_E G_C G_K G_S
BENT	G_B G_E G_N G_T
BENUMBED	G_B G_E G_N G_U G_M G_B G_E G_D
BEREAVED	G_B G_E G_R G_E G_A G_V G_E G_D
BERGEZ	G_B G_E G_R G_G G_E G_Z
BESEECH	G_B G_E G_S G_E G_E G_C G_H
BESEECHING	G_B G_E G_S G_E G_E G_C G_H G_I G_N G_G
BESIDE	G_B G_E G_S G_I G_D G_E
BESIDES	G_B G_E G_S G_I G_D G_E G_S
BEST	G_B G_E G_S G_T
BESTIA	G_B G_E G_S G_T G_I G_A
BETRAY	G_B G_E G_T G_R G_A G_Y
BETRAYS	G_B G_E G_T G_R G_A G_Y G_S
BETSY	G_B G_E G_T G_S G_Y
BETTER	G_B G_E G_T G_T G_E G_R
BETWEEN	G_B G_E G_T G_W G_E G_E G_N
BETWIXT	G_B G_E G_T G_W G_I G_X G_T
BEWILDERED	G_B G_E G_W G_I G_L G_D G_E G_R G_E G_D
BEWILDERMENT	G_B G_E G_W G_I G_L G_D G_E G_R G_M G_E G_N G_T
BEWITCHED	G_B G_E G_W G_I G_T G_C G_H G_E G_D
BEWITCHINGLY	G_B G_E G_W G_I G_T G_C G_H G_I G_N G_G G_L G_Y
BEYOND	G_B G_E G_Y G_O G_N G_D
BHUNDA	G_B G_H G_U G_N G_D G_A
BICKERING	G_B G_I G_C G_K G_E G_R G_I G_N G_G
BIDDING	G_B G_I G_D G_D G_I G_N G_G
BIG	G_B G_I G_G
BIGGER	G_B G_I G_G G_G G_E G_R
BIGGEST	G_B G_I G_G G_G G_E G_S G_T
BILL	G_B G_I G_L G_L
BILLOWING	G_B G_I G_L G_L G_O G_W G_I G_N G_G
BIND	G_B G_I G_N G_D
BINDING	G_B G_I G_N G_D G_I G_N G_G
BINDS	G_B G_I G_N G_D G_S
BIOLOGY	G_B G_I G_O G_L G_O G_G G_Y
BIPEDS	G_B G_I G_P G_E G_D G_S
BIRD	G_B G_I G_R G_D
BIRDIKINS	G_B G_I G_R G_D G_I G_K G_I G_N G_S
BIRDLIKE	G_B G_I G_R G_D G_L G_I G_K G_E
BIRDS	G_B G_I G_R G_D G_S
BIRKET	G_B G_I G_R G_K G_E G_T
BIRTH	G_B G_I G_R G_T G_H
BIRTHDAY	G_B G_I G_R G_T G_H G_D G_A G_Y
BISCUIT	G_B G_I G_S G_C G_U G_I G_T
BISHOP	G_B G_I G_S G_H G_O G_P
BISHOPS	G_B G_I G_S G_H G_O G_P G_S
BIT	G_B G_I G_T
BITE	G_B G_I G_T G_E
BITES	G_B G_I G_T G_E G_S
BITS	G_B G_I G_T G_S
BITTEN	G_B G_I G_T G_T G_E G_N
BITTER	G_B G_I G_T G_T G_E G_R
BITTERLY	G_B G_I G_T G_T G_E G_R G_L G_Y
BITTERNESS	G_B G_I G_T G_T G_E G_R G_N G_E G_S G_S
BIVOUAC	G_B G_I G_V G_O G_U G_A G_C
BLACK	G_B G_L G_A G_C G_K
BLACKEN	G_B G_L G_A G_C G_K G_E G_N
BLACKENS	G_B G_L G_A G_C G_K G_E G_N G_S
BLACKNESS	G_B G_L G_A G_C G_K G_N G_E G_S G_S
BLACKS	G_B G_L G_A G_C G_K G_S
BLADE	G_B G_L G_A G_D G_E
BLAME	G_B G_L G_A G_M G_E
BLANCHED	G_B G_L G_A G_N G_C G_H G_E G_D
BLANCO'S	G_B G_L G_A G_N G_C G_O G_S
BLANK	G_B G_L G_A G_N G_K
BLANKET	G_B G_L G_A G_N G_K G_E G_T
BLANKETS	G_B G_L G_A G_N G_K G_E G_T G_S
BLASPHEMOUS	G_B G_L G_A G_S G_P G_H G_E G_M G_O G_U G_S
BLAZE	G_B G_L G_A G_Z G_E
BLAZED	G_B G_L G_A G_Z G_E G_D
BLAZING	G_B G_L G_A G_Z G_I G_N G_G
BLEAKEST	G_B G_L G_E G_A G_K G_E G_S G_T
BLEATING	G_B G_L G_E G_A G_T G_I G_N G_G
BLED	G_B G_L G_E G_D
BLEEDING	G_B G_L G_E G_E G_D G_I G_N G_G
BLEMMYES	G_B G_L G_E G_M G_M G_Y G_E G_S
BLENDED	G_B G_L G_E G_N G_D G_E G_D
BLENDING	G_B G_L G_E G_N G_D G_I G_N G_G
BLESS	G_B G_L G_E G_S G_S
BLESSED	G_B G_L G_E G_S G_S G_E G_D
BLESSINGS	G_B G_L G_E G_S G_S G_I G_N G_G G_S
BLEW	G_B G_L G_E G_W
BLIGHT	G_B G_L G_I G_G G_H G_T
BLIND	G_B G_L G_I G_N G_D
BLISS	G_B G_L G_I G_S G_S
BLISSFUL	G_B G_L G_I G_S G_S G_F G_U G_L
BLOCK	G_B G_L G_O G_C G_K
BLOOD	G_B G_L G_O G_O G_D
BLOODSHOT	G_B G_L G_O G_O G_D G_S G_H G_O G_T
BLOODY	G_B G_L G_O G_O G_D G_Y
BLOOMING	G_B G_L G_O G_O G_M G_I G_N G_G
BLOSSOM	G_B G_L G_O G_S G_S G_O G_M
BLOSSOMED	G_B G_L G_O G_S G_S G_O G_M G_E G_D
BLOSSOMS	G_B G_L G_O G_S G_S G_O G_M G_S
BLOW	G_B G_L G_O G_W
BLOWING	G_B G_L G_O G_W G_I G_N G_G
BLOWN	G_B G_L G_O G_W G_N
BLUE	G_B G_L G_U G_E
BLUEBELLS	G_B G_L G_U G_E G_B G_E G_L G_L G_S
BLUESKINS	G_B G_L G_U G_E G_S G_K G_I G_N G_S
BLUNDERBUSS	G_B G_L G_U G_N G_D G_E G_R G_B G_U G_S G_S
BLUSH	G_B G_L G_U G_S G_H
BLUSHED	G_B G_L G_U G_S G_H G_E G_D
BLUSHES	G_B G_L G_U G_S G_H G_E G_S
BOARD	G_B G_O G_A G_R G_D
BOARDS	G_B G_O G_A G_R G_D G_S
BOAST	G_B G_O G_A G_S G_T
BOAT	G_B G_O G_A G_T
BOATMEN	G_B G_O G_A G_T G_M G_E G_N
BOATS	G_B G_O G_A G_T G_S
BODIES	G_B G_O G_D G_I G_E G_S
BODY	G_B G_O G_D G_Y
BOG	G_B G_O G_G
BOHEMIAN	G_B G_O G_H G_E G_M G_I G_A G_N
BOIL	G_B G_O G_I G_L
BOILED	G_B G_O G_I G_L G_E G_D
BOILING	G_B G_O G_I G_L G_I G_N G_G
BOISTEROUS	G_B G_O G_I G_S G_T G_E G_R G_O G_U G_S
BOISTEROUSLY	G_B G_O G_I G_S G_T G_E G_R G_O G_U G_S G_L G_Y
BOLDNESS	G_B G_O G_L G_D G_N G_E G_S G_S
BOLT	G_B G_O G_L G_T
BOND	G_B G_O G_N G_D
BONE	G_B G_O G_N G_E
BONES	G_B G_O G_N G_E G_S
BONUS	G_B G_O G_N G_U G_S
BONY	G_B G_O G_N G_Y
BOOK	G_B G_O G_O G_K
BOOKS	G_B G_O G_O G_K G_S
BOOLOOROO	G_B G_O G_O G_L G_O G_O G_R G_O G_O
BOOTH	G_B G_O G_O G_T G_H
BOOTS	G_B G_O G_O G_T G_S
BORDEAUX	G_B G_O G_R G_D G_E G_A G_U G_X
BORDER	G_B G_O G_R G_D G_E G_R
BORDERS	G_B G_O G_R G_D G_E G_R G_S
BORE	G_B G_O G_R G_E
BORN	G_B G_O G_R G_N
BORNE	G_B G_O G_R G_N G_E
BORROW	G_B G_O G_R G_R G_O G_W
BORROWED	G_B G_O G_R G_R G_O G_W G_E G_D
BORROWING	G_B G_O G_R G_R G_O G_W G_I G_N G_G
BOSOM	G_B G_O G_S G_O G_M
BOSS	G_B G_O G_S G_S
BOTH	G_B G_O G_T G_H
BOTTLE	G_B G_O G_T G_T G_L G_E
BOTTLES	G_B G_O G_T G_T G_L G_E G_S
BOTTOM	G_B G_O G_T G_T G_O G_M
BOUDOIR	G_B G_O G_U G_D G_O G_I G_R
BOUGH	G_B G_O G_U G_G G_H
BOUGHS	G_B G_O G_U G_G G_H G_S
BOUGHT	G_B G_O G_U G_G G_H G_T
BOULDERS	G_B G_O G_U G_L G_D G_E G_R G_S
BOUND	G_B G_O G_U G_N G_D
BOUNDLESS	G_B G_O G_U G_N G_D G_L G_E G_S G_S
BOUNTIES	G_B G_O G_U G_N G_T G_I G_E G_S
BOUNTY	G_B G_O G_U G_N G_T G_Y
BOUQUET	G_B G_O G_U G_Q G_U G_E G_T
BOW	G_B G_O G_W
BOWED	G_B G_O G_W G_E G_D
BOWL	G_B G_O G_W G_L
BOWS	G_B G_O G_W G_S
BOX	G_B G_O G_X
BOXES	G_B G_O G_X G_E G_S
BOY	G_B G_O G_Y
BOY'S	G_B G_O G_Y G_S
BOYHOOD	G_B G_O G_Y G_H G_O G_O G_D
BOYS	G_B G_O G_Y G_S
BOZZLE	G_B G_O G_Z G_Z G_L G_E
BOZZLE'S	G_B G_O G_Z G_Z G_L G_E G_S
BRAIN	G_B G_R G_A G_I G_N
BRAINED	G_B G_R G_A G_I G_N G_E G_D
BRAINS	G_B G_R G_A G_I G_N G_S
BRANCHES	G_B G_R G_A G_N G_C G_H G_E G_S
BRAND	G_B G_R G_A G_N G_D
BRANDD	G_B G_R G_A G_N G_D G_D
BRANDISHING	G_B G_R G_A G_N G_D G_I G_S G_H G_I G_N G_G
BRANDY	G_B G_R G_A G_N G_D G_Y
BRAU	G_B G_R G_A G_U
BRAVADO	G_B G_R G_A G_V G_A G_D G_O
BRAVE	G_B G_R G_A G_V G_E
BRAVED	G_B G_R G_A G_V G_E G_D
BRAVELY	G_B G_R G_A G_V G_E G_L G_Y
BRAVER	G_B G_R G_A G_V G_E G_R
BRAVERY	G_B G_R G_A G_V G_E G_R G_Y
BRAZEN	G_B G_R G_A G_Z G_E G_N
BREAD	G_B G_R G_E G_A G_D
BREADHOUSE	G_B G_R G_E G_A G_D G_H G_O G_U G_S G_E
BREAK	G_B G_R G_E G_A G_K
BREAKFAST	G_B G_R G_E G_A G_K G_F G_A G_S G_T
BREAKFASTS	G_B G_R G_E G_A G_K G_F G_A G_S G_T G_S
BREAKING	G_B G_R G_E G_A G_K G_I G_N G_G
BREAKUP	G_B G_R G_E G_A G_K G_U G_P
BREAST	G_B G_R G_E G_A G_S G_T
BREASTWORKS	G_B G_R G_E G_A G_S G_T G_W G_O G_R G_K G_S
BREATH	G_B G_R G_E G_A G_T G_H
BREATHE	G_B G_R G_E G_A G_T G_H G_E
BREATHED	G_B G_R G_E G_A G_T G_H G_E G_D
BREATHING	G_B G_R G_E G_A G_T G_H G_I G_N G_G
BRED	G_B G_R G_E G_D
BREED	G_B G_R G_E G_E G_D
BREEDING	G_B G_R G_E G_E G_D G_I G_N G_G
BREMER	G_B G_R G_E G_M G_E G_R
BRETHREN	G_B G_R G_E G_T G_H G_R G_E G_N
BREWER'S	G_B G_R G_E G_W G_E G_R G_S
BRIBED	G_B G_R G_I G_B G_E G_D
BRIDE	G_B G_R G_I G_D G_E
BRIDES	G_B G_R G_I G_D G_E G_S
BRIDGE	G_B G_R G_I G_D G_G G_E
BRIEF	G_B G_R G_I G_E G_F
BRIG	G_B G_R G_I G_G
BRIGADE	G_B G_R G_I G_G G_A G_D G_E
BRIGHT	G_B G_R G_I G_G G_H G_T
BRIGHT'S	G_B G_R G_I G_G G_H G_T G_S
BRILLIANT	G_B G_R G_I G_L G_L G_I G_A G_N G_T
BRILLIANTLY	G_B G_R G_I G_L G_L G_I G_A G_N G_T G_L G_Y
BRINE	G_B G_R G_I G_N G_E
BRING	G_B G_R G_I G_N G_G
BRINGING	G_B G_R G_I G_N G_G G_I G_N G_G
BRINGS	G_B G_R G_I G_N G_G G_S
BRINK	G_B G_R G_I G_N G_K
BRION	G_B G_R G_I G_O G_N
BRION'S	G_B G_R G_I G_O G_N G_S
BRISTLES	G_B G_R G_I G_S G_T G_L G_E G_S
BRITISH	G_B G_R G_I G_T G_I G_S G_H
BROAD	G_B G_R G_O G_A G_D
BROKE	G_B G_R G_O G_K G_E
BROKEN	G_B G_R G_O G_K G_E G_N
BROOD	G_B G_R G_O G_O G_D
BROODED	G_B G_R G_O G_O G_D G_E G_D
BROODING	G_B G_R G_O G_O G_D G_I G_N G_G
BROTH	G_B G_R G_O G_T G_H
BROTHER	G_B G_R G_O G_T G_H G_E G_R
BROTHER'S	G_B G_R G_O G_T G_H G_E G_R G_S
BROTHERHOOD	G_B G_R G_O G_T G_H G_E G_R G_H G_O G_O G_D
BROTHERS	G_B G_R G_O G_T G_H G_E G_R G_S
BROUGHT	G_B G_R G_O G_U G_G G_H G_T
BROW	G_B G_R G_O G_W
BROWN	G_B G_R G_O G_W G_N
BROWN'S	G_B G_R G_O G_W G_N G_S
BRUSH	G_B G_R G_U G_S G_H
BRUSHED	G_B G_R G_U G_S G_H G_E G_D
BRUSQUELY	G_B G_R G_U G_S G_Q G_U G_E G_L G_Y
BRUTE	G_B G_R G_U G_T G_E
BUBBLES	G_B G_U G_B G_B G_L G_E G_S
BUCKINGHAMSHIRE	G_B G_U G_C G_K G_I G_N G_G G_H G_A G_M G_S G_H G_I G_R G_E
BUCKLES	G_B G_U G_C G_K G_L G_E G_S
BUD	G_B G_U G_D
BUFFALO	G_B G_U G_F G_F G_A G_L G_O
BUGBEARS	G_B G_U G_G G_B G_E G_A G_R G_S
BUGS	G_B G_U G_G G_S
BUI	G_B G_U G_I
BUILD	G_B G_U G_I G_L G_D
BUILDING	G_B G_U G_I G_L G_D G_I G_N G_G
BUILDINGS	G_B G_U G_I G_L G_D G_I G_N G_G G_S
BUILT	G_B G_U G_I G_L G_T
BUN	G_B G_U G_N
BUNCH	G_B G_U G_N G_C G_H
BUNDLED	G_B G_U G_N G_D G_L G_E G_D
BUNS	G_B G_U G_N G_S
BUR	G_B G_U G_R
BURDEN	G_B G_U G_R G_D G_E G_N
BUREN	G_B G_U G_R G_E G_N
BURGESS	G_B G_U G_R G_G G_E G_S G_S
BURGOYNES	G_B G_U G_R G_G G_O G_Y G_N G_E G_S
BURGUNDIES	G_B G_U G_R G_G G_U G_N G_D G_I G_E G_S
BURGUNDY	G_B G_U G_R G_G G_U G_N G_D G_Y
BURIED	G_B G_U G_R G_I G_E G_D
BURN	G_B G_U G_R G_N
BURNED	G_B G_U G_R G_N G_E G_D
BURNING	G_B G_U G_R G_N G_I G_N G_G
BURNT	G_B G_U G_R G_N G_T
BURROS	G_B G_U G_R G_R G_O G_S
BURROW	G_B G_U G_R G_R G_O G_W
BURST	G_B G_U G_R G_S G_T
BURSTS	G_B G_U G_R G_S G_T G_S
BUSH	G_B G_U G_S G_H
BUSH'	G_B G_U G_S G_H
BUSHED	G_B G_U G_S G_H G_E G_D
BUSHES	G_B G_U G_S G_H G_E G_S
BUSINESS	G_B G_U G_S G_I G_N G_E G_S G_S
BUSTLE	G_B G_U G_S G_T G_L G_E
BUSY	G_B G_U G_S G_Y
BUT	G_B G_U G_T
BUTLER	G_B G_U G_T G_L G_E G_R
BUTTE	G_B G_U G_T G_T G_E
BUTTER	G_B G_U G_T G_T G_E G_R
BUTTERED	G_B G_U G_T G_T G_E G_R G_E G_D
BUTTERFLY	G_B G_U G_T G_T G_E G_R G_F G_L G_Y
BUTTERMILK	G_B G_U G_T G_T G_E G_R G_M G_I G_L G_K
BUTTON	G_B G_U G_T G_T G_O G_N
BUTTONED	G_B G_U G_T G_T G_O G_N G_E G_D
BUTTONY	G_B G_U G_T G_T G_O G_N G_Y
BUZZER	G_B G_U G_Z G_Z G_E G_R
BUZZER'S	G_B G_U G_Z G_Z G_E G_R G_S
BY	G_B G_Y
BYE	G_B G_Y G_E
BYSTANDERS	G_B G_Y G_S G_T G_A G_N G_D G_E G_R G_S
CABARET	G_C G_A G_B G_A G_R G_E G_T
CABBAGE	G_C G_A G_B G_B G_A G_G G_E
CABIN	G_C G_A G_B G_I G_N
CADENCE	G_C G_A G_D G_E G_N G_C G_E
CADENCES	G_C G_A G_D G_E G_N G_C G_E G_S
CAGE	G_C G_A G_G G_E
CAISSON	G_C G_A G_I G_S G_S G_O G_N
CAKE	G_C G_A G_K G_E
CAKES	G_C G_A G_K G_E G_S
CALAMITY	G_C G_A G_L G_A G_M G_I G_T G_Y
CALCULATED	G_C G_A G_L G_C G_U G_L G_A G_T G_E G_D
CALCULUS	G_C G_A G_L G_C G_U G_L G_U G_S
CALENDAR	G_C G_A G_L G_E G_N G_D G_A G_R
CALICO	G_C G_A G_L G_I G_C G_O
CALL	G_C G_A G_L G_L
CALLED	G_C G_A G_L G_L G_E G_D
CALLIMACHUS	G_C G_A G_L G_L G_I G_M G_A G_C G_H G_U G_S
CALLING	G_C G_A G_L G_L G_I G_N G_G
CALLS	G_C G_A G_L G_L G_S
CALM	G_C G_A G_L G_M
CALMING	G_C G_A G_L G_M G_I G_N G_G
CAME	G_C G_A G_M G_E
CAMEL	G_C G_A G_M G_E G_L
CAMERAS	G_C G_A G_M G_E G_R G_A G_S
CAMP	G_C G_A G_M G_P
CAMPAIGN	G_C G_A G_M G_P G_A G_I G_G G_N
CAN	G_C G_A G_N
CAN'T	G_C G_A G_N G_T
CANADA	G_C G_A G_N G_A G_D G_A
CANCER	G_C G_A G_N G_C G_E G_R
CANDID	G_C G_A G_N G_D G_I G_D
CANDIDATE	G_C G_A G_N G_D G_I G_D G_A G_T G_E
CANDIED	G_C G_A G_N G_D G_I G_E G_D
CANDLE	G_C G_A G_N G_D G_L G_E
CANDLES	G_C G_A G_N G_D G_L G_E G_S
CANDLESTICKS	G_C G_A G_N G_D G_L G_E G_S G_T G_I G_C G_K G_S
CANISTER	G_C G_A G_N G_I G_S G_T G_E G_R
CANISTERS	G_C G_A G_N G_I G_S G_T G_E G_R G_S
CANNIBALISTIC	G_C G_A G_N G_N G_I G_B G_A G_L G_I G_S G_T G_I G_C
CANNON	G_C G_A G_N G_N G_O G_N
CANNOT	G_C G_A G_N G_N G_O G_T
CANST	G_C G_A G_N G_S G_T
CANTERBURY	G_C G_A G_N G_T G_E G_R G_B G_U G_R G_Y
CANVAS	G_C G_A G_N G_V G_A G_S
CANYON	G_C G_A G_N G_Y G_O G_N
CANYOU	G_C G_A G_N G_Y G_O G_U
CAP	G_C G_A G_P
CAP'N	G_C G_A G_P G_N
CAPABLE	G_C G_A G_P G_A G_B G_L G_E
CAPACITY	G_C G_A G_P G_A G_C G_I G_T G_Y
CAPE	G_C G_A G_P G_E
CAPITAL	G_C G_A G_P G_I G_T G_A G_L
CAPITOL	G_C G_A G_P G_I G_T G_O G_L
CAPTAIN	G_C G_A G_P G_T G_A G_I G_N
CAPTAIN'S	G_C G_A G_P G_T G_A G_I G_N G_S
CAPTAINS	G_C G_A G_P G_T G_A G_I G_N G_S
CAPTIOUS	G_C G_A G_P G_T G_I G_O G_U G_S
CAPTIVE	G_C G_A G_P G_T G_I G_V G_E
CAPTIVE'S	G_C G_A G_P G_T G_I G_V G_E G_S
CAPTIVES	G_C G_A G_P G_T G_I G_V G_E G_S
CAPTORS	G_C G_A G_P G_T G_O G_R G_S
CAPTURE	G_C G_A G_P G_T G_U G_R G_E
CAPTURED	G_C G_A G_P G_T G_U G_R G_E G_D
CAR	G_C G_A G_R
CARAVAN	G_C G_A G_R G_A G_V G_A G_N
CARAWAY	G_C G_A G_R G_A G_W G_A G_Y
CARBINES	G_C G_A G_R G_B G_I G_N G_E G_S
CARD	G_C G_A G_R G_D
CARDS	G_C G_A G_R G_D G_S
CARE	G_C G_A G_R G_E
CAREER	G_C G_A G_R G_E G_E G_R
CAREFUL	G_C G_A G_R G_E G_F G_U G_L
CAREFULLY	G_C G_A G_R G_E G_F G_U G_L G_L G_Y
CARELESS	G_C G_A G_R G_E G_L G_E G_S G_S
CARES	G_C G_A G_R G_E G_S
CARGO	G_C G_A G_R G_G G_O
CARING	G_C G_A G_R G_I G_N G_G
CARKER	G_C G_A G_R G_K G_E G_R
CARNATION	G_C G_A G_R G_N G_A G_T G_I G_O G_N
CARNIVOROUS	G_C G_A G_R G_N G_I G_V G_O G_R G_O G_U G_S
CAROLINA	G_C G_A G_R G_O G_L G_I G_N G_A
CARPET	G_C G_A G_R G_P G_E G_T
CARPETS	G_C G_A G_R G_P G_E G_T G_S
CARRIAGE	G_C G_A G_R G_R G_I G_A G_G G_E
CARRIE	G_C G_A G_R G_R G_I G_E
CARRIED	G_C G_A G_R G_R G_I G_E G_D
CARRIES	G_C G_A G_R G_R G_I G_E G_S
CARROT	G_C G_A G_R G_R G_O G_T
CARROTS	G_C G_A G_R G_R G_O G_T G_S
CARRY	G_C G_A G_R G_R G_Y
CARRYING	G_C G_A G_R G_R G_Y G_I G_N G_G
CARS	G_C G_A G_R G_S
CART	G_C G_A G_R G_T
CASCADED	G_C G_A G_S G_C G_A G_D G_E G_D
CASE	G_C G_A G_S G_E
CASES	G_C G_A G_S G_E G_S
CASH	G_C G_A G_S G_H
CASKETS	G_C G_A G_S G_K G_E G_T G_S
CASSEROLE	G_C G_A G_S G_S G_E G_R G_O G_L G_E
CAST	G_C G_A G_S G_T
CASTANET	G_C G_A G_S G_T G_A G_N G_E G_T
CASTE	G_C G_A G_S G_T G_E
CASTLE	G_C G_A G_S G_T G_L G_E
CASTLES	G_C G_A G_S G_T G_L G_E G_S
CASTS	G_C G_A G_S G_T G_S
CASUS	G_C G_A G_S G_U G_S
CAT	G_C G_A G_T
CATALAN	G_C G_A G_T G_A G_L G_A G_N
CATAPULT	G_C G_A G_T G_A G_P G_U G_L G_T
CATCH	G_C G_A G_T G_C G_H
CATCHES	G_C G_A G_T G_C G_H G_E G_S
CATCHING	G_C G_A G_T G_C G_H G_I G_N G_G
CATHEDRAL	G_C G_A G_T G_H G_E G_D G_R G_A G_L
CATHERINE	G_C G_A G_T G_H G_E G_R G_I G_N G_E
CATHERINE'S	G_C G_A G_T G_H G_E G_R G_I G_N G_E G_S
CATHOLIC	G_C G_A G_T G_H G_O G_L G_I G_C
CATS	G_C G_A G_T G_S
CATTLE	G_C G_A G_T G_T G_L G_E
CAUCASUS	G_C G_A G_U G_C G_A G_S G_U G_S
CAUGHT	G_C G_A G_U G_G G_H G_T
CAULIFLOWER	G_C G_A G_U G_L G_I G_F G_L G_O G_W G_E G_R
CAUSE	G_C G_A G_U G_S G_E
CAUSED	G_C G_A G_U G_S G_E G_D
CAUSING	G_C G_A G_U G_S G_I G_N G_G
CAUTIOUS	G_C G_A G_U G_T G_I G_O G_U G_S
CAUTIOUSLY	G_C G_A G_U G_T G_I G_O G_U G_S G_L G_Y
CAVALRY	G_C G_A G_V G_A G_L G_R G_Y
CAVE	G_C G_A G_V G_E
CAVERN	G_C G_A G_V G_E G_R G_N
CAVERNOUS	G_C G_A G_V G_E G_R G_N G_O G_U G_S
CAVES	G_C G_A G_V G_E G_S
CAYENNE	G_C G_A G_Y G_E G_N G_N G_E
CEASE	G_C G_E G_A G_S G_E
CEASED	G_C G_E G_A G_S G_E G_D
CEASELESSLY	G_C G_E G_A G_S G_E G_L G_E G_S G_S G_L G_Y
CEDARS	G_C G_E G_D G_A G_R G_S
CEILING	G_C G_E G_I G_L G_I G_N G_G
CELERY	G_C G_E G_L G_E G_R G_Y
CELESTIAL	G_C G_E G_L G_E G_S G_T G_I G_A G_L
CELESTINE	G_C G_E G_L G_E G_S G_T G_I G_N G_E
CELL	G_C G_E G_L G_L
CELLAR	G_C G_E G_L G_L G_A G_R
CELLS	G_C G_E G_L G_L G_S
CEMETERY	G_C G_E G_M G_E G_T G_E G_R G_Y
CENSURE	G_C G_E G_N G_S G_U G_R G_E
CENTAUR	G_C G_E G_N G_T G_A G_U G_R
CENTER	G_C G_E G_N G_T G_E G_R
CENTRE	G_C G_E G_N G_T G_R G_E
CENTRED	G_C G_E G_N G_T G_R G_E G_D
CENTURIES	G_C G_E G_N G_T G_U G_R G_I G_E G_S
CENTURY	G_C G_E G_N G_T G_U G_R G_Y
CEREMONIES	G_C G_E G_R G_E G_M G_O G_N G_I G_E G_S
CEREMONY	G_C G_E G_R G_E G_M G_O G_N G_Y
CERINTHUS	G_C G_E G_R G_I G_N G_T G_H G_U G_S
CERTAIN	G_C G_E G_R G_T G_A G_I G_N
CERTAINLY	G_C G_E G_R G_T G_A G_I G_N G_L G_Y
CETERA	G_C G_E G_T G_E G_R G_A
CHABA	G_C G_H G_A G_B G_A
CHABLIS	G_C G_H G_A G_B G_L G_I G_S
CHAIN	G_C G_H G_A G_I G_N
CHAINS	G_C G_H G_A G_I G_N G_S
CHAIR	G_C G_H G_A G_I G_R
CHAIRS	G_C G_H G_A G_I G_R G_S
CHALLONER	G_C G_H G_A G_L G_L G_O G_N G_E G_R
CHALMERS	G_C G_H G_A G_L G_M G_E G_R G_S
CHAMBER	G_C G_H G_A G_M G_B G_E G_R
CHAMBERS	G_C G_H G_A G_M G_B G_E G_R G_S
CHANCE	G_C G_H G_A G_N G_C G_E
CHANCED	G_C G_H G_A G_N G_C G_E G_D
CHAND	G_C G_H G_A G_N G_D
CHANDLER	G_C G_H G_A G_N G_D G_L G_E G_R
CHANGE	G_C G_H G_A G_N G_G G_E
CHANGED	G_C G_H G_A G_N G_G G_E G_D
CHANGES	G_C G_H G_A G_N G_G G_E G_S
CHANGING	G_C G_H G_A G_N G_G G_I G_N G_G
CHANNEL	G_C G_H G_A G_N G_N G_E G_L
CHANTICLEER	G_C G_H G_A G_N G_T G_I G_C G_L G_E G_E G_R
CHAOS	G_C G_H G_A G_O G_S
CHAPARRAL	G_C G_H G_A G_P G_A G_R G_R G_A G_L
CHAPEL	G_C G_H G_A G_P G_E G_L
CHAPELS	G_C G_H G_A G_P G_E G_L G_S
CHAPLAIN	G_C G_H G_A G_P G_L G_A G_I G_N
CHAPMAN	G_C G_H G_A G_P G_M G_A G_N
CHAPTER	G_C G_H G_A G_P G_T G_E G_R
CHAPTERS	G_C G_H G_A G_P G_T G_E G_R G_S
CHARACTER	G_C G_H G_A G_R G_A G_C G_T G_E G_R
CHARACTERISTIC	G_C G_H G_A G_R G_A G_C G_T G_E G_R G_I G_S G_T G_I G_C
CHARACTERS	G_C G_H G_A G_R G_A G_C G_T G_E G_R G_S
CHARCOAL	G_C G_H G_A G_R G_C G_O G_A G_L
CHARGE	G_C G_H G_A G_R G_G G_E
CHARGES	G_C G_H G_A G_R G_G G_E G_S
CHARIOT	G_C G_H G_A G_R G_I G_O G_T
CHARITABLE	G_C G_H G_A G_R G_I G_T G_A G_B G_L G_E
CHARITY	G_C G_H G_A G_R G_I G_T G_Y
CHARLES	G_C G_H G_A G_R G_L G_E G_S
CHARLESTON	G_C G_H G_A G_R G_L G_E G_S G_T G_O G_N
CHARLIE'S	G_C G_H G_A G_R G_L G_I G_E G_S
CHARM	G_C G_H G_A G_R G_M
CHARMED	G_C G_H G_A G_R G_M G_E G_D
CHARMING	G_C G_H G_A G_R G_M G_I G_N G_G
CHARMS	G_C G_H G_A G_R G_M G_S
CHARWOMAN	G_C G_H G_A G_R G_W G_O G_M G_A G_N
CHASED	G_C G_H G_A G_S G_E G_D
CHASES	G_C G_H G_A G_S G_E G_S
CHAT	G_C G_H G_A G_T
CHATTAHOOCHEE	G_C G_H G_A G_T G_T G_A G_H G_O G_O G_C G_H G_E G_E
CHATTERING	G_C G_H G_A G_T G_T G_E G_R G_I G_N G_G
CHEAP	G_C G_H G_E G_A G_P
CHEAPER	G_C G_H G_E G_A G_P G_E G_R
CHEATHAM	G_C G_H G_E G_A G_T G_H G_A G_M
CHECK	G_C G_H G_E G_C G_K
CHECKED	G_C G_H G_E G_C G_K G_E G_D
CHEEK	G_C G_H G_E G_E G_K
CHEEKS	G_C G_H G_E G_E G_K G_S
CHEERFUL	G_C G_H G_E G_E G_R G_F G_U G_L
CHEERILY	G_C G_H G_E G_E G_R G_I G_L G_Y
CHEESE	G_C G_H G_E G_E G_S G_E
CHEF	G_C G_H G_E G_F
CHEFS	G_C G_H G_E G_F G_S
CHEMISTRY	G_C G_H G_E G_M G_I G_S G_T G_R G_Y
CHERISHED	G_C G_H G_E G_R G_I G_S G_H G_E G_D
CHEROOT	G_C G_H G_E G_R G_O G_O G_T
CHEST	G_C G_H G_E G_S G_T
CHESTER	G_C G_H G_E G_S G_T G_E G_R
CHESTNUT	G_C G_H G_E G_S G_T G_N G_U G_T
CHESTNUTS	G_C G_H G_E G_S G_T G_N G_U G_T G_S
CHEW	G_C G_H G_E G_W
CHEWED	G_C G_H G_E G_W G_E G_D
CHICAGO	G_C G_H G_I G_C G_A G_G G_O
CHICKEN	G_C G_H G_I G_C G_K G_E G_N
CHICO	G_C G_H G_I G_C G_O
CHIEF	G_C G_H G_I G_E G_F
CHIEFLY	G_C G_H G_I G_E G_F G_L G_Y
CHIEFS	G_C G_H G_I G_E G_F G_S
CHIEFTAIN	G_C G_H G_I G_E G_F G_T G_A G_I G_N
CHILD	G_C G_H G_I G_L G_D
CHILD'S	G_C G_H G_I G_L G_D G_S
CHILDHOOD	G_C G_H G_I G_L G_D G_H G_O G_O G_D
CHILDREN	G_C G_H G_I G_L G_D G_R G_E G_N
CHILL	G_C G_H G_I G_L G_L
CHILLED	G_C G_H G_I G_L G_L G_E G_D
CHINK	G_C G_H G_I G_N G_K
CHIRPED	G_C G_H G_I G_R G_P G_E G_D
CHISELLED	G_C G_H G_I G_S G_E G_L G_L G_E G_D
CHOICEST	G_C G_H G_O G_I G_C G_E G_S G_T
CHOIR	G_C G_H G_O G_I G_R
CHOKE	G_C G_H G_O G_K G_E
CHOOSE	G_C G_H G_O G_O G_S G_E
CHOP	G_C G_H G_O G_P
CHOPPED	G_C G_H G_O G_P G_P G_E G_D
CHORUS	G_C G_H G_O G_R G_U G_S
CHOSE	G_C G_H G_O G_S G_E
CHOSEN	G_C G_H G_O G_S G_E G_N
CHOWDER	G_C G_H G_O G_W G_D G_E G_R
CHRIST	G_C G_H G_R G_I G_S G_T
CHRISTCHURCH	G_C G_H G_R G_I G_S G_T G_C G_H G_U G_R G_C G_H
CHRISTENING	G_C G_H G_R G_I G_S G_T G_E G_N G_I G_N G_G
CHRISTI	G_C G_H G_R G_I G_S G_T G_I
CHRISTIAN	G_C G_H G_R G_I G_S G_T G_I G_A G_N
CHRISTIANITY	G_C G_H G_R G_I G_S G_T G_I G_A G_N G_I G_T G_Y
CHRISTIANS	G_C G_H G_R G_I G_S G_T G_I G_A G_N G_S
CHRISTIE	G_C G_H G_R G_I G_S G_T G_I G_E
CHRISTMAS	G_C G_H G_R G_I G_S G_T G_M G_A G_S
CHRISTMASES	G_C G_H G_R G_I G_S G_T G_M G_A G_S G_E G_S
CHRISTOPHER	G_C G_H G_R G_I G_S G_T G_O G_P G_H G_E G_R
CHRONICLES	G_C G_H G_R G_O G_N G_I G_C G_L G_E G_S
CHRYSOSTOM	G_C G_H G_R G_Y G_S G_O G_S G_T G_O G_M
CHUCK	G_C G_H G_U G_C G_K
CHUNKY	G_C G_H G_U G_N G_K G_Y
CHUNKY'S	G_C G_H G_U G_N G_K G_Y G_S
CHURCH	G_C G_H G_U G_R G_C G_H
CHURCH'S	G_C G_H G_U G_R G_C G_H G_S
CHURCHES	G_C G_H G_U G_R G_C G_H G_E G_S
CHURCHMEN	G_C G_H G_U G_R G_C G_H G_M G_E G_N
CHURCHWARDENS	G_C G_H G_U G_R G_C G_H G_W G_A G_R G_D G_E G_N G_S
CICERO	G_C G_I G_C G_E G_R G_O
CIGAR	G_C G_I G_G G_A G_R
CIRCLE	G_C G_I G_R G_C G_L G_E
CIRCLES	G_C G_I G_R G_C G_L G_E G_S
CIRCLING	G_C G_I G_R G_C G_L G_I G_N G_G
CIRCUIT	G_C G_I G_R G_C G_U G_I G_T
CIRCUMSPECTION	G_C G_I G_R G_C G_U G_M G_S G_P G_E G_C G_T G_I G_O G_N
CIRCUMSTANCE	G_C G_I G_R G_C G_U G_M G_S G_T G_A G_N G_C G_E
CIRCUMSTANCES	G_C G_I G_R G_C G_U G_M G_S G_T G_A G_N G_C G_E G_S
CITIES	G_C G_I G_T G_I G_E G_S
CITIZEN	G_C G_I G_T G_I G_Z G_E G_N
CITRIC	G_C G_I G_T G_R G_I G_C
CITRON	G_C G_I G_T G_R G_O G_N
CITY	G_C G_I G_T G_Y
CIVIL	G_C G_I G_V G_I G_L
CIVILIAN	G_C G_I G_V G_I G_L G_I G_A G_N
CIVILITY	G_C G_I G_V G_I G_L G_I G_T G_Y
CIVILIZATION	G_C G_I G_V G_I G_L G_I G_Z G_A G_T G_I G_O G_N
CLAD	G_C G_L G_A G_D
CLAIM	G_C G_L G_A G_I G_M
CLAIMED	G_C G_L G_A G_I G_M G_E G_D
CLAIMS	G_C G_L G_A G_I G_M G_S
CLAMOUR	G_C G_L G_A G_M G_O G_U G_R
CLAMS	G_C G_L G_A G_M G_S
CLAN	G_C G_L G_A G_N
CLARET	G_C G_L G_A G_R G_E G_T
CLARETS	G_C G_L G_A G_R G_E G_T G_S
CLARKE	G_C G_L G_A G_R G_K G_E
CLASPED	G_C G_L G_A G_S G_P G_E G_D
CLASS	G_C G_L G_A G_S G_S
CLASSED	G_C G_L G_A G_S G_S G_E G_D
CLASSES	G_C G_L G_A G_S G_S G_E G_S
CLATTER	G_C G_L G_A G_T G_T G_E G_R
CLAUDIA	G_C G_L G_A G_U G_D G_I G_A
CLAUS	G_C G_L G_A G_U G_S
CLAWS	G_C G_L G_A G_W G_S
CLAY	G_C G_L G_A G_Y
CLAYPOLE	G_C G_L G_A G_Y G_P G_O G_L G_E
CLEAN	G_C G_L G_E G_A G_N
CLEAR	G_C G_L G_E G_A G_R
CLEARING	G_C G_L G_E G_A G_R G_I G_N G_G
CLEARLY	G_C G_L G_E G_A G_R G_L G_Y
CLERGY	G_C G_L G_E G_R G_G G_Y
CLERGYMEN	G_C G_L G_E G_R G_G G_Y G_M G_E G_N
CLERICAL	G_C G_L G_E G_R G_I G_C G_A G_L
CLERK	G_C G_L G_E G_R G_K
CLERKS	G_C G_L G_E G_R G_K G_S
CLEVER	G_C G_L G_E G_V G_E G_R
CLEVEREST	G_C G_L G_E G_V G_E G_R G_E G_S G_T
CLEWS	G_C G_L G_E G_W G_S
CLIFF	G_C G_L G_I G_F G_F
CLIFFS	G_C G_L G_I G_F G_F G_S
CLIMATE	G_C G_L G_I G_M G_A G_T G_E
CLIMAX	G_C G_L G_I G_M G_A G_X
CLIMB	G_C G_L G_I G_M G_B
CLIMBERS	G_C G_L G_I G_M G_B G_E G_R G_S
CLIMBING	G_C G_L G_I G_M G_B G_I G_N G_G
CLINGING	G_C G_L G_I G_N G_G G_I G_N G_G
CLOCK	G_C G_L G_O G_C G_K
CLOCKS	G_C G_L G_O G_C G_K G_S
CLOSE	G_C G_L G_O G_S G_E
CLOSED	G_C G_L G_O G_S G_E G_D
CLOSELY	G_C G_L G_O G_S G_E G_L G_Y
CLOSER	G_C G_L G_O G_S G_E G_R
CLOTH	G_C G_L G_O G_T G_H
CLOTHED	G_C G_L G_O G_T G_H G_E G_D
CLOTHES	G_C G_L G_O G_T G_H G_E G_S
CLOTHING	G_C G_L G_O G_T G_H G_I G_N G_G
CLOUD	G_C G_L G_O G_U G_D
CLOUDLIKE	G_C G_L G_O G_U G_D G_L G_I G_K G_E
CLOUDS	G_C G_L G_O G_U G_D G_S
CLOVES	G_C G_L G_O G_V G_E G_S
CLUB	G_C G_L G_U G_B
CLUBS	G_C G_L G_U G_B G_S
CLUMP	G_C G_L G_U G_M G_P
CLUNG	G_C G_L G_U G_N G_G
CLUSTER	G_C G_L G_U G_S G_T G_E G_R
CLUTCH	G_C G_L G_U G_T G_C G_H
COACH	G_C G_O G_A G_C G_H
COAL	G_C G_O G_A G_L
COALS	G_C G_O G_A G_L G_S
COARSE	G_C G_O G_A G_R G_S G_E
COAST	G_C G_O G_A G_S G_T
COAT	G_C G_O G_A G_T
COATING	G_C G_O G_A G_T G_I G_N G_G
COATS	G_C G_O G_A G_T G_S
COAXED	G_C G_O G_A G_X G_E G_D
COCKTAILS	G_C G_O G_C G_K G_T G_A G_I G_L G_S
CODFISH	G_C G_O G_D G_F G_I G_S G_H
COFFEE	G_C G_O G_F G_F G_E G_E
COFFIN	G_C G_O G_F G_F G_I G_N
COFFINS	G_C G_O G_F G_F G_I G_N G_S
COIL	G_C G_O G_I G_L
COLD	G_C G_O G_L G_D
COLLANDER	G_C G_O G_L G_L G_A G_N G_D G_E G_R
COLLAPSE	G_C G_O G_L G_L G_A G_P G_S G_E
COLLAR	G_C G_O G_L G_L G_A G_R
COLLARS	G_C G_O G_L G_L G_A G_R G_S
COLLECT	G_C G_O G_L G_L G_E G_C G_T
COLLECTION	G_C G_O G_L G_L G_E G_C G_T G_I G_O G_N
COLLECTORS	G_C G_O G_L G_L G_E G_C G_T G_O G_R G_S
COLLIER	G_C G_O G_L G_L G_I G_E G_R
COLLINS	G_C G_O G_L G_L G_I G_N G_S
COLLOQUIAL	G_C G_O G_L G_L G_O G_Q G_U G_I G_A G_L
COLONEL	G_C G_O G_L G_O G_N G_E G_L
COLONY	G_C G_O G_L G_O G_N G_Y
COLOR	G_C G_O G_L G_O G_R
COLORED	G_C G_O G_L G_O G_R G_E G_D
COLORS	G_C G_O G_L G_O G_R G_S
COLOSSUS	G_C G_O G_L G_O G_S G_S G_U G_S
COLOUR	G_C G_O G_L G_O G_U G_R
COLOURED	G_C G_O G_L G_O G_U G_R G_E G_D
COLOURS	G_C G_O G_L G_O G_U G_R G_S
COLUMBIA	G_C G_O G_L G_U G_M G_B G_I G_A
COLUMNS	G_C G_O G_L G_U G_M G_N G_S
COMBINED	G_C G_O G_M G_B G_I G_N G_E G_D
COME	G_C G_O G_M G_E
COMEDIAN	G_C G_O G_M G_E G_D G_I G_A G_N
COMELINESS	G_C G_O G_M G_E G_L G_I G_N G_E G_S G_S
COMELY	G_C G_O G_M G_E G_L G_Y
COMERS	G_C G_O G_M G_E G_R G_S
COMES	G_C G_O G_M G_E G_S
COMETH	G_C G_O G_M G_E G_T G_H
COMFORT	G_C G_O G_M G_F G_O G_R G_T
COMFORTABLE	G_C G_O G_M G_F G_O G_R G_T G_A G_B G_L G_E
COMFORTABLY	G_C G_O G_M G_F G_O G_R G_T G_A G_B G_L G_Y
COMFORTINGLY	G_C G_O G_M G_F G_O G_R G_T G_I G_N G_G G_L G_Y
COMING	G_C G_O G_M G_I G_N G_G
COMMAND	G_C G_O G_M G_M G_A G_N G_D
COMMANDANT	G_C G_O G_M G_M G_A G_N G_D G_A G_N G_T
COMMANDANT'S	G_C G_O G_M G_M G_A G_N G_D G_A G_N G_T G_S
COMMANDED	G_C G_O G_M G_M G_A G_N G_D G_E G_D
COMMANDER	G_C G_O G_M G_M G_A G_N G_D G_E G_R
COMMANDMENT	G_C G_O G_M G_M G_A G_N G_D G_M G_E G_N G_T
COMMANDS	G_C G_O G_M G_M G_A G_N G_D G_S
COMMENCEMENT	G_C G_O G_M G_M G_E G_N G_C G_E G_M G_E G_N G_T
COMMENTARIES	G_C G_O G_M G_M G_E G_N G_T G_A G_R G_I G_E G_S
COMMENTING	G_C G_O G_M G_M G_E G_N G_T G_I G_N G_G
COMMERCIAL	G_C G_O G_M G_M G_E G_R G_C G_I G_A G_L
COMMISSIONED	G_C G_O G_M G_M G_I G_S G_S G_I G_O G_N G_E G_D
COMMIT	G_C G_O G_M G_M G_I G_T
COMMITTED	G_C G_O G_M G_M G_I G_T G_T G_E G_D
COMMON	G_C G_O G_M G_M G_O G_N
COMMONWEALTH	G_C G_O G_M G_M G_O G_N G_W G_E G_A G_L G_T G_H
COMMOTIONS	G_C G_O G_M G_M G_O G_T G_I G_O G_N G_S
COMMUNICATED	G_C G_O G_M G_M G_U G_N G_I G_C G_A G_T G_E G_D
COMMUNICATING	G_C G_O G_M G_M G_U G_N G_I G_C G_A G_T G_I G_N G_G
COMMUNICATION	G_C G_O G_M G_M G_U G_N G_I G_C G_A G_T G_I G_O G_N
COMMUNION	G_C G_O G_M G_M G_U G_N G_I G_O G_N
COMMUNITIES	G_C G_O G_M G_M G_U G_N G_I G_T G_I G_E G_S
COMMUNITY	G_C G_O G_M G_M G_U G_N G_I G_T G_Y
COMPANION	G_C G_O G_M G_P G_A G_N G_I G_O G_N
COMPANIONS	G_C G_O G_M G_P G_A G_N G_I G_O G_N G_S
COMPANY	G_C G_O G_M G_P G_A G_N G_Y
COMPARATIVE	G_C G_O G_M G_P G_A G_R G_A G_T G_I G_V G_E
COMPARED	G_C G_O G_M G_P G_A G_R G_E G_D
COMPARISON	G_C G_O G_M G_P G_A G_R G_I G_S G_O G_N
COMPARTMENTS	G_C G_O G_M G_P G_A G_R G_T G_M G_E G_N G_T G_S
COMPASS	G_C G_O G_M G_P G_A G_S G_S
COMPASSIONATE	G_C G_O G_M G_P G_A G_S G_S G_I G_O G_N G_A G_T G_E
COMPEL	G_C G_O G_M G_P G_E G_L
COMPELLED	G_C G_O G_M G_P G_E G_L G_L G_E G_D
COMPLACENTLY	G_C G_O G_M G_P G_L G_A G_C G_E G_N G_T G_L G_Y
COMPLAIN	G_C G_O G_M G_P G_L G_A G_I G_N
COMPLAINED	G_C G_O G_M G_P G_L G_A G_I G_N G_E G_D
COMPLAINING	G_C G_O G_M G_P G_L G_A G_I G_N G_I G_N G_G
COMPLAINTS	G_C G_O G_M G_P G_L G_A G_I G_N G_T G_S
COMPLETE	G_C G_O G_M G_P G_L G_E G_T G_E
COMPLETED	G_C G_O G_M G_P G_L G_E G_T G_E G_D
COMPLETELY	G_C G_O G_M G_P G_L G_E G_T G_E G_L G_Y
COMPLETENESS	G_C G_O G_M G_P G_L G_E G_T G_E G_N G_E G_S G_S
COMPLEX	G_C G_O G_M G_P G_L G_E G_X
COMPLEXION	G_C G_O G_M G_P G_L G_E G_X G_I G_O G_N
COMPLICATIONS	G_C G_O G_M G_P G_L G_I G_C G_A G_T G_I G_O G_N G_S
COMPLIED	G_C G_O G_M G_P G_L G_I G_E G_D
COMPOSED	G_C G_O G_M G_P G_O G_S G_E G_D
COMPOUND	G_C G_O G_M G_P G_O G_U G_N G_D
COMPREHENDED	G_C G_O G_M G_P G_R G_E G_H G_E G_N G_D G_E G_D
COMPROMISE	G_C G_O G_M G_P G_R G_O G_M G_I G_S G_E
COMPROMISED	G_C G_O G_M G_P G_R G_O G_M G_I G_S G_E G_D
COMRADE	G_C G_O G_M G_R G_A G_D G_E
COMRADES	G_C G_O G_M G_R G_A G_D G_E G_S
CONCEAL	G_C G_O G_N G_C G_E G_A G_L
CONCEALED	G_C G_O G_N G_C G_E G_A G_L G_E G_D
CONCEIT	G_C G_O G_N G_C G_E G_I G_T
CONCEIVED	G_C G_O G_N G_C G_E G_I G_V G_E G_D
CONCENTRATING	G_C G_O G_N G_C G_E G_N G_T G_R G_A G_T G_I G_N G_G
CONCENTRATION	G_C G_O G_N G_C G_E G_N G_T G_R G_A G_T G_I G_O G_N
CONCERN	G_C G_O G_N G_C G_E G_R G_N
CONCERNED	G_C G_O G_N G_C G_E G_R G_N G_E G_D
CONCERNING	G_C G_O G_N G_C G_E G_R G_N G_I G_N G_G
CONCERT	G_C G_O G_N G_C G_E G_R G_T
CONCESSIONS	G_C G_O G_N G_C G_E G_S G_S G_I G_O G_N G_S
CONCLUDE	G_C G_O G_N G_C G_L G_U G_D G_E
CONCLUDED	G_C G_O G_N G_C G_L G_U G_D G_E G_D
CONDEMN	G_C G_O G_N G_D G_E G_M G_N
CONDEMNATION	G_C G_O G_N G_D G_E G_M G_N G_A G_T G_I G_O G_N
CONDEMNS	G_C G_O G_N G_D G_E G_M G_N G_S
CONDITION	G_C G_O G_N G_D G_I G_T G_I G_O G_N
CONDITIONS	G_C G_O G_N G_D G_I G_T G_I G_O G_N G_S
CONDUCT	G_C G_O G_N G_D G_U G_C G_T
CONDUCTED	G_C G_O G_N G_D G_U G_C G_T G_E G_D
CONDUCTOR	G_C G_O G_N G_D G_U G_C G_T G_O G_R
CONFEDERACY	G_C G_O G_N G_F G_E G_D G_E G_R G_A G_C G_Y
CONFEDERATE	G_C G_O G_N G_F G_E G_D G_E G_R G_A G_T G_E
CONFESS	G_C G_O G_N G_F G_E G_S G_S
CONFESSED	G_C G_O G_N G_F G_E G_S G_S G_E G_D
CONFESSION	G_C G_O G_N G_F G_E G_S G_S G_I G_O G_N
CONFESSOR	G_C G_O G_N G_F G_E G_S G_S G_O G_R
CONFIDANT	G_C G_O G_N G_F G_I G_D G_A G_N G_T
CONFIDENCE	G_C G_O G_N G_F G_I G_D G_E G_N G_C G_E
CONFIDING	G_C G_O G_N G_F G_I G_D G_I G_N G_G
CONFINED	G_C G_O G_N G_F G_I G_N G_E G_D
CONFIRMATION	G_C G_O G_N G_F G_I G_R G_M G_A G_T G_I G_O G_N
CONFISCATED	G_C G_O G_N G_F G_I G_S G_C G_A G_T G_E G_D
CONFLICTS	G_C G_O G_N G_F G_L G_I G_C G_T G_S
CONFLUENCE	G_C G_O G_N G_F G_L G_U G_E G_N G_C G_E
CONFORM	G_C G_O G_N G_F G_O G_R G_M
CONFORMABLY	G_C G_O G_N G_F G_O G_R G_M G_A G_B G_L G_Y
CONFOUNDED	G_C G_O G_N G_F G_O G_U G_N G_D G_E G_D
CONFUSED	G_C G_O G_N G_F G_U G_S G_E G_D
CONFUSION	G_C G_O G_N G_F G_U G_S G_I G_O G_N
CONGAL	G_C G_O G_N G_G G_A G_L
CONGAL'S	G_C G_O G_N G_G G_A G_L G_S
CONGREGATION	G_C G_O G_N G_G G_R G_E G_G G_A G_T G_I G_O G_N
CONJECTURE	G_C G_O G_N G_J G_E G_C G_T G_U G_R G_E
CONJURED	G_C G_O G_N G_J G_U G_R G_E G_D
CONJURERS	G_C G_O G_N G_J G_U G_R G_E G_R G_S
CONJURES	G_C G_O G_N G_J G_U G_R G_E G_S
CONNECTED	G_C G_O G_N G_N G_E G_C G_T G_E G_D
CONNECTION	G_C G_O G_N G_N G_E G_C G_T G_I G_O G_N
CONNECTIONS	G_C G_O G_N G_N G_E G_C G_T G_I G_O G_N G_S
CONNELL	G_C G_O G_N G_N G_E G_L G_L
CONNELL'S	G_C G_O G_N G_N G_E G_L G_L G_S
CONNOISSEUR	G_C G_O G_N G_N G_O G_I G_S G_S G_E G_U G_R
CONQUERING	G_C G_O G_N G_Q G_U G_E G_R G_I G_N G_G
CONQUERORS	G_C G_O G_N G_Q G_U G_E G_R G_O G_R G_S
CONSCIENCE	G_C G_O G_N G_S G_C G_I G_E G_N G_C G_E
CONSCIOUS	G_C G_O G_N G_S G_C G_I G_O G_U G_S
CONSCIOUSLY	G_C G_O G_N G_S G_C G_I G_O G_U G_S G_L G_Y
CONSCIOUSNESS	G_C G_O G_N G_S G_C G_I G_O G_U G_S G_N G_E G_S G_S
CONSENTED	G_C G_O G_N G_S G_E G_N G_T G_E G_D
CONSEQUENCE	G_C G_O G_N G_S G_E G_Q G_U G_E G_N G_C G_E
CONSEQUENCES	G_C G_O G_N G_S G_E G_Q G_U G_E G_N G_C G_E G_S
CONSEQUENTLY	G_C G_O G_N G_S G_E G_Q G_U G_E G_N G_T G_L G_Y
CONSIDER	G_C G_O G_N G_S G_I G_D G_E G_R
CONSIDERABLE	G_C G_O G_N G_S G_I G_D G_E G_R G_A G_B G_L G_E
CONSIDERATION	G_C G_O G_N G_S G_I G_D G_E G_R G_A G_T G_I G_O G_N
CONSIDERATIONS	G_C G_O G_N G_S G_I G_D G_E G_R G_A G_T G_I G_O G_N G_S
CONSIDERED	G_C G_O G_N G_S G_I G_D G_E G_R G_E G_D
CONSIST	G_C G_O G_N G_S G_I G_S G_T
CONSISTED	G_C G_O G_N G_S G_I G_S G_T G_E G_D
CONSISTENCY	G_C G_O G_N G_S G_I G_S G_T G_E G_N G_C G_Y
CONSISTING	G_C G_O G_N G_S G_I G_S G_T G_I G_N G_G
CONSISTS	G_C G_O G_N G_S G_I G_S G_T G_S
CONSPIRING	G_C G_O G_N G_S G_P G_I G_R G_I G_N G_G
CONSTABLE	G_C G_O G_N G_S G_T G_A G_B G_L G_E
CONSTANCY	G_C G_O G_N G_S G_T G_A G_N G_C G_Y
CONSTANT	G_C G_O G_N G_S G_T G_A G_N G_T
CONSTANTLY	G_C G_O G_N G_S G_T G_A G_N G_T G_L G_Y
CONSTELLATIONS	G_C G_O G_N G_S G_T G_E G_L G_L G_A G_T G_I G_O G_N G_S
CONSTITUTED	G_C G_O G_N G_S G_T G_I G_T G_U G_T G_E G_D
CONSTRAINT	G_C G_O G_N G_S G_T G_R G_A G_I G_N G_T
CONSTRUCTED	G_C G_O G_N G_S G_T G_R G_U G_C G_T G_E G_D
CONSTRUCTING	G_C G_O G_N G_S G_T G_R G_U G_C G_T G_I G_N G_G
CONSULT	G_C G_O G_N G_S G_U G_L G_T
CONSUMMATION	G_C G_O G_N G_S G_U G_M G_M G_A G_T G_I G_O G_N
CONSUMPTION	G_C G_O G_N G_S G_U G_M G_P G_T G_I G_O G_N
CONTACT	G_C G_O G_N G_T G_A G_C G_T
CONTAIN	G_C G_O G_N G_T G_A G_I G_N
CONTAINED	G_C G_O G_N G_T G_A G_I G_N G_E G_D
CONTAINING	G_C G_O G_N G_T G_A G_I G_N G_I G_N G_G
CONTAINS	G_C G_O G_N G_T G_A G_I G_N G_S
CONTAMINATED	G_C G_O G_N G_T G_A G_M G_I G_N G_A G_T G_E G_D
CONTEMPLATED	G_C G_O G_N G_T G_E G_M G_P G_L G_A G_T G_E G_D
CONTEMPLATING	G_C G_O G_N G_T G_E G_M G_P G_L G_A G_T G_I G_N G_G
CONTEMPLATIVE	G_C G_O G_N G_T G_E G_M G_P G_L G_A G_T G_I G_V G_E
CONTEMPORARIES	G_C G_O G_N G_T G_E G_M G_P G_O G_R G_A G_R G_I G_E G_S
CONTEMPORARY	G_C G_O G_N G_T G_E G_M G_P G_O G_R G_A G_R G_Y
CONTEMPT	G_C G_O G_N G_T G_E G_M G_P G_T
CONTENT	G_C G_O G_N G_T G_E G_N G_T
CONTENTEDLY	G_C G_O G_N G_T G_E G_N G_T G_E G_D G_L G_Y
CONTENTS	G_C G_O G_N G_T G_E G_N G_T G_S
CONTEST	G_C G_O G_N G_T G_E G_S G_T
CONTESTANTS	G_C G_O G_N G_T G_E G_S G_T G_A G_N G_T G_S
CONTESTED	G_C G_O G_N G_T G_E G_S G_T G_E G_D
CONTESTS	G_C G_O G_N G_T G_E G_S G_T G_S
CONTINGENT	G_C G_O G_N G_T G_I G_N G_G G_E G_N G_T
CONTINUE	G_C G_O G_N G_T G_I G_N G_U G_E
CONTINUED	G_C G_O G_N G_T G_I G_N G_U G_E G_D
CONTINUES	G_C G_O G_N G_T G_I G_N G_U G_E G_S
CONTRACTED	G_C G_O G_N G_T G_R G_A G_C G_T G_E G_D
CONTRADICTING	G_C G_O G_N G_T G_R G_A G_D G_I G_C G_T G_I G_N G_G
CONTRADICTION	G_C G_O G_N G_T G_R G_A G_D G_I G_C G_T G_I G_O G_N
CONTRAST	G_C G_O G_N G_T G_R G_A G_S G_T
CONTRASTED	G_C G_O G_N G_T G_R G_A G_S G_T G_E G_D
CONTRASTING	G_C G_O G_N G_T G_R G_A G_S G_T G_I G_N G_G
CONTRIVE	G_C G_O G_N G_T G_R G_I G_V G_E
CONTROL	G_C G_O G_N G_T G_R G_O G_L
CONVENIENT	G_C G_O G_N G_V G_E G_N G_I G_E G_N G_T
CONVENTICLES	G_C G_O G_N G_V G_E G_N G_T G_I G_C G_L G_E G_S
CONVERSATION	G_C G_O G_N G_V G_E G_R G_S G_A G_T G_I G_O G_N
CONVERSE	G_C G_O G_N G_V G_E G_R G_S G_E
CONVERSION	G_C G_O G_N G_V G_E G_R G_S G_I G_O G_N
CONVERTED	G_C G_O G_N G_V G_E G_R G_T G_E G_D
CONVICT	G_C G_O G_N G_V G_I G_C G_T
CONVINCED	G_C G_O G_N G_V G_I G_N G_C G_E G_D
CONVOLVULUS	G_C G_O G_N G_V G_O G_L G_V G_U G_L G_U G_S
CONVULSION	G_C G_O G_N G_V G_U G_L G_S G_I G_O G_N
COOING	G_C G_O G_O G_I G_N G_G
COOK	G_C G_O G_O G_K
COOK'S	G_C G_O G_O G_K G_S
COOKED	G_C G_O G_O G_K G_E G_D
COOKERY	G_C G_O G_O G_K G_E G_R G_Y
COOKING	G_C G_O G_O G_K G_I G_N G_G
COOL	G_C G_O G_O G_L
COOLER	G_C G_O G_O G_L G_E G_R
COOP	G_C G_O G_O G_P
COPIOUSLY	G_C G_O G_P G_I G_O G_U G_S G_L G_Y
COPYRIGHT	G_C G_O G_P G_Y G_R G_I G_G G_H G_T
CORALIE	G_C G_O G_R G_A G_L G_I G_E
CORD	G_C G_O G_R G_D
CORDIAL	G_C G_O G_R G_D G_I G_A G_L
CORNCAKES	G_C G_O G_R G_N G_C G_A G_K G_E G_S
CORNER	G_C G_O G_R G_N G_E G_R
CORNERS	G_C G_O G_R G_N G_E G_R G_S
CORNUCOPIAS	G_C G_O G_R G_N G_U G_C G_O G_P G_I G_A G_S
CORPSE	G_C G_O G_R G_P G_S G_E
CORPUS	G_C G_O G_R G_P G_U G_S
CORRECTLY	G_C G_O G_R G_R G_E G_C G_T G_L G_Y
CORRESPONDING	G_C G_O G_R G_R G_E G_S G_P G_O G_N G_D G_I G_N G_G
CORRIDOR	G_C G_O G_R G_R G_I G_D G_O G_R
CORROSIVE	G_C G_O G_R G_R G_O G_S G_I G_V G_E
CORRUPT	G_C G_O G_R G_R G_U G_P G_T
CORRUPTION	G_C G_O G_R G_R G_U G_P G_T G_I G_O G_N
COSETTE	G_C G_O G_S G_E G_T G_T G_E
COST	G_C G_O G_S G_T
COSTLY	G_C G_O G_S G_T G_L G_Y
COSTUME	G_C G_O G_S G_T G_U G_M G_E
COSY	G_C G_O G_S G_Y
COTTAGE	G_C G_O G_T G_T G_A G_G G_E
COTTAGES	G_C G_O G_T G_T G_A G_G G_E G_S
COTTON	G_C G_O G_T G_T G_O G_N
COTTONWOOD	G_C G_O G_T G_T G_O G_N G_W G_O G_O G_D
COUCH	G_C G_O G_U G_C G_H
COUCHES	G_C G_O G_U G_C G_H G_E G_S
COUGHED	G_C G_O G_U G_G G_H G_E G_D
COULD	G_C G_O G_U G_L G_D
COULDN'T	G_C G_O G_U G_L G_D G_N G_T
COUNCILS	G_C G_O G_U G_N G_C G_I G_L G_S
COUNT	G_C G_O G_U G_N G_T
COUNTENANCE	G_C G_O G_U G_N G_T G_E G_N G_A G_N G_C G_E
COUNTENANCED	G_C G_O G_U G_N G_T G_E G_N G_A G_N G_C G_E G_D
COUNTER	G_C G_O G_U G_N G_T G_E G_R
COUNTIES	G_C G_O G_U G_N G_T G_I G_E G_S
COUNTLESS	G_C G_O G_U G_N G_T G_L G_E G_S G_S
COUNTRIES	G_C G_O G_U G_N G_T G_R G_I G_E G_S
COUNTRY	G_C G_O G_U G_N G_T G_R G_Y
COUNTS	G_C G_O G_U G_N G_T G_S
COUNTY	G_C G_O G_U G_N G_T G_Y
COUPLE	G_C G_O G_U G_P G_L G_E
COUPONS	G_C G_O G_U G_P G_O G_N G_S
COURAGE	G_C G_O G_U G_R G_A G_G G_E
COURIER	G_C G_O G_U G_R G_I G_E G_R
COURSE	G_C G_O G_U G_R G_S G_E
COURSES	G_C G_O G_U G_R G_S G_E G_S
COURT	G_C G_O G_U G_R G_T
COURTESY	G_C G_O G_U G_R G_T G_E G_S G_Y
COURTS	G_C G_O G_U G_R G_T G_S
COUSIN	G_C G_O G_U G_S G_I G_N
COUSINS	G_C G_O G_U G_S G_I G_N G_S
COVER	G_C G_O G_V G_E G_R
COVERED	G_C G_O G_V G_E G_R G_E G_D
COVERING	G_C G_O G_V G_E G_R G_I G_N G_G
COVETED	G_C G_O G_V G_E G_T G_E G_D
COW	G_C G_O G_W
COWARDLY	G_C G_O G_W G_A G_R G_D G_L G_Y
COWBOY	G_C G_O G_W G_B G_O G_Y
COWBOYS	G_C G_O G_W G_B G_O G_Y G_S
COWMEN	G_C G_O G_W G_M G_E G_N
COWPUNCHERS	G_C G_O G_W G_P G_U G_N G_C G_H G_E G_R G_S
COWS	G_C G_O G_W G_S
CRACKED	G_C G_R G_A G_C G_K G_E G_D
CRACKLING	G_C G_R G_A G_C G_K G_L G_I G_N G_G
CRAGS	G_C G_R G_A G_G G_S
CRAMP	G_C G_R G_A G_M G_P
CRASH	G_C G_R G_A G_S G_H
CRASHED	G_C G_R G_A G_S G_H G_E G_D
CRAVING	G_C G_R G_A G_V G_I G_N G_G
CRAWFISH	G_C G_R G_A G_W G_F G_I G_S G_H
CRAWLED	G_C G_R G_A G_W G_L G_E G_D
CREAKING	G_C G_R G_E G_A G_K G_I G_N G_G
CREAM	G_C G_R G_E G_A G_M
CREATE	G_C G_R G_E G_A G_T G_E
CREATED	G_C G_R G_E G_A G_T G_E G_D
CREATION	G_C G_R G_E G_A G_T G_I G_O G_N
CREATURE	G_C G_R G_E G_A G_T G_U G_R G_E
CREDIT	G_C G_R G_E G_D G_I G_T
CREDITING	G_C G_R G_E G_D G_I G_T G_I G_N G_G
CREDITOR	G_C G_R G_E G_D G_I G_T G_O G_R
CREED	G_C G_R G_E G_E G_D
CREEK	G_C G_R G_E G_E G_K
CREEP	G_C G_R G_E G_E G_P
CREETERS	G_C G_R G_E G_E G_T G_E G_R G_S
CREPT	G_C G_R G_E G_P G_T
CREST	G_C G_R G_E G_S G_T
CRESTS	G_C G_R G_E G_S G_T G_S
CREVASSED	G_C G_R G_E G_V G_A G_S G_S G_E G_D
CREVICE	G_C G_R G_E G_V G_I G_C G_E
CRICKETS	G_C G_R G_I G_C G_K G_E G_T G_S
CRIED	G_C G_R G_I G_E G_D
CRIES	G_C G_R G_I G_E G_S
CRIME	G_C G_R G_I G_M G_E
CRIMES	G_C G_R G_I G_M G_E G_S
CRIMINAL	G_C G_R G_I G_M G_I G_N G_A G_L
CRISIS	G_C G_R G_I G_S G_I G_S
CRISP	G_C G_R G_I G_S G_P
CRISPNESS	G_C G_R G_I G_S G_P G_N G_E G_S G_S
CRISS	G_C G_R G_I G_S G_S
CRITICAL	G_C G_R G_I G_T G_I G_C G_A G_L
CRITICISM	G_C G_R G_I G_T G_I G_C G_I G_S G_M
CRITICISMS	G_C G_R G_I G_T G_I G_C G_I G_S G_M G_S
CRITICS	G_C G_R G_I G_T G_I G_C G_S
CROAKED	G_C G_R G_O G_A G_K G_E G_D
CROFTON	G_C G_R G_O G_F G_T G_O G_N
CROOK	G_C G_R G_O G_O G_K
CROSS	G_C G_R G_O G_S G_S
CROSSED	G_C G_R G_O G_S G_S G_E G_D
CROSSES	G_C G_R G_O G_S G_S G_E G_S
CROSSING	G_C G_R G_O G_S G_S G_I G_N G_G
CROUCHING	G_C G_R G_O G_U G_C G_H G_I G_N G_G
CROUP	G_C G_R G_O G_U G_P
CROWD	G_C G_R G_O G_W G_D
CROWDING	G_C G_R G_O G_W G_D G_I G_N G_G
CROWDS	G_C G_R G_O G_W G_D G_S
CROWING	G_C G_R G_O G_W G_I G_N G_G
CROWN	G_C G_R G_O G_W G_N
CROWNS	G_C G_R G_O G_W G_N G_S
CRUDER	G_C G_R G_U G_D G_E G_R
CRUEL	G_C G_R G_U G_E G_L
CRUELTY	G_C G_R G_U G_E G_L G_T G_Y
CRUISE	G_C G_R G_U G_I G_S G_E
CRUMBS	G_C G_R G_U G_M G_B G_S
CRUMPETS	G_C G_R G_U G_M G_P G_E G_T G_S
CRUSHED	G_C G_R G_U G_S G_H G_E G_D
CRUST	G_C G_R G_U G_S G_T
CRUSTY	G_C G_R G_U G_S G_T G_Y
CRY	G_C G_R G_Y
CRYING	G_C G_R G_Y G_I G_N G_G
CRYSTAL	G_C G_R G_Y G_S G_T G_A G_L
CUBES	G_C G_U G_B G_E G_S
CUBICLES	G_C G_U G_B G_I G_C G_L G_E G_S
CUCUMBER	G_C G_U G_C G_U G_M G_B G_E G_R
CUCUMBERS	G_C G_U G_C G_U G_M G_B G_E G_R G_S
CUD	G_C G_U G_D
CUFF	G_C G_U G_F G_F
CUISINE	G_C G_U G_I G_S G_I G_N G_E
CULPRIT'S	G_C G_U G_L G_P G_R G_I G_T G_S
CULTIVATED	G_C G_U G_L G_T G_I G_V G_A G_T G_E G_D
CULTURE	G_C G_U G_L G_T G_U G_R G_E
CUP	G_C G_U G_P
CUPBOARD	G_C G_U G_P G_B G_O G_A G_R G_D
CUPS	G_C G_U G_P G_S
CURB	G_C G_U G_R G_B
CURDLE	G_C G_U G_R G_D G_L G_E
CURE	G_C G_U G_R G_E
CURED	G_C G_U G_R G_E G_D
CURER	G_C G_U G_R G_E G_R
CURIOSITY	G_C G_U G_R G_I G_O G_S G_I G_T G_Y
CURIOUS	G_C G_U G_R G_I G_O G_U G_S
CURIOUSLY	G_C G_U G_R G_I G_O G_U G_S G_L G_Y
CURL	G_C G_U G_R G_L
CURLEY	G_C G_U G_R G_L G_E G_Y
CURLING	G_C G_U G_R G_L G_I G_N G_G
CURRANT	G_C G_U G_R G_R G_A G_N G_T
CURRANTS	G_C G_U G_R G_R G_A G_N G_T G_S
CURRENTS	G_C G_U G_R G_R G_E G_N G_T G_S
CURSE	G_C G_U G_R G_S G_E
CURSES	G_C G_U G_R G_S G_E G_S
CURSING	G_C G_U G_R G_S G_I G_N G_G
CURTAIN	G_C G_U G_R G_T G_A G_I G_N
CURTAINS	G_C G_U G_R G_T G_A G_I G_N G_S
CURTLY	G_C G_U G_R G_T G_L G_Y
CUSTOM	G_C G_U G_S G_T G_O G_M
CUSTOMARY	G_C G_U G_S G_T G_O G_M G_A G_R G_Y
CUT	G_C G_U G_T
CUTHBERT	G_C G_U G_T G_H G_B G_E G_R G_T
CUTS	G_C G_U G_T G_S
CUTTER	G_C G_U G_T G_T G_E G_R
CUTTING	G_C G_U G_T G_T G_I G_N G_G
CYNTHY	G_C G_Y G_N G_T G_H G_Y
CYRIL	G_C G_Y G_R G_I G_L
D	G_D
D'AVRIGNY	G_D G_A G_V G_R G_I G_G G_N G_Y
DAGGER	G_D G_A G_G G_G G_E G_R
DAGUERREOTYPE	G_D G_A G_G G_U G_E G_R G_R G_E G_O G_T G_Y G_P G_E
DAGUERREOTYPIST	G_D G_A G_G G_U G_E G_R G_R G_E G_O G_T G_Y G_P G_I G_S G_T
DAH	G_D G_A G_H
DAILY	G_D G_A G_I G_L G_Y
DAINTY	G_D G_A G_I G_N G_T G_Y
DAIS	G_D G_A G_I G_S
DALLIANCE	G_D G_A G_L G_L G_I G_A G_N G_C G_E
DAMN	G_D G_A G_M G_N
DAMSON	G_D G_A G_M G_S G_O G_N
DANCE	G_D G_A G_N G_C G_E
DANCED	G_D G_A G_N G_C G_E G_D
DANCES	G_D G_A G_N G_C G_E G_S
DANCING	G_D G_A G_N G_C G_I G_N G_G
DANGER	G_D G_A G_N G_G G_E G_R
DANGEROUS	G_D G_A G_N G_G G_E G_R G_O G_U G_S
DANGEROUSLY	G_D G_A G_N G_G G_E G_R G_O G_U G_S G_L G_Y
DANGEROUSNESS	G_D G_A G_N G_G G_E G_R G_O G_U G_S G_N G_E G_S G_S
DANGERS	G_D G_A G_N G_G G_E G_R G_S
DANISH	G_D G_A G_N G_I G_S G_H
DANTE	G_D G_A G_N G_T G_E
DANTE'S	G_D G_A G_N G_T G_E G_S
DARE	G_D G_A G_R G_E
DARED	G_D G_A G_R G_E G_D
DAREN'T	G_D G_A G_R G_E G_N G_T
DARES	G_D G_A G_R G_E G_S
DARFHULVA	G_D G_A G_R G_F G_H G_U G_L G_V G_A
DARING	G_D G_A G_R G_I G_N G_G
DARK	G_D G_A G_R G_K
DARKENED	G_D G_A G_R G_K G_E G_N G_E G_D
DARKER	G_D G_A G_R G_K G_E G_R
DARKLY	G_D G_A G_R G_K G_L G_Y
DARKNESS	G_D G_A G_R G_K G_N G_E G_S G_S
DARLING	G_D G_A G_R G_L G_I G_N G_G
DARNING	G_D G_A G_R G_N G_I G_N G_G
DARWIN'S	G_D G_A G_R G_W G_I G_N G_S
DASHED	G_D G_A G_S G_H G_E G_D
DATED	G_D G_A G_T G_E G_D
DAUGHTER	G_D G_A G_U G_G G_H G_T G_E G_R
DAUGHTERS	G_D G_A G_U G_G G_H G_T G_E G_R G_S
DAUNTLESS	G_D G_A G_U G_N G_T G_L G_E G_S G_S
DAVID	G_D G_A G_V G_I G_D
DAVID'S	G_D G_A G_V G_I G_D G_S
DAVIS	G_D G_A G_V G_I G_S
DAVY	G_D G_A G_V G_Y
DAWES	G_D G_A G_W G_E G_S
DAWN	G_D G_A G_W G_N
DAY	G_D G_A G_Y
DAY'S	G_D G_A G_Y G_S
DAYLIGHT	G_D G_A G_Y G_L G_I G_G G_H G_T
DAYS	G_D G_A G_Y G_S
DAZZLING	G_D G_A G_Z G_Z G_L G_I G_N G_G
DAZZLINGLY	G_D G_A G_Z G_Z G_L G_I G_N G_G G_L G_Y
DE	G_D G_E
DEAD	G_D G_E G_A G_D
DEADENED	G_D G_E G_A G_D G_E G_N G_E G_D
DEADLY	G_D G_E G_A G_D G_L G_Y
DEAF	G_D G_E G_A G_F
DEAL	G_D G_E G_A G_L
DEAR	G_D G_E G_A G_R
DEARER	G_D G_E G_A G_R G_E G_R
DEATH	G_D G_E G_A G_T G_H
DEBASING	G_D G_E G_B G_A G_S G_I G_N G_G
DEBAUCHED	G_D G_E G_B G_A G_U G_C G_H G_E G_D
DEBRIS	G_D G_E G_B G_R G_I G_S
DECANTERS	G_D G_E G_C G_A G_N G_T G_E G_R G_S
DECAY	G_D G_E G_C G_A G_Y
DECEIVED	G_D G_E G_C G_E G_I G_V G_E G_D
DECEIVERS	G_D G_E G_C G_E G_I G_V G_E G_R G_S
DECEIVING	G_D G_E G_C G_E G_I G_V G_I G_N G_G
DECENCY	G_D G_E G_C G_E G_N G_C G_Y
DECENT	G_D G_E G_C G_E G_N G_T
DECEPTION	G_D G_E G_C G_E G_P G_T G_I G_O G_N
DECIDE	G_D G_E G_C G_I G_D G_E
DECIDED	G_D G_E G_C G_I G_D G_E G_D
DECIDING	G_D G_E G_C G_I G_D G_I G_N G_G
DECISION	G_D G_E G_C G_I G_S G_I G_O G_N
DECLAMATIONS	G_D G_E G_C G_L G_A G_M G_A G_T G_I G_O G_N G_S
DECLARE	G_D G_E G_C G_L G_A G_R G_E
DECLARED	G_D G_E G_C G_L G_A G_R G_E G_D
DECLARING	G_D G_E G_C G_L G_A G_R G_I G_N G_G
DECLINED	G_D G_E G_C G_L G_I G_N G_E G_D
DECORATION	G_D G_E G_C G_O G_R G_A G_T G_I G_O G_N
DECORATIONS	G_D G_E G_C G_O G_R G_A G_T G_I G_O G_N G_S
DECORATIVE	G_D G_E G_C G_O G_R G_A G_T G_I G_V G_E
DECORUM	G_D G_E G_C G_O G_R G_U G_M
DECREASE	G_D G_E G_C G_R G_E G_A G_S G_E
DECREASED	G_D G_E G_C G_R G_E G_A G_S G_E G_D
DECREED	G_D G_E G_C G_R G_E G_E G_D
DEED	G_D G_E G_E G_D
DEEMED	G_D G_E G_E G_M G_E G_D
DEEP	G_D G_E G_E G_P
DEEPER	G_D G_E G_E G_P G_E G_R
DEEPLY	G_D G_E G_E G_P G_L G_Y
DEER	G_D G_E G_E G_R
DEFAULT	G_D G_E G_F G_A G_U G_L G_T
DEFEAT	G_D G_E G_F G_E G_A G_T
DEFEATED	G_D G_E G_F G_E G_A G_T G_E G_D
DEFECTIVE	G_D G_E G_F G_E G_C G_T G_I G_V G_E
DEFENCE	G_D G_E G_F G_E G_N G_C G_E
DEFENCELESS	G_D G_E G_F G_E G_N G_C G_E G_L G_E G_S G_S
DEFENDED	G_D G_E G_F G_E G_N G_D G_E G_D
DEFENSE	G_D G_E G_F G_E G_N G_S G_E
DEFENSIVE	G_D G_E G_F G_E G_N G_S G_I G_V G_E
DEFERENCE	G_D G_E G_F G_E G_R G_E G_N G_C G_E
DEFERRED	G_D G_E G_F G_E G_R G_R G_E G_D
DEFIANCE	G_D G_E G_F G_I G_A G_N G_C G_E
DEFIANTLY	G_D G_E G_F G_I G_A G_N G_T G_L G_Y
DEFIED	G_D G_E G_F G_I G_E G_D
DEFINITE	G_D G_E G_F G_I G_N G_I G_T G_E
DEFINITION	G_D G_E G_F G_I G_N G_I G_T G_I G_O G_N
DEFINITIONS	G_D G_E G_F G_I G_N G_I G_T G_I G_O G_N G_S
DEFORMED	G_D G_E G_F G_O G_R G_M G_E G_D
DEFT	G_D G_E G_F G_T
DEFTLY	G_D G_E G_F G_T G_L G_Y
DEFY	G_D G_E G_F G_Y
DEGENERATE	G_D G_E G_G G_E G_N G_E G_R G_A G_T G_E
DEGENERATED	G_D G_E G_G G_E G_N G_E G_R G_A G_T G_E G_D
DEGRADED	G_D G_E G_G G_R G_A G_D G_E G_D
DEGREE	G_D G_E G_G G_R G_E G_E
DEGREES	G_D G_E G_G G_R G_E G_E G_S
DEITY	G_D G_E G_I G_T G_Y
DEL	G_D G_E G_L
DELAUNAY'S	G_D G_E G_L G_A G_U G_N G_A G_Y G_S
DELAYING	G_D G_E G_L G_A G_Y G_I G_N G_G
DELECTASTI	G_D G_E G_L G_E G_C G_T G_A G_S G_T G_I
DELIA'S	G_D G_E G_L G_I G_A G_S
DELICACY	G_D G_E G_L G_I G_C G_A G_C G_Y
DELICATE	G_D G_E G_L G_I G_C G_A G_T G_E
DELIGHT	G_D G_E G_L G_I G_G G_H G_T
DELIGHTED	G_D G_E G_L G_I G_G G_H G_T G_E G_D
DELIGHTFUL	G_D G_E G_L G_I G_G G_H G_T G_F G_U G_L
DELIGHTFULLY	G_D G_E G_L G_I G_G G_H G_T G_F G_U G_L G_L G_Y
DELIGHTING	G_D G_E G_L G_I G_G G_H G_T G_I G_N G_G
DELIVER	G_D G_E G_L G_I G_V G_E G_R
DELIVERED	G_D G_E G_L G_I G_V G_E G_R G_E G_D
DELUGE	G_D G_E G_L G_U G_G G_E
DEMAND	G_D G_E G_M G_A G_N G_D
DEMANDED	G_D G_E G_M G_A G_N G_D G_E G_D
DEMANDS	G_D G_E G_M G_A G_N G_D G_S
DEMOCRACIES	G_D G_E G_M G_O G_C G_R G_A G_C G_I G_E G_S
DEMOCRATIC	G_D G_E G_M G_O G_C G_R G_A G_T G_I G_C
DEMONSTRATION	G_D G_E G_M G_O G_N G_S G_T G_R G_A G_T G_I G_O G_N
DENE	G_D G_E G_N G_E
DENIAL	G_D G_E G_N G_I G_A G_L
DENIED	G_D G_E G_N G_I G_E G_D
DENMARK	G_D G_E G_N G_M G_A G_R G_K
DENOTE	G_D G_E G_N G_O G_T G_E
DENT'S	G_D G_E G_N G_T G_S
DENY	G_D G_E G_N G_Y
DEPARTED	G_D G_E G_P G_A G_R G_T G_E G_D
DEPARTURE	G_D G_E G_P G_A G_R G_T G_U G_R G_E
DEPEND	G_D G_E G_P G_E G_N G_D
DEPENDED	G_D G_E G_P G_E G_N G_D G_E G_D
DEPENDENTS	G_D G_E G_P G_E G_N G_D G_E G_N G_T G_S
DEPENDS	G_D G_E G_P G_E G_N G_D G_S
DEPICTED	G_D G_E G_P G_I G_C G_T G_E G_D
DEPICTING	G_D G_E G_P G_I G_C G_T G_I G_N G_G
DEPORTMENT	G_D G_E G_P G_O G_R G_T G_M G_E G_N G_T
DEPOSITED	G_D G_E G_P G_O G_S G_I G_T G_E G_D
DEPREDATIONS	G_D G_E G_P G_R G_E G_D G_A G_T G_I G_O G_N G_S
DEPRESSING	G_D G_E G_P G_R G_E G_S G_S G_I G_N G_G
DEPRIVED	G_D G_E G_P G_R G_I G_V G_E G_D
DEPRIVING	G_D G_E G_P G_R G_I G_V G_I G_N G_G
DEPTHS	G_D G_E G_P G_T G_H G_S
DERISIVE	G_D G_E G_R G_I G_S G_I G_V G_E
DERIVATIVELY	G_D G_E G_R G_I G_V G_A G_T G_I G_V G_E G_L G_Y
DERIVED	G_D G_E G_R G_I G_V G_E G_D
DERIVING	G_D G_E G_R G_I G_V G_I G_N G_G
DES	G_D G_E G_S
DESCEND	G_D G_E G_S G_C G_E G_N G_D
DESCENDANTS	G_D G_E G_S G_C G_E G_N G_D G_A G_N G_T G_S
DESCENDED	G_D G_E G_S G_C G_E G_N G_D G_E G_D
DESCENDING	G_D G_E G_S G_C G_E G_N G_D G_I G_N G_G
DESCENT	G_D G_E G_S G_C G_E G_N G_T
DESCRIBED	G_D G_E G_S G_C G_R G_I G_B G_E G_D
DESERT	G_D G_E G_S G_E G_R G_T
DESERTED	G_D G_E G_S G_E G_R G_T G_E G_D
DESERTION	G_D G_E G_S G_E G_R G_T G_I G_O G_N
DESERVE	G_D G_E G_S G_E G_R G_V G_E
DESERVED	G_D G_E G_S G_E G_R G_V G_E G_D
DESERVING	G_D G_E G_S G_E G_R G_V G_I G_N G_G
DESIGN	G_D G_E G_S G_I G_G G_N
DESIGNATION	G_D G_E G_S G_I G_G G_N G_A G_T G_I G_O G_N
DESIGNATIONS	G_D G_E G_S G_I G_G G_N G_A G_T G_I G_O G_N G_S
DESIGNED	G_D G_E G_S G_I G_G G_N G_E G_D
DESIGNING	G_D G_E G_S G_I G_G G_N G_I G_N G_G
DESIRABLE	G_D G_E G_S G_I G_R G_A G_B G_L G_E
DESIRE	G_D G_E G_S G_I G_R G_E
DESIRED	G_D G_E G_S G_I G_R G_E G_D
DESIRES	G_D G_E G_S G_I G_R G_E G_S
DESIST	G_D G_E G_S G_I G_S G_T
DESISTED	G_D G_E G_S G_I G_S G_T G_E G_D
DESK	G_D G_E G_S G_K
DESOLATE	G_D G_E G_S G_O G_L G_A G_T G_E
DESOLATION	G_D G_E G_S G_O G_L G_A G_T G_I G_O G_N
DESPAIR	G_D G_E G_S G_P G_A G_I G_R
DESPATCHED	G_D G_E G_S G_P G_A G_T G_C G_H G_E G_D
DESPERATE	G_D G_E G_S G_P G_E G_R G_A G_T G_E
DESPERATELY	G_D G_E G_S G_P G_E G_R G_A G_T G_E G_L G_Y
DESPICABLE	G_D G_E G_S G_P G_I G_C G_A G_B G_L G_E
DESPISE	G_D G_E G_S G_P G_I G_S G_E
DESPISED	G_D G_E G_S G_P G_I G_S G_E G_D
DESSERT	G_D G_E G_S G_S G_E G_R G_T
DESTINATION	G_D G_E G_S G_T G_I G_N G_A G_T G_I G_O G_N
DESTINED	G_D G_E G_S G_T G_I G_N G_E G_D
DESTINY	G_D G_E G_S G_T G_I G_N G_Y
DESTITUTE	G_D G_E G_S G_T G_I G_T G_U G_T G_E
DESTROY	G_D G_E G_S G_T G_R G_O G_Y
DESTROYED	G_D G_E G_S G_T G_R G_O G_Y G_E G_D
DESTRUCTIBLE	G_D G_E G_S G_T G_R G_U G_C G_T G_I G_B G_L G_E
DESTRUCTION	G_D G_E G_S G_T G_R G_U G_C G_T G_I G_O G_N
DETACH	G_D G_E G_T G_A G_C G_H
DETAIL	G_D G_E G_T G_A G_I G_L
DETAILS	G_D G_E G_T G_A G_I G_L G_S
DETECT	G_D G_E G_T G_E G_C G_T
DETECTIVE	G_D G_E G_T G_E G_C G_T G_I G_V G_E
DETECTIVE'S	G_D G_E G_T G_E G_C G_T G_I G_V G_E G_S
DETERIORATION	G_D G_E G_T G_E G_R G_I G_O G_R G_A G_T G_I G_O G_N
DETERIORATIONS	G_D G_E G_T G_E G_R G_I G_O G_R G_A G_T G_I G_O G_N G_S
DETERMINE	G_D G_E G_T G_E G_R G_M G_I G_N G_E
DETERMINED	G_D G_E G_T G_E G_R G_M G_I G_N G_E G_D
DETERMINING	G_D G_E G_T G_E G_R G_M G_I G_N G_I G_N G_G
DETROIT	G_D G_E G_T G_R G_O G_I G_T
DEUCALION	G_D G_E G_U G_C G_A G_L G_I G_O G_N
DEVELOP	G_D G_E G_V G_E G_L G_O G_P
DEVELOPED	G_D G_E G_V G_E G_L G_O G_P G_E G_D
DEVELOPS	G_D G_E G_V G_E G_L G_O G_P G_S
DEVIATIONS	G_D G_E G_V G_I G_A G_T G_I G_O G_N G_S
DEVICE	G_D G_E G_V G_I G_C G_E
DEVIL	G_D G_E G_V G_I G_L
DEVOTED	G_D G_E G_V G_O G_T G_E G_D
DEVOTEES	G_D G_E G_V G_O G_T G_E G_E G_S
DEVOTIONS	G_D G_E G_V G_O G_T G_I G_O G_N G_S
DEVOURS	G_D G_E G_V G_O G_U G_R G_S
DHOURRA	G_D G_H G_O G_U G_R G_R G_A
DIALOGUE	G_D G_I G_A G_L G_O G_G G_U G_E
DICED	G_D G_I G_C G_E G_D
DID	G_D G_I G_D
DIDN'T	G_D G_I G_D G_N G_T
DIE	G_D G_I G_E
DIED	G_D G_I G_E G_D
DIES	G_D G_I G_E G_S
DIFFERENCE	G_D G_I G_F G_F G_E G_R G_E G_N G_C G_E
DIFFERENCES	G_D G_I G_F G_F G_E G_R G_E G_N G_C G_E G_S
DIFFERENT	G_D G_I G_F G_F G_E G_R G_E G_N G_T
DIFFICULT	G_D G_I G_F G_F G_I G_C G_U G_L G_T
DIFFICULTIES	G_D G_I G_F G_F G_I G_C G_U G_L G_T G_I G_E G_S
DIFFICULTY	G_D G_I G_F G_F G_I G_C G_U G_L G_T G_Y
DIG	G_D G_I G_G
DIGNIFIED	G_D G_I G_G G_N G_I G_F G_I G_E G_D
DIGNITIES	G_D G_I G_G G_N G_I G_T G_I G_E G_S
DIGNITY	G_D G_I G_G G_N G_I G_T G_Y
DILIGENT	G_D G_I G_L G_I G_G G_E G_N G_T
DIM	G_D G_I G_M
DIMENSIONS	G_D G_I G_M G_E G_N G_S G_I G_O G_N G_S
DIMINISHED	G_D G_I G_M G_I G_N G_I G_S G_H G_E G_D
DIMINISHING	G_D G_I G_M G_I G_N G_I G_S G_H G_I G_N G_G
DINE	G_D G_I G_N G_E
DINGY	G_D G_I G_N G_G G_Y
DINING	G_D G_I G_N G_I G_N G_G
DINNER	G_D G_I G_N G_N G_E G_R
DINNERS	G_D G_I G_N G_N G_E G_R G_S
DINT	G_D G_I G_N G_T
DIOCESE	G_D G_I G_O G_C G_E G_S G_E
DIP	G_D G_I G_P
DIRECT	G_D G_I G_R G_E G_C G_T
DIRECTED	G_D G_I G_R G_E G_C G_T G_E G_D
DIRECTION	G_D G_I G_R G_E G_C G_T G_I G_O G_N
DIRECTLY	G_D G_I G_R G_E G_C G_T G_L G_Y
DIRT	G_D G_I G_R G_T
DISADVANTAGE	G_D G_I G_S G_A G_D G_V G_A G_N G_T G_A G_G G_E
DISAGREEABLE	G_D G_I G_S G_A G_G G_R G_E G_E G_A G_B G_L G_E
DISAPPEARED	G_D G_I G_S G_A G_P G_P G_E G_A G_R G_E G_D
DISAPPOINTMENT	G_D G_I G_S G_A G_P G_P G_O G_I G_N G_T G_M G_E G_N G_T
DISAPPROVAL	G_D G_I G_S G_A G_P G_P G_R G_O G_V G_A G_L
DISCARDED	G_D G_I G_S G_C G_A G_R G_D G_E G_D
DISCERN	G_D G_I G_S G_C G_E G_R G_N
DISCERNMENT	G_D G_I G_S G_C G_E G_R G_N G_M G_E G_N G_T
DISCIPLINE	G_D G_I G_S G_C G_I G_P G_L G_I G_N G_E
DISCLAIM	G_D G_I G_S G_C G_L G_A G_I G_M
DISCLAIMED	G_D G_I G_S G_C G_L G_A G_I G_M G_E G_D
DISCOMFORT	G_D G_I G_S G_C G_O G_M G_F G_O G_R G_T
DISCONTENTED	G_D G_I G_S G_C G_O G_N G_T G_E G_N G_T G_E G_D
DISCORDANT	G_D G_I G_S G_C G_O G_R G_D G_A G_N G_T
DISCORDANTLY	G_D G_I G_S G_C G_O G_R G_D G_A G_N G_T G_L G_Y
DISCOURAGED	G_D G_I G_S G_C G_O G_U G_R G_A G_G G_E G_D
DISCOVER	G_D G_I G_S G_C G_O G_V G_E G_R
DISCOVERER	G_D G_I G_S G_C G_O G_V G_E G_R G_E G_R
DISCOVERY	G_D G_I G_S G_C G_O G_V G_E G_R G_Y
DISCRETION	G_D G_I G_S G_C G_R G_E G_T G_I G_O G_N
DISCUSSED	G_D G_I G_S G_C G_U G_S G_S G_E G_D
DISCUSSING	G_D G_I G_S G_C G_U G_S G_S G_I G_N G_G
DISCUSSION	G_D G_I G_S G_C G_U G_S G_S G_I G_O G_N
DISDAIN	G_D G_I G_S G_D G_A G_I G_N
DISDAINFUL	G_D G_I G_S G_D G_A G_I G_N G_F G_U G_L
DISDAINFULLY	G_D G_I G_S G_D G_A G_I G_N G_F G_U G_L G_L G_Y
DISEASE	G_D G_I G_S G_E G_A G_S G_E
DISEASES	G_D G_I G_S G_E G_A G_S G_E G_S
DISENCHANTMENT	G_D G_I G_S G_E G_N G_C G_H G_A G_N G_T G_M G_E G_N G_T
DISENGAGED	G_D G_I G_S G_E G_N G_G G_A G_G G_E G_D
DISGRACE	G_D G_I G_S G_G G_R G_A G_C G_E
DISGRACEFUL	G_D G_I G_S G_G G_R G_A G_C G_E G_F G_U G_L
DISGUISE	G_D G_I G_S G_G G_U G_I G_S G_E
DISGUST	G_D G_I G_S G_G G_U G_S G_T
DISGUSTED	G_D G_I G_S G_G G_U G_S G_T G_E G_D
DISH	G_D G_I G_S G_H
DISHEARTENED	G_D G_I G_S G_H G_E G_A G_R G_T G_E G_N G_E G_D
DISHES	G_D G_I G_S G_H G_E G_S
DISLIKE	G_D G_I G_S G_L G_I G_K G_E
DISMAY	G_D G_I G_S G_M G_A G_Y
DISMISSED	G_D G_I G_S G_M G_I G_S G_S G_E G_D
DISMISSING	G_D G_I G_S G_M G_I G_S G_S G_I G_N G_G
DISMOUNTED	G_D G_I G_S G_M G_O G_U G_N G_T G_E G_D
DISOBEY	G_D G_I G_S G_O G_B G_E G_Y
DISOBEYED	G_D G_I G_S G_O G_B G_E G_Y G_E G_D
DISORDER	G_D G_I G_S G_O G_R G_D G_E G_R
DISPATCH	G_D G_I G_S G_P G_A G_T G_C G_H
DISPATCHED	G_D G_I G_S G_P G_A G_T G_C G_H G_E G_D
DISPENSED	G_D G_I G_S G_P G_E G_N G_S G_E G_D
DISPLACING	G_D G_I G_S G_P G_L G_A G_C G_I G_N G_G
DISPLAY	G_D G_I G_S G_P G_L G_A G_Y
DISPLAYED	G_D G_I G_S G_P G_L G_A G_Y G_E G_D
DISPOSED	G_D G_I G_S G_P G_O G_S G_E G_D
DISPOSITION	G_D G_I G_S G_P G_O G_S G_I G_T G_I G_O G_N
DISPUTE	G_D G_I G_S G_P G_U G_T G_E
DISQUIETED	G_D G_I G_S G_Q G_U G_I G_E G_T G_E G_D
DISREGARD	G_D G_I G_S G_R G_E G_G G_A G_R G_D
DISREGARDED	G_D G_I G_S G_R G_E G_G G_A G_R G_D G_E G_D
DISSATISFIED	G_D G_I G_S G_S G_A G_T G_I G_S G_F G_I G_E G_D
DISSERTATION	G_D G_I G_S G_S G_E G_R G_T G_A G_T G_I G_O G_N
DISSOLVING	G_D G_I G_S G_S G_O G_L G_V G_I G_N G_G
DISTAFF	G_D G_I G_S G_T G_A G_F G_F
DISTANCE	G_D G_I G_S G_T G_A G_N G_C G_E
DISTANCED	G_D G_I G_S G_T G_A G_N G_C G_E G_D
DISTANT	G_D G_I G_S G_T G_A G_N G_T
DISTASTEFUL	G_D G_I G_S G_T G_A G_S G_T G_E G_F G_U G_L
DISTINCT	G_D G_I G_S G_T G_I G_N G_C G_T
DISTINCTION	G_D G_I G_S G_T G_I G_N G_C G_T G_I G_O G_N
DISTINCTIONS	G_D G_I G_S G_T G_I G_N G_C G_T G_I G_O G_N G_S
DISTINCTIVE	G_D G_I G_S G_T G_I G_N G_C G_T G_I G_V G_E
DISTINCTIVELY	G_D G_I G_S G_T G_I G_N G_C G_T G_I G_V G_E G_L G_Y
DISTINCTLY	G_D G_I G_S G_T G_I G_N G_C G_T G_L G_Y
DISTINGUISH	G_D G_I G_S G_T G_I G_N G_G G_U G_I G_S G_H
DISTINGUISHED	G_D G_I G_S G_T G_I G_N G_G G_U G_I G_S G_H G_E G_D
DISTINGUISHING	G_D G_I G_S G_T G_I G_N G_G G_U G_I G_S G_H G_I G_N G_G
DISTRACTED	G_D G_I G_S G_T G_R G_A G_C G_T G_E G_D
DISTRESS	G_D G_I G_S G_T G_R G_E G_S G_S
DISTRESSED	G_D G_I G_S G_T G_R G_E G_S G_S G_E G_D
DISTRICT	G_D G_I G_S G_T G_R G_I G_C G_T
DISTURB	G_D G_I G_S G_T G_U G_R G_B
DISTURBED	G_D G_I G_S G_T G_U G_R G_B G_E G_D
DISTURBS	G_D G_I G_S G_T G_U G_R G_B G_S
DITCH	G_D G_I G_T G_C G_H
DIVE	G_D G_I G_V G_E
DIVERS	G_D G_I G_V G_E G_R G_S
DIVIDE	G_D G_I G_V G_I G_D G_E
DIVIDED	G_D G_I G_V G_I G_D G_E G_D
DIVIDES	G_D G_I G_V G_I G_D G_E G_S
DIVIDING	G_D G_I G_V G_I G_D G_I G_N G_G
DIVINE	G_D G_I G_V G_I G_N G_E
DIVINED	G_D G_I G_V G_I G_N G_E G_D
DIVINITY	G_D G_I G_V G_I G_N G_I G_T G_Y
DIVISION	G_D G_I G_V G_I G_S G_I G_O G_N
DIVORCE	G_D G_I G_V G_O G_R G_C G_E
DIVORCED	G_D G_I G_V G_O G_R G_C G_E G_D
DO	G_D G_O
DOCETES	G_D G_O G_C G_E G_T G_E G_S
DOCILE	G_D G_O G_C G_I G_L G_E
DOCK	G_D G_O G_C G_K
DOCTOR	G_D G_O G_C G_T G_O G_R
DOCTORS	G_D G_O G_C G_T G_O G_R G_S
DOCTRINE	G_D G_O G_C G_T G_R G_I G_N G_E
DOCTRINES	G_D G_O G_C G_T G_R G_I G_N G_E G_S
DODGING	G_D G_O G_D G_G G_I G_N G_G
DOES	G_D G_O G_E G_S
DOESN'T	G_D G_O G_E G_S G_N G_T
DOG	G_D G_O G_G
DOGWOOD	G_D G_O G_G G_W G_O G_O G_D
DOING	G_D G_O G_I G_N G_G
DOLE	G_D G_O G_L G_E
DOLL	G_D G_O G_L G_L
DOLLARS	G_D G_O G_L G_L G_A G_R G_S
DOMA	G_D G_O G_M G_A
DOME	G_D G_O G_M G_E
DOMED	G_D G_O G_M G_E G_D
DOMESTIC	G_D G_O G_M G_E G_S G_T G_I G_C
DOMINATED	G_D G_O G_M G_I G_N G_A G_T G_E G_D
DOMINIONS	G_D G_O G_M G_I G_N G_I G_O G_N G_S
DON	G_D G_O G_N
DON'T	G_D G_O G_N G_T
DONALD	G_D G_O G_N G_A G_L G_D
DONE	G_D G_O G_N G_E
DONKEY	G_D G_O G_N G_K G_E G_Y
DOOMED	G_D G_O G_O G_M G_E G_D
DOOR	G_D G_O G_O G_R
DOORS	G_D G_O G_O G_R G_S
DOORWAY	G_D G_O G_O G_R G_W G_A G_Y
DORMITORIES	G_D G_O G_R G_M G_I G_T G_O G_R G_I G_E G_S
DORMITORY	G_D G_O G_R G_M G_I G_T G_O G_R G_Y
DORRIFORTH	G_D G_O G_R G_R G_I G_F G_O G_R G_T G_H
DOST	G_D G_O G_S G_T
DOTH	G_D G_O G_T G_H
DOUBLE	G_D G_O G_U G_B G_L G_E
DOUBLED	G_D G_O G_U G_B G_L G_E G_D
DOUBLY	G_D G_O G_U G_B G_L G_Y
DOUBT	G_D G_O G_U G_B G_T
DOUBTING	G_D G_O G_U G_B G_T G_I G_N G_G
DOUBTS	G_D G_O G_U G_B G_T G_S
DOUGH	G_D G_O G_U G_G G_H
DOUGHNUTS	G_D G_O G_U G_G G_H G_N G_U G_T G_S
DOUGLAS	G_D G_O G_U G_G G_L G_A G_S
DOVE	G_D G_O G_V G_E
DOWLE	G_D G_O G_W G_L G_E
DOWN	G_D G_O G_W G_N
DOWNCAST	G_D G_O G_W G_N G_C G_A G_S G_T
DOWNRIGHT	G_D G_O G_W G_N G_R G_I G_G G_H G_T
DOWNSTAIRS	G_D G_O G_W G_N G_S G_T G_A G_I G_R G_S
DOWNWARD	G_D G_O G_W G_N G_W G_A G_R G_D
DOWNWARDS	G_D G_O G_W G_N G_W G_A G_R G_D G_S
DOWSON	G_D G_O G_W G_S G_O G_N
DOZEN	G_D G_O G_Z G_E G_N
DOZENS	G_D G_O G_Z G_E G_N G_S
DRACHM	G_D G_R G_A G_C G_H G_M
DRAFTED	G_D G_R G_A G_F G_T G_E G_D
DRAGGED	G_D G_R G_A G_G G_G G_E G_D
DRAGGING	G_D G_R G_A G_G G_G G_I G_N G_G
DRAGON	G_D G_R G_A G_G G_O G_N
DRAIN	G_D G_R G_A G_I G_N
DRAINAGE	G_D G_R G_A G_I G_N G_A G_G G_E
DRAMATIZE	G_D G_R G_A G_M G_A G_T G_I G_Z G_E
DRANK	G_D G_R G_A G_N G_K
DRAT	G_D G_R G_A G_T
DRAW	G_D G_R G_A G_W
DRAWER	G_D G_R G_A G_W G_E G_R
DRAWING	G_D G_R G_A G_W G_I G_N G_G
DRAWN	G_D G_R G_A G_W G_N
DRAWS	G_D G_R G_A G_W G_S
DREAD	G_D G_R G_E G_A G_D
DREADED	G_D G_R G_E G_A G_D G_E G_D
DREADFULNESS	G_D G_R G_E G_A G_D G_F G_U G_L G_N G_E G_S G_S
DREAM	G_D G_R G_E G_A G_M
DREAMED	G_D G_R G_E G_A G_M G_E G_D
DREAMING	G_D G_R G_E G_A G_M G_I G_N G_G
DREAMS	G_D G_R G_E G_A G_M G_S
DREAMT	G_D G_R G_E G_A G_M G_T
DREAMY	G_D G_R G_E G_A G_M G_Y
DREARILY	G_D G_R G_E G_A G_R G_I G_L G_Y
DREARY	G_D G_R G_E G_A G_R G_Y
DRESS	G_D G_R G_E G_S G_S
DRESSED	G_D G_R G_E G_S G_S G_E G_D
DRESSER	G_D G_R G_E G_S G_S G_E G_R
DRESSES	G_D G_R G_E G_S G_S G_E G_S
DRESSING	G_D G_R G_E G_S G_S G_I G_N G_G
DRESSMAKER	G_D G_R G_E G_S G_S G_M G_A G_K G_E G_R
DREW	G_D G_R G_E G_W
DRIED	G_D G_R G_I G_E G_D
DRIFTING	G_D G_R G_I G_F G_T G_I G_N G_G
DRINK	G_D G_R G_I G_N G_K
DRINKING	G_D G_R G_I G_N G_K G_I G_N G_G
DRINKS	G_D G_R G_I G_N G_K G_S
DRIPPING	G_D G_R G_I G_P G_P G_I G_N G_G
DRIVE	G_D G_R G_I G_V G_E
DRIVEN	G_D G_R G_I G_V G_E G_N
DRIVER	G_D G_R G_I G_V G_E G_R
DRIVING	G_D G_R G_I G_V G_I G_N G_G
DRIZZLE	G_D G_R G_I G_Z G_Z G_L G_E
DROOPED	G_D G_R G_O G_O G_P G_E G_D
DROPPED	G_D G_R G_O G_P G_P G_E G_D
DROPPING	G_D G_R G_O G_P G_P G_I G_N G_G
DROPS	G_D G_R G_O G_P G_S
DROUET	G_D G_R G_O G_U G_E G_T
DROUET'S	G_D G_R G_O G_U G_E G_T G_S
DROVE	G_D G_R G_O G_V G_E
DROWSY	G_D G_R G_O G_W G_S G_Y
DRUG	G_D G_R G_U G_G
DRUGS	G_D G_R G_U G_G G_S
DRUIDISM	G_D G_R G_U G_I G_D G_I G_S G_M
DRUNK	G_D G_R G_U G_N G_K
DRUNKARD	G_D G_R G_U G_N G_K G_A G_R G_D
DRY	G_D G_R G_Y
DRYING	G_D G_R G_Y G_I G_N G_G
DUAL	G_D G_U G_A G_L
DUBIOUSLY	G_D G_U G_B G_I G_O G_U G_S G_L G_Y
DUCKS	G_D G_U G_C G_K G_S
DUDE	G_D G_U G_D G_E
DUE	G_D G_U G_E
DUEL	G_D G_U G_E G_L
DUG	G_D G_U G_G
DUGOUT	G_D G_U G_G G_O G_U G_T
DUKES	G_D G_U G_K G_E G_S
DULCINEA	G_D G_U G_L G_C G_I G_N G_E G_A
DULL	G_D G_U G_L G_L
DUMB	G_D G_U G_M G_B
DUMMY'S	G_D G_U G_M G_M G_Y G_S
DUNCAN	G_D G_U G_N G_C G_A G_N
DUNGEON	G_D G_U G_N G_G G_E G_O G_N
DURING	G_D G_U G_R G_I G_N G_G
DUSK	G_D G_U G_S G_K
DUST	G_D G_U G_S G_T
DUSTY	G_D G_U G_S G_T G_Y
DUTIES	G_D G_U G_T G_I G_E G_S
DUTIFUL	G_D G_U G_T G_I G_F G_U G_L
DUTY	G_D G_U G_T G_Y
DWELL	G_D G_W G_E G_L G_L
DWELT	G_D G_W G_E G_L G_T
DYED	G_D G_Y G_E G_D
DYING	G_D G_Y G_I G_N G_G
E	G_E
E'ER	G_E G_E G_R
EACH	G_E G_A G_C G_H
EAGER	G_E G_A G_G G_E G_R
EAGERLY	G_E G_A G_G G_E G_R G_L G_Y
EAGERNESS	G_E G_A G_G G_E G_R G_N G_E G_S G_S
EAR	G_E G_A G_R
EARLIER	G_E G_A G_R G_L G_I G_E G_R
EARLIEST	G_E G_A G_R G_L G_I G_E G_S G_T
EARLY	G_E G_A G_R G_L G_Y
EARN	G_E G_A G_R G_N
EARNEST	G_E G_A G_R G_N G_E G_S G_T
EARNESTLY	G_E G_A G_R G_N G_E G_S G_T G_L G_Y
EARS	G_E G_A G_R G_S
EARTH	G_E G_A G_R G_T G_H
EARTHENWARE	G_E G_A G_R G_T G_H G_E G_N G_W G_A G_R G_E
EARTHLY	G_E G_A G_R G_T G_H G_L G_Y
EASE	G_E G_A G_S G_E
EASIER	G_E G_A G_S G_I G_E G_R
EASILY	G_E G_A G_S G_I G_L G_Y
EAST	G_E G_A G_S G_T
EASTER	G_E G_A G_S G_T G_E G_R
EASTERN	G_E G_A G_S G_T G_E G_R G_N
EASY	G_E G_A G_S G_Y
EAT	G_E G_A G_T
EATING	G_E G_A G_T G_I G_N G_G
EATS	G_E G_A G_T G_S
EBBED	G_E G_B G_B G_E G_D
EBIONITES	G_E G_B G_I G_O G_N G_I G_T G_E G_S
ECCLESIASTIC	G_E G_C G_C G_L G_E G_S G_I G_A G_S G_T G_I G_C
ECCLESIASTICAL	G_E G_C G_C G_L G_E G_S G_I G_A G_S G_T G_I G_C G_A G_L
ECCLESIASTICS	G_E G_C G_C G_L G_E G_S G_I G_A G_S G_T G_I G_C G_S
ECHOED	G_E G_C G_H G_O G_E G_D
ECHOES	G_E G_C G_H G_O G_E G_S
ECHOING	G_E G_C G_H G_O G_I G_N G_G
ECLIPSE	G_E G_C G_L G_I G_P G_S G_E
ECLIPSED	G_E G_C G_L G_I G_P G_S G_E G_D
EDDY	G_E G_D G_D G_Y
EDDYING	G_E G_D G_D G_Y G_I G_N G_G
EDGE	G_E G_D G_G G_E
EDGES	G_E G_D G_G G_E G_S
EDICT	G_E G_D G_I G_C G_T
EDIFICE	G_E G_D G_I G_F G_I G_C G_E
EDIFICES	G_E G_D G_I G_F G_I G_C G_E G_S
EDITION	G_E G_D G_I G_T G_I G_O G_N
EDITIONS	G_E G_D G_I G_T G_I G_O G_N G_S
EDITOR	G_E G_D G_I G_T G_O G_R
EDITORS	G_E G_D G_I G_T G_O G_R G_S
EDUCATING	G_E G_D G_U G_C G_A G_T G_I G_N G_G
EDUCATION	G_E G_D G_U G_C G_A G_T G_I G_O G_N
EDWARD	G_E G_D G_W G_A G_R G_D
EF	G_E G_F
EFFECT	G_E G_F G_F G_E G_C G_T
EFFECTS	G_E G_F G_F G_E G_C G_T G_S
EFFECTUAL	G_E G_F G_F G_E G_C G_T G_U G_A G_L
EFFETE	G_E G_F G_F G_E G_T G_E
EFFORT	G_E G_F G_F G_O G_R G_T
EFFORTS	G_E G_F G_F G_O G_R G_T G_S
EGG	G_E G_G G_G
EGGS	G_E G_G G_G G_S
EGOISM	G_E G_G G_O G_I G_S G_M
EGOISMS	G_E G_G G_O G_I G_S G_M G_S
EGOTISTICAL	G_E G_G G_O G_T G_I G_S G_T G_I G_C G_A G_L
EGYPT	G_E G_G G_Y G_P G_T
EGYPTIAN	G_E G_G G_Y G_P G_T G_I G_A G_N
EH	G_E G_H
EIGHT	G_E G_I G_G G_H G_T
EIGHTEEN	G_E G_I G_G G_H G_T G_E G_E G_N
EIGHTY	G_E G_I G_G G_H G_T G_Y
EITHER	G_E G_I G_T G_H G_E G_R
EJACULATED	G_E G_J G_A G_C G_U G_L G_A G_T G_E G_D
ELABORATE	G_E G_L G_A G_B G_O G_R G_A G_T G_E
ELAPSED	G_E G_L G_A G_P G_S G_E G_D
ELBE	G_E G_L G_B G_E
ELBOW	G_E G_L G_B G_O G_W
ELDER	G_E G_L G_D G_E G_R
ELDERS	G_E G_L G_D G_E G_R G_S
ELDEST	G_E G_L G_D G_E G_S G_T
ELECT	G_E G_L G_E G_C G_T
ELECTRONIC	G_E G_L G_E G_C G_T G_R G_O G_N G_I G_C
ELEMENT	G_E G_L G_E G_M G_E G_N G_T
ELEMENTARY	G_E G_L G_E G_M G_E G_N G_T G_A G_R G_Y
ELEMENTS	G_E G_L G_E G_M G_E G_N G_T G_S
ELEPHANT	G_E G_L G_E G_P G_H G_A G_N G_T
ELEVATION	G_E G_L G_E G_V G_A G_T G_I G_O G_N
ELEVATOR	G_E G_L G_E G_V G_A G_T G_O G_R
ELEVEN	G_E G_L G_E G_V G_E G_N
ELEVENTH	G_E G_L G_E G_V G_E G_N G_T G_H
ELLIS	G_E G_L G_L G_I G_S
ELM	G_E G_L G_M
ELOQUENTLY	G_E G_L G_O G_Q G_U G_E G_N G_T G_L G_Y
ELSE	G_E G_L G_S G_E
ELSE'S	G_E G_L G_S G_E G_S
ELSEWHERE	G_E G_L G_S G_E G_W G_H G_E G_R G_E
EM	G_E G_M
EMBANKMENT	G_E G_M G_B G_A G_N G_K G_M G_E G_N G_T
EMBARRASS	G_E G_M G_B G_A G_R G_R G_A G_S G_S
EMBARRASSED	G_E G_M G_B G_A G_R G_R G_A G_S G_S G_E G_D
EMBARRASSMENT	G_E G_M G_B G_A G_R G_R G_A G_S G_S G_M G_E G_N G_T
EMBEZZLEMENT	G_E G_M G_B G_E G_Z G_Z G_L G_E G_M G_E G_N G_T
EMBRACE	G_E G_M G_B G_R G_A G_C G_E
EMBRACED	G_E G_M G_B G_R G_A G_C G_E G_D
EMBRACES	G_E G_M G_B G_R G_A G_C G_E G_S
EMBRYOS	G_E G_M G_B G_R G_Y G_O G_S
EMERALD	G_E G_M G_E G_R G_A G_L G_D
EMERGED	G_E G_M G_E G_R G_G G_E G_D
EMERGENCY	G_E G_M G_E G_R G_G G_E G_N G_C G_Y
EMERGING	G_E G_M G_E G_R G_G G_I G_N G_G
EMIGRANT	G_E G_M G_I G_G G_R G_A G_N G_T
EMOTION	G_E G_M G_O G_T G_I G_O G_N
EMOTIONAL	G_E G_M G_O G_T G_I G_O G_N G_A G_L
EMOTIONS	G_E G_M G_O G_T G_I G_O G_N G_S
EMPEROR	G_E G_M G_P G_E G_R G_O G_R
EMPEROR'S	G_E G_M G_P G_E G_R G_O G_R G_S
EMPERORS	G_E G_M G_P G_E G_R G_O G_R G_S
EMPHASIS	G_E G_M G_P G_H G_A G_S G_I G_S
EMPHASISED	G_E G_M G_P G_H G_A G_S G_I G_S G_E G_D
EMPIRE	G_E G_M G_P G_I G_R G_E
EMPLOY	G_E G_M G_P G_L G_O G_Y
EMPLOYED	G_E G_M G_P G_L G_O G_Y G_E G_D
EMPTIED	G_E G_M G_P G_T G_I G_E G_D
EMPTY	G_E G_M G_P G_T G_Y
EMPTYING	G_E G_M G_P G_T G_Y G_I G_N G_G
EMULATED	G_E G_M G_U G_L G_A G_T G_E G_D
ENABLES	G_E G_N G_A G_B G_L G_E G_S
ENACTED	G_E G_N G_A G_C G_T G_E G_D
ENCHANTED	G_E G_N G_C G_H G_A G_N G_T G_E G_D
ENCHANTERS	G_E G_N G_C G_H G_A G_N G_T G_E G_R G_S
ENCHANTMENT	G_E G_N G_C G_H G_A G_N G_T G_M G_E G_N G_T
ENCLOSURE	G_E G_N G_C G_L G_O G_S G_U G_R G_E
ENCOUNTER	G_E G_N G_C G_O G_U G_N G_T G_E G_R
ENCOUNTERED	G_E G_N G_C G_O G_U G_N G_T G_E G_R G_E G_D
ENCOURAGED	G_E G_N G_C G_O G_U G_R G_A G_G G_E G_D
ENCUMBERED	G_E G_N G_C G_U G_M G_B G_E G_R G_E G_D
END	G_E G_N G_D
ENDEAVORING	G_E G_N G_D G_E G_A G_V G_O G_R G_I G_N G_G
ENDEAVORS	G_E G_N G_D G_E G_A G_V G_O G_R G_S
ENDEAVOURED	G_E G_N G_D G_E G_A G_V G_O G_U G_R G_E G_D
ENDED	G_E G_N G_D G_E G_D
ENDING	G_E G_N G_D G_I G_N G_G
ENDORSES	G_E G_N G_D G_O G_R G_S G_E G_S
ENDOW	G_E G_N G_D G_O G_W
ENDOWED	G_E G_N G_D G_O G_W G_E G_D
ENDURANCE	G_E G_N G_D G_U G_R G_A G_N G_C G_E
ENDURED	G_E G_N G_D G_U G_R G_E G_D
ENEMIES	G_E G_N G_E G_M G_I G_E G_S
ENEMY	G_E G_N G_E G_M G_Y
ENEMY'S	G_E G_N G_E G_M G_Y G_S
ENERGETIC	G_E G_N G_E G_R G_G G_E G_T G_I G_C
ENERGY	G_E G_N G_E G_R G_G G_Y
ENFORCES	G_E G_N G_F G_O G_R G_C G_E G_S
ENGAGE	G_E G_N G_G G_A G_G G_E
ENGAGED	G_E G_N G_G G_A G_G G_E G_D
ENGAGEMENT	G_E G_N G_G G_A G_G G_E G_M G_E G_N G_T
ENGINEER	G_E G_N G_G G_I G_N G_E G_E G_R
ENGLAND	G_E G_N G_G G_L G_A G_N G_D
ENGLISH	G_E G_N G_G G_L G_I G_S G_H
ENGROSSED	G_E G_N G_G G_R G_O G_S G_S G_E G_D
ENIGMA	G_E G_N G_I G_G G_M G_A
ENJOINING	G_E G_N G_J G_O G_I G_N G_I G_N G_G
ENJOY	G_E G_N G_J G_O G_Y
ENJOYED	G_E G_N G_J G_O G_Y G_E G_D
ENJOYING	G_E G_N G_J G_O G_Y G_I G_N G_G
ENLIST	G_E G_N G_L G_I G_S G_T
ENLISTED	G_E G_N G_L G_I G_S G_T G_E G_D
ENORMOUS	G_E G_N G_O G_R G_M G_O G_U G_S
ENOUGH	G_E G_N G_O G_U G_G G_H
ENQUIRED	G_E G_N G_Q G_U G_I G_R G_E G_D
ENRAGED	G_E G_N G_R G_A G_G G_E G_D
ENSURED	G_E G_N G_S G_U G_R G_E G_D
ENTANGLED	G_E G_N G_T G_A G_N G_G G_L G_E G_D
ENTER	G_E G_N G_T G_E G_R
ENTERED	G_E G_N G_T G_E G_R G_E G_D
ENTERPRISE	G_E G_N G_T G_E G_R G_P G_R G_I G_S G_E
ENTERTAIN	G_E G_N G_T G_E G_R G_T G_A G_I G_N
ENTERTAINED	G_E G_N G_T G_E G_R G_T G_A G_I G_N G_E G_D
ENTERTAINMENT	G_E G_N G_T G_E G_R G_T G_A G_I G_N G_M G_E G_N G_T
ENTHUSIASM	G_E G_N G_T G_H G_U G_S G_I G_A G_S G_M
ENTHUSIASTIC	G_E G_N G_T G_H G_U G_S G_I G_A G_S G_T G_I G_C
ENTICE	G_E G_N G_T G_I G_C G_E
ENTIRE	G_E G_N G_T G_I G_R G_E
ENTIRELY	G_E G_N G_T G_I G_R G_E G_L G_Y
ENTIRETY	G_E G_N G_T G_I G_R G_E G_T G_Y
ENTITLED	G_E G_N G_T G_I G_T G_L G_E G_D
ENTITY	G_E G_N G_T G_I G_T G_Y
ENTRANCE	G_E G_N G_T G_R G_A G_N G_C G_E
ENTREATED	G_E G_N G_T G_R G_E G_A G_T G_E G_D
ENTREATY	G_E G_N G_T G_R G_E G_A G_T G_Y
ENTREES	G_E G_N G_T G_R G_E G_E G_S
ENUNCIATION	G_E G_N G_U G_N G_C G_I G_A G_T G_I G_O G_N
ENVELOPE	G_E G_N G_V G_E G_L G_O G_P G_E
ENVELOPED	G_E G_N G_V G_E G_L G_O G_P G_E G_D
ENVELOPES	G_E G_N G_V G_E G_L G_O G_P G_E G_S
ENVIOUS	G_E G_N G_V G_I G_O G_U G_S
ENVIRONMENT	G_E G_N G_V G_I G_R G_O G_N G_M G_E G_N G_T
EPICURISM	G_E G_P G_I G_C G_U G_R G_I G_S G_M
EPIDEMIC	G_E G_P G_I G_D G_E G_M G_I G_C
EPILEPSY	G_E G_P G_I G_L G_E G_P G_S G_Y
EPILOBIUM	G_E G_P G_I G_L G_O G_B G_I G_U G_M
EPISTLE	G_E G_P G_I G_S G_T G_L G_E
EPISTLES	G_E G_P G_I G_S G_T G_L G_E G_S
EPOCH	G_E G_P G_O G_C G_H
EQUAL	G_E G_Q G_U G_A G_L
EQUALLY	G_E G_Q G_U G_A G_L G_L G_Y
EQUALS	G_E G_Q G_U G_A G_L G_S
EQUANIMITY	G_E G_Q G_U G_A G_N G_I G_M G_I G_T G_Y
EQUIPMENT	G_E G_Q G_U G_I G_P G_M G_E G_N G_T
EQUIPPED	G_E G_Q G_U G_I G_P G_P G_E G_D
ERA	G_E G_R G_A
ERE	G_E G_R G_E
ERECT	G_E G_R G_E G_C G_T
EREWHILE	G_E G_R G_E G_W G_H G_I G_L G_E
EREWHON	G_E G_R G_E G_W G_H G_O G_N
ERNEST	G_E G_R G_N G_E G_S G_T
ERRANT	G_E G_R G_R G_A G_N G_T
ERROR	G_E G_R G_R G_O G_R
ERRORS	G_E G_R G_R G_O G_R G_S
ESCAPE	G_E G_S G_C G_A G_P G_E
ESCAPED	G_E G_S G_C G_A G_P G_E G_D
ESKIMOS	G_E G_S G_K G_I G_M G_O G_S
ESPECIALLY	G_E G_S G_P G_E G_C G_I G_A G_L G_L G_Y
ESPOUSED	G_E G_S G_P G_O G_U G_S G_E G_D
ESSENCE	G_E G_S G_S G_E G_N G_C G_E
ESSENTIAL	G_E G_S G_S G_E G_N G_T G_I G_A G_L
ESSENTIALLY	G_E G_S G_S G_E G_N G_T G_I G_A G_L G_L G_Y
ESTABLISH	G_E G_S G_T G_A G_B G_L G_I G_S G_H
ESTABLISHED	G_E G_S G_T G_A G_B G_L G_I G_S G_H G_E G_D
ESTABLISHMENT	G_E G_S G_T G_A G_B G_L G_I G_S G_H G_M G_E G_N G_T
ESTEEM	G_E G_S G_T G_E G_E G_M
ESTEEMED	G_E G_S G_T G_E G_E G_M G_E G_D
ESTHER	G_E G_S G_T G_H G_E G_R
ESTIMATES	G_E G_S G_T G_I G_M G_A G_T G_E G_S
ESTIMATION	G_E G_S G_T G_I G_M G_A G_T G_I G_O G_N
ET	G_E G_T
ETCHED	G_E G_T G_C G_H G_E G_D
ETCHINGS	G_E G_T G_C G_H G_I G_N G_G G_S
ETERNAL	G_E G_T G_E G_R G_N G_A G_L
ETERNITIES	G_E G_T G_E G_R G_N G_I G_T G_I G_E G_S
ETERNITY	G_E G_T G_E G_R G_N G_I G_T G_Y
ETHEREAL	G_E G_T G_H G_E G_R G_E G_A G_L
EUCHARIST	G_E G_U G_C G_H G_A G_R G_I G_S G_T
EUCLID	G_E G_U G_C G_L G_I G_D
EUNUCHS	G_E G_U G_N G_U G_C G_H G_S
EUROPE	G_E G_U G_R G_O G_P G_E
EUSTON	G_E G_U G_S G_T G_O G_N
EVE	G_E G_V G_E
EVEN	G_E G_V G_E G_N
EVENING	G_E G_V G_E G_N G_I G_N G_G
EVENTFUL	G_E G_V G_E G_N G_T G_F G_U G_L
EVENTS	G_E G_V G_E G_N G_T G_S
EVENTUALLY	G_E G_V G_E G_N G_T G_U G_A G_L G_L G_Y
EVER	G_E G_V G_E G_R
EVER'BODY	G_E G_V G_E G_R G_B G_O G_D G_Y
EVERLASTING	G_E G_V G_E G_R G_L G_A G_S G_T G_I G_N G_G
EVERY	G_E G_V G_E G_R G_Y
EVERYBODY	G_E G_V G_E G_R G_Y G_B G_O G_D G_Y
EVERYDAY	G_E G_V G_E G_R G_Y G_D G_A G_Y
EVERYONE	G_E G_V G_E G_R G_Y G_O G_N G_E
EVERYTHING	G_E G_V G_E G_R G_Y G_T G_H G_I G_N G_G
EVERYWHERE	G_E G_V G_E G_R G_Y G_W G_H G_E G_R G_E
EVIDENCE	G_E G_V G_I G_D G_E G_N G_C G_E
EVIDENT	G_E G_V G_I G_D G_E G_N G_T
EVIDENTLY	G_E G_V G_I G_D G_E G_N G_T G_L G_Y
EVIL	G_E G_V G_I G_L
EVILS	G_E G_V G_I G_L G_S
EVINCED	G_E G_V G_I G_N G_C G_E G_D
EVINCING	G_E G_V G_I G_N G_C G_I G_N G_G
EWES	G_E G_W G_E G_S
EX	G_E G_X
EXACT	G_E G_X G_A G_C G_T
EXACTED	G_E G_X G_A G_C G_T G_E G_D
EXACTLY	G_E G_X G_A G_C G_T G_L G_Y
EXALTATION	G_E G_X G_A G_L G_T G_A G_T G_I G_O G_N
EXALTED	G_E G_X G_A G_L G_T G_E G_D
EXAMINED	G_E G_X G_A G_M G_I G_N G_E G_D
EXAMINING	G_E G_X G_A G_M G_I G_N G_I G_N G_G
EXAMPLE	G_E G_X G_A G_M G_P G_L G_E
EXASPERATION	G_E G_X G_A G_S G_P G_E G_R G_A G_T G_I G_O G_N
EXCEEDINGLY	G_E G_X G_C G_E G_E G_D G_I G_N G_G G_L G_Y
EXCELLENCY	G_E G_X G_C G_E G_L G_L G_E G_N G_C G_Y
EXCELLENT	G_E G_X G_C G_E G_L G_L G_E G_N G_T
EXCELLENTLY	G_E G_X G_C G_E G_L G_L G_E G_N G_T G_L G_Y
EXCEPT	G_E G_X G_C G_E G_P G_T
EXCEPTION	G_E G_X G_C G_E G_P G_T G_I G_O G_N
EXCHANGED	G_E G_X G_C G_H G_A G_N G_G G_E G_D
EXCITED	G_E G_X G_C G_I G_T G_E G_D
EXCITEMENT	G_E G_X G_C G_I G_T G_E G_M G_E G_N G_T
EXCITING	G_E G_X G_C G_I G_T G_I G_N G_G
EXCLAIMED	G_E G_X G_C G_L G_A G_I G_M G_E G_D
EXCLAIMING	G_E G_X G_C G_L G_A G_I G_M G_I G_N G_G
EXCLAMATION	G_E G_X G_C G_L G_A G_M G_A G_T G_I G_O G_N
EXCLAMATIONS	G_E G_X G_C G_L G_A G_M G_A G_T G_I G_O G_N G_S
EXCLUDED	G_E G_X G_C G_L G_U G_D G_E G_D
EXCLUSIVE	G_E G_X G_C G_L G_U G_S G_I G_V G_E
EXCURSION	G_E G_X G_C G_U G_R G_S G_I G_O G_N
EXCUSABLE	G_E G_X G_C G_U G_S G_A G_B G_L G_E
EXCUSE	G_E G_X G_C G_U G_S G_E
EXECUTE	G_E G_X G_E G_C G_U G_T G_E
EXECUTED	G_E G_X G_E G_C G_U G_T G_E G_D
EXECUTION	G_E G_X G_E G_C G_U G_T G_I G_O G_N
EXEMPLIFIED	G_E G_X G_E G_M G_P G_L G_I G_F G_I G_E G_D
EXEMPT	G_E G_X G_E G_M G_P G_T
EXERCISE	G_E G_X G_E G_R G_C G_I G_S G_E
EXERTIONS	G_E G_X G_E G_R G_T G_I G_O G_N G_S
EXHAUSTED	G_E G_X G_H G_A G_U G_S G_T G_E G_D
EXHAUSTION	G_E G_X G_H G_A G_U G_S G_T G_I G_O G_N
EXHAUSTIVE	G_E G_X G_H G_A G_U G_S G_T G_I G_V G_E
EXHIBITED	G_E G_X G_H G_I G_B G_I G_T G_E G_D
EXHIBITING	G_E G_X G_H G_I G_B G_I G_T G_I G_N G_G
EXHILARATING	G_E G_X G_H G_I G_L G_A G_R G_A G_T G_I G_N G_G
EXHORT	G_E G_X G_H G_O G_R G_T
EXILES	G_E G_X G_I G_L G_E G_S
EXIST	G_E G_X G_I G_S G_T
EXISTED	G_E G_X G_I G_S G_T G_E G_D
EXISTENCE	G_E G_X G_I G_S G_T G_E G_N G_C G_E
EXISTING	G_E G_X G_I G_S G_T G_I G_N G_G
EXISTS	G_E G_X G_I G_S G_T G_S
EXIT	G_E G_X G_I G_T
EXORBITANT	G_E G_X G_O G_R G_B G_I G_T G_A G_N G_T
EXPANSION	G_E G_X G_P G_A G_N G_S G_I G_O G_N
EXPECT	G_E G_X G_P G_E G_C G_T
EXPECTATIONS	G_E G_X G_P G_E G_C G_T G_A G_T G_I G_O G_N G_S
EXPECTED	G_E G_X G_P G_E G_C G_T G_E G_D
EXPECTING	G_E G_X G_P G_E G_C G_T G_I G_N G_G
EXPEDITION	G_E G_X G_P G_E G_D G_I G_T G_I G_O G_N
EXPEDITIOUSLY	G_E G_X G_P G_E G_D G_I G_T G_I G_O G_U G_S G_L G_Y
EXPENSE	G_E G_X G_P G_E G_N G_S G_E
EXPENSES	G_E G_X G_P G_E G_N G_S G_E G_S
EXPERIENCE	G_E G_X G_P G_E G_R G_I G_E G_N G_C G_E
EXPERIENCED	G_E G_X G_P G_E G_R G_I G_E G_N G_C G_E G_D
EXPERIMENTS	G_E G_X G_P G_E G_R G_I G_M G_E G_N G_T G_S
EXPIRE	G_E G_X G_P G_I G_R G_E
EXPIRED	G_E G_X G_P G_I G_R G_E G_D
EXPLAIN	G_E G_X G_P G_L G_A G_I G_N
EXPLAINED	G_E G_X G_P G_L G_A G_I G_N G_E G_D
EXPLANATION	G_E G_X G_P G_L G_A G_N G_A G_T G_I G_O G_N
EXPLODING	G_E G_X G_P G_L G_O G_D G_I G_N G_G
EXPLOITS	G_E G_X G_P G_L G_O G_I G_T G_S
EXPORTATION	G_E G_X G_P G_O G_R G_T G_A G_T G_I G_O G_N
EXPOSED	G_E G_X G_P G_O G_S G_E G_D
EXPOSTULATING	G_E G_X G_P G_O G_S G_T G_U G_L G_A G_T G_I G_N G_G
EXPRESS	G_E G_X G_P G_R G_E G_S G_S
EXPRESSED	G_E G_X G_P G_R G_E G_S G_S G_E G_D
EXPRESSES	G_E G_X G_P G_R G_E G_S G_S G_E G_S
EXPRESSING	G_E G_X G_P G_R G_E G_S G_S G_I G_N G_G
EXPRESSION	G_E G_X G_P G_R G_E G_S G_S G_I G_O G_N
EXPREST	G_E G_X G_P G_R G_E G_S G_T
EXQUISITE	G_E G_X G_Q G_U G_I G_S G_I G_T G_E
EXTENDED	G_E G_X G_T G_E G_N G_D G_E G_D
EXTENSION	G_E G_X G_T G_E G_N G_S G_I G_O G_N
EXTENSIVE	G_E G_X G_T G_E G_N G_S G_I G_V G_E
EXTENT	G_E G_X G_T G_E G_N G_T
EXTENUATING	G_E G_X G_T G_E G_N G_U G_A G_T G_I G_N G_G
EXTERMINATE	G_E G_X G_T G_E G_R G_M G_I G_N G_A G_T G_E
EXTERMINATION	G_E G_X G_T G_E G_R G_M G_I G_N G_A G_T G_I G_O G_N
EXTERNAL	G_E G_X G_T G_E G_R G_N G_A G_L
EXTINCT	G_E G_X G_T G_I G_N G_C G_T
EXTORTIONATE	G_E G_X G_T G_O G_R G_T G_I G_O G_N G_A G_T G_E
EXTRAORDINARILY	G_E G_X G_T G_R G_A G_O G_R G_D G_I G_N G_A G_R G_I G_L G_Y
EXTRAORDINARY	G_E G_X G_T G_R G_A G_O G_R G_D G_I G_N G_A G_R G_Y
EXTRAVAGANT	G_E G_X G_T G_R G_A G_V G_A G_G G_A G_N G_T
EXTREME	G_E G_X G_T G_R G_E G_M G_E
EXTREMELY	G_E G_X G_T G_R G_E G_M G_E G_L G_Y
EXTRICATING	G_E G_X G_T G_R G_I G_C G_A G_T G_I G_N G_G
EXUBERANCE	G_E G_X G_U G_B G_E G_R G_A G_N G_C G_E
EYE	G_E G_Y G_E
EYED	G_E G_Y G_E G_D
EYEING	G_E G_Y G_E G_I G_N G_G
EYELASHES	G_E G_Y G_E G_L G_A G_S G_H G_E G_S
EYELIDS	G_E G_Y G_E G_L G_I G_D G_S
EYES	G_E G_Y G_E G_S
FABER	G_F G_A G_B G_E G_R
FACE	G_F G_A G_C G_E
FACED	G_F G_A G_C G_E G_D
FACES	G_F G_A G_C G_E G_S
FACING	G_F G_A G_C G_I G_N G_G
FACT	G_F G_A G_C G_T
FACTOR'S	G_F G_A G_C G_T G_O G_R G_S
FACTS	G_F G_A G_C G_T G_S
FACULTIES	G_F G_A G_C G_U G_L G_T G_I G_E G_S
FADED	G_F G_A G_D G_E G_D
FADING	G_F G_A G_D G_I G_N G_G
FAGOTS	G_F G_A G_G G_O G_T G_S
FAIL	G_F G_A G_I G_L
FAILED	G_F G_A G_I G_L G_E G_D
FAILING	G_F G_A G_I G_L G_I G_N G_G
FAILS	G_F G_A G_I G_L G_S
FAILURE	G_F G_A G_I G_L G_U G_R G_E
FAIN	G_F G_A G_I G_N
FAINT	G_F G_A G_I G_N G_T
FAINTED	G_F G_A G_I G_N G_T G_E G_D
FAINTHEARTEDNESS	G_F G_A G_I G_N G_T G_H G_E G_A G_R G_T G_E G_D G_N G_E G_S G_S
FAIR	G_F G_A G_I G_R
FAIRIES	G_F G_A G_I G_R G_I G_E G_S
FAIRLY	G_F G_A G_I G_R G_L G_Y
FAIRS	G_F G_A G_I G_R G_S
FAIRY	G_F G_A G_I G_R G_Y
FAITH	G_F G_A G_I G_T G_H
FAITHFUL	G_F G_A G_I G_T G_H G_F G_U G_L
FAITHFULLY	G_F G_A G_I G_T G_H G_F G_U G_L G_L G_Y
FAKIRS	G_F G_A G_K G_I G_R G_S
FALL	G_F G_A G_L G_L
FALLACY	G_F G_A G_L G_L G_A G_C G_Y
FALLEN	G_F G_A G_L G_L G_E G_N
FALLING	G_F G_A G_L G_L G_I G_N G_G
FALLS	G_F G_A G_L G_L G_S
FALSE	G_F G_A G_L G_S G_E
FALSEHOOD	G_F G_A G_L G_S G_E G_H G_O G_O G_D
FALTERED	G_F G_A G_L G_T G_E G_R G_E G_D
FALTERING	G_F G_A G_L G_T G_E G_R G_I G_N G_G
FAME	G_F G_A G_M G_E
FAMILIARITY	G_F G_A G_M G_I G_L G_I G_A G_R G_I G_T G_Y
FAMILIES	G_F G_A G_M G_I G_L G_I G_E G_S
FAMILY	G_F G_A G_M G_I G_L G_Y
FAMINE	G_F G_A G_M G_I G_N G_E
FAMOUS	G_F G_A G_M G_O G_U G_S
FAMOUSLY	G_F G_A G_M G_O G_U G_S G_L G_Y
FANATICS	G_F G_A G_N G_A G_T G_I G_C G_S
FANCIED	G_F G_A G_N G_C G_I G_E G_D
FANCIFUL	G_F G_A G_N G_C G_I G_F G_U G_L
FANCY	G_F G_A G_N G_C G_Y
FANCYING	G_F G_A G_N G_C G_Y G_I G_N G_G
FANTASIES	G_F G_A G_N G_T G_A G_S G_I G_E G_S
FAR	G_F G_A G_R
FARED	G_F G_A G_R G_E G_D
FAREWELLS	G_F G_A G_R G_E G_W G_E G_L G_L G_S
FARM	G_F G_A G_R G_M
FARMER	G_F G_A G_R G_M G_E G_R
FARTHER	G_F G_A G_R G_T G_H G_E G_R
FASCINATED	G_F G_A G_S G_C G_I G_N G_A G_T G_E G_D
FASHION	G_F G_A G_S G_H G_I G_O G_N
FASHIONABLE	G_F G_A G_S G_H G_I G_O G_N G_A G_B G_L G_E
FASHIONED	G_F G_A G_S G_H G_I G_O G_N G_E G_D
FAST	G_F G_A G_S G_T
FASTEN	G_F G_A G_S G_T G_E G_N
FASTENED	G_F G_A G_S G_T G_E G_N G_E G_D
FASTENINGS	G_F G_A G_S G_T G_E G_N G_I G_N G_G G_S
FASTING	G_F G_A G_S G_T G_I G_N G_G
FAT	G_F G_A G_T
FATAL	G_F G_A G_T G_A G_L
FATE	G_F G_A G_T G_E
FATED	G_F G_A G_T G_E G_D
FATHER	G_F G_A G_T G_H G_E G_R
FATHER'S	G_F G_A G_T G_H G_E G_R G_S
FATHERS	G_F G_A G_T G_H G_E G_R G_S
FATIGUE	G_F G_A G_T G_I G_G G_U G_E
FAULT	G_F G_A G_U G_L G_T
FAULTS	G_F G_A G_U G_L G_T G_S
FAVOR	G_F G_A G_V G_O G_R
FAVORITE	G_F G_A G_V G_O G_R G_I G_T G_E
FAVOUR	G_F G_A G_V G_O G_U G_R
FAVOURABLE	G_F G_A G_V G_O G_U G_R G_A G_B G_L G_E
FAVOURITE	G_F G_A G_V G_O G_U G_R G_I G_T G_E
FEAR	G_F G_E G_A G_R
FEARFUL	G_F G_E G_A G_R G_F G_U G_L
FEARFULLY	G_F G_E G_A G_R G_F G_U G_L G_L G_Y
FEARING	G_F G_E G_A G_R G_I G_N G_G
FEARS	G_F G_E G_A G_R G_S
FEAST	G_F G_E G_A G_S G_T
FEATHER	G_F G_E G_A G_T G_H G_E G_R
FEATHERED	G_F G_E G_A G_T G_H G_E G_R G_E G_D
FEATHERS	G_F G_E G_A G_T G_H G_E G_R G_S
FEATURE	G_F G_E G_A G_T G_U G_R G_E
FEATURES	G_F G_E G_A G_T G_U G_R G_E G_S
FED	G_F G_E G_D
FEDERAL	G_F G_E G_D G_E G_R G_A G_L
FEE	G_F G_E G_E
FEEBLE	G_F G_E G_E G_B G_L G_E
FEEBLY	G_F G_E G_E G_B G_L G_Y
FEED	G_F G_E G_E G_D
FEEDING	G_F G_E G_E G_D G_I G_N G_G
FEEL	G_F G_E G_E G_L
FEELING	G_F G_E G_E G_L G_I G_N G_G
FEELINGS	G_F G_E G_E G_L G_I G_N G_G G_S
FEET	G_F G_E G_E G_T
FELICITATIONS	G_F G_E G_L G_I G_C G_I G_T G_A G_T G_I G_O G_N G_S
FELICITOUS	G_F G_E G_L G_I G_C G_I G_T G_O G_U G_S
FELIX	G_F G_E G_L G_I G_X
FELL	G_F G_E G_L G_L
FELLOW	G_F G_E G_L G_L G_O G_W
FELLOWS	G_F G_E G_L G_L G_O G_W G_S
FELLOWSHIP	G_F G_E G_L G_L G_O G_W G_S G_H G_I G_P
FELT	G_F G_E G_L G_T
FEMALE	G_F G_E G_M G_A G_L G_E
FEMININE	G_F G_E G_M G_I G_N G_I G_N G_E
FENCES	G_F G_E G_N G_C G_E G_S
FENCING	G_F G_E G_N G_C G_I G_N G_G
FERDINAND	G_F G_E G_R G_D G_I G_N G_A G_N G_D
FERMENTATION	G_F G_E G_R G_M G_E G_N G_T G_A G_T G_I G_O G_N
FERMENTED	G_F G_E G_R G_M G_E G_N G_T G_E G_D
FERNS	G_F G_E G_R G_N G_S
FEROCIOUSLY	G_F G_E G_R G_O G_C G_I G_O G_U G_S G_L G_Y
FERRY	G_F G_E G_R G_R G_Y
FERTILE	G_F G_E G_R G_T G_I G_L G_E
FERVENT	G_F G_E G_R G_V G_E G_N G_T
FERVOR	G_F G_E G_R G_V G_O G_R
FESTIVAL	G_F G_E G_S G_T G_I G_V G_A G_L
FESTIVE	G_F G_E G_S G_T G_I G_V G_E
FESTOON	G_F G_E G_S G_T G_O G_O G_N
FETCH	G_F G_E G_T G_C G_H
FETCHED	G_F G_E G_T G_C G_H G_E G_D
FETCHING	G_F G_E G_T G_C G_H G_I G_N G_G
FETES	G_F G_E G_T G_E G_S
FETID	G_F G_E G_T G_I G_D
FEUD	G_F G_E G_U G_D
FEUDS	G_F G_E G_U G_D G_S
FEVER	G_F G_E G_V G_E G_R
FEVERED	G_F G_E G_V G_E G_R G_E G_D
FEVERISHLY	G_F G_E G_V G_E G_R G_I G_S G_H G_L G_Y
FEW	G_F G_E G_W
FEWER	G_F G_E G_W G_E G_R
FIBI	G_F G_I G_B G_I
FIDDLE	G_F G_I G_D G_D G_L G_E
FIELD	G_F G_I G_E G_L G_D
FIELDS	G_F G_I G_E G_L G_D G_S
FIERCELY	G_F G_I G_E G_R G_C G_E G_L G_Y
FIERY	G_F G_I G_E G_R G_Y
FIFTEEN	G_F G_I G_F G_T G_E G_E G_N
FIFTH	G_F G_I G_F G_T G_H
FIFTY	G_F G_I G_F G_T G_Y
FIGHT	G_F G_I G_G G_H G_T
FIGHTING	G_F G_I G_G G_H G_T G_I G_N G_G
FIGURE	G_F G_I G_G G_U G_R G_E
FIGURES	G_F G_I G_G G_U G_R G_E G_S
FILCH	G_F G_I G_L G_C G_H
FILE	G_F G_I G_L G_E
FILING	G_F G_I G_L G_I G_N G_G
FILL	G_F G_I G_L G_L
FILLED	G_F G_I G_L G_L G_E G_D
FILLMORE	G_F G_I G_L G_L G_M G_O G_R G_E
FINAL	G_F G_I G_N G_A G_L
FINALLY	G_F G_I G_N G_A G_L G_L G_Y
FINCHES	G_F G_I G_N G_C G_H G_E G_S
FIND	G_F G_I G_N G_D
FINDING	G_F G_I G_N G_D G_I G_N G_G
FINDS	G_F G_I G_N G_D G_S
FINE	G_F G_I G_N G_E
FINELY	G_F G_I G_N G_E G_L G_Y
FINER	G_F G_I G_N G_E G_R
FINEST	G_F G_I G_N G_E G_S G_T
FINGER	G_F G_I G_N G_G G_E G_R
FINGERNAIL	G_F G_I G_N G_G G_E G_R G_N G_A G_I G_L
FINGERS	G_F G_I G_N G_G G_E G_R G_S
FINISH	G_F G_I G_N G_I G_S G_H
FINISHED	G_F G_I G_N G_I G_S G_H G_E G_D
FINNACTA	G_F G_I G_N G_N G_A G_C G_T G_A
FIR	G_F G_I G_R
FIRE	G_F G_I G_R G_E
FIRED	G_F G_I G_R G_E G_D
FIREPLACE	G_F G_I G_R G_E G_P G_L G_A G_C G_E
FIRES	G_F G_I G_R G_E G_S
FIRESIDES	G_F G_I G_R G_E G_S G_I G_D G_E G_S
FIRING	G_F G_I G_R G_I G_N G_G
FIRM	G_F G_I G_R G_M
FIRMLY	G_F G_I G_R G_M G_L G_Y
FIRMNESS	G_F G_I G_R G_M G_N G_E G_S G_S
FIRST	G_F G_I G_R G_S G_T
FISH	G_F G_I G_S G_H
FISHES	G_F G_I G_S G_H G_E G_S
FIST	G_F G_I G_S G_T
FIT	G_F G_I G_T
FITS	G_F G_I G_T G_S
FIVE	G_F G_I G_V G_E
FIXED	G_F G_I G_X G_E G_D
FIXING	G_F G_I G_X G_I G_N G_G
FJORD	G_F G_J G_O G_R G_D
FJORDUNGR	G_F G_J G_O G_R G_D G_U G_N G_G G_R
FLAG	G_F G_L G_A G_G
FLAGS	G_F G_L G_A G_G G_S
FLAKES	G_F G_L G_A G_K G_E G_S
FLAME	G_F G_L G_A G_M G_E
FLAMELETS	G_F G_L G_A G_M G_E G_L G_E G_T G_S
FLANK	G_F G_L G_A G_N G_K
FLANKS	G_F G_L G_A G_N G_K G_S
FLASH	G_F G_L G_A G_S G_H
FLASHED	G_F G_L G_A G_S G_H G_E G_D
FLAT	G_F G_L G_A G_T
FLATTER	G_F G_L G_A G_T G_T G_E G_R
FLATTERED	G_F G_L G_A G_T G_T G_E G_R G_E G_D
FLATTERING	G_F G_L G_A G_T G_T G_E G_R G_I G_N G_G
FLAVOR	G_F G_L G_A G_V G_O G_R
FLAVOUR	G_F G_L G_A G_V G_O G_U G_R
FLAX	G_F G_L G_A G_X
FLED	G_F G_L G_E G_D
FLESH	G_F G_L G_E G_S G_H
FLEW	G_F G_L G_E G_W
FLICKERED	G_F G_L G_I G_C G_K G_E G_R G_E G_D
FLIES	G_F G_L G_I G_E G_S
FLIGHT	G_F G_L G_I G_G G_H G_T
FLING	G_F G_L G_I G_N G_G
FLITTED	G_F G_L G_I G_T G_T G_E G_D
FLOATED	G_F G_L G_O G_A G_T G_E G_D
FLOATING	G_F G_L G_O G_A G_T G_I G_N G_G
FLOCK	G_F G_L G_O G_C G_K
FLOCKED	G_F G_L G_O G_C G_K G_E G_D
FLOCKS	G_F G_L G_O G_C G_K G_S
FLOG	G_F G_L G_O G_G
FLOGGING	G_F G_L G_O G_G G_G G_I G_N G_G
FLOOD	G_F G_L G_O G_O G_D
FLOODLIGHT	G_F G_L G_O G_O G_D G_L G_I G_G G_H G_T
FLOOR	G_F G_L G_O G_O G_R
FLOORS	G_F G_L G_O G_O G_R G_S
FLOUR	G_F G_L G_O G_U G_R
FLOURISHING	G_F G_L G_O G_U G_R G_I G_S G_H G_I G_N G_G
FLOW	G_F G_L G_O G_W
FLOWED	G_F G_L G_O G_W G_E G_D
FLOWER	G_F G_L G_O G_W G_E G_R
FLOWERS	G_F G_L G_O G_W G_E G_R G_S
FLOWERY	G_F G_L G_O G_W G_E G_R G_Y
FLOWING	G_F G_L G_O G_W G_I G_N G_G
FLOWN	G_F G_L G_O G_W G_N
FLOWS	G_F G_L G_O G_W G_S
FLUNG	G_F G_L G_U G_N G_G
FLUSHED	G_F G_L G_U G_S G_H G_E G_D
FLUSHING	G_F G_L G_U G_S G_H G_I G_N G_G
FLUTTERING	G_F G_L G_U G_T G_T G_E G_R G_I G_N G_G
FLY	G_F G_L G_Y
FLYING	G_F G_L G_Y G_I G_N G_G
FOAM	G_F G_O G_A G_M
FOCUSED	G_F G_O G_C G_U G_S G_E G_D
FOE	G_F G_O G_E
FOETUS	G_F G_O G_E G_T G_U G_S
FOIL	G_F G_O G_I G_L
FOLD	G_F G_O G_L G_D
FOLDED	G_F G_O G_L G_D G_E G_D
FOLIAGE	G_F G_O G_L G_I G_A G_G G_E
FOLK	G_F G_O G_L G_K
FOLKS	G_F G_O G_L G_K G_S
FOLLOW	G_F G_O G_L G_L G_O G_W
FOLLOWED	G_F G_O G_L G_L G_O G_W G_E G_D
FOLLOWER	G_F G_O G_L G_L G_O G_W G_E G_R
FOLLOWERS	G_F G_O G_L G_L G_O G_W G_E G_R G_S
FOLLOWING	G_F G_O G_L G_L G_O G_W G_I G_N G_G
FOLLOWS	G_F G_O G_L G_L G_O G_W G_S
FOND	G_F G_O G_N G_D
FONDLY	G_F G_O G_N G_D G_L G_Y
FOOD	G_F G_O G_O G_D
FOODS	G_F G_O G_O G_D G_S
FOOL	G_F G_O G_O G_L
FOOLISH	G_F G_O G_O G_L G_I G_S G_H
FOOLS	G_F G_O G_O G_L G_S
FOOT	G_F G_O G_O G_T
FOOTED	G_F G_O G_O G_T G_E G_D
FOOTING	G_F G_O G_O G_T G_I G_N G_G
FOOTPATH	G_F G_O G_O G_T G_P G_A G_T G_H
FOOTSTEP	G_F G_O G_O G_T G_S G_T G_E G_P
FOOTSTEPS	G_F G_O G_O G_T G_S G_T G_E G_P G_S
FOR	G_F G_O G_R
FORBADE	G_F G_O G_R G_B G_A G_D G_E
FORBEARANCE	G_F G_O G_R G_B G_E G_A G_R G_A G_N G_C G_E
FORBID	G_F G_O G_R G_B G_I G_D
FORBIDDING	G_F G_O G_R G_B G_I G_D G_D G_I G_N G_G
FORCE	G_F G_O G_R G_C G_E
FORCED	G_F G_O G_R G_C G_E G_D
FORCEMEAT	G_F G_O G_R G_C G_E G_M G_E G_A G_T
FORCES	G_F G_O G_R G_C G_E G_S
FORCIBLE	G_F G_O G_R G_C G_I G_B G_L G_E
FORCIBLY	G_F G_O G_R G_C G_I G_B G_L G_Y
FORECOURT	G_F G_O G_R G_E G_C G_O G_U G_R G_T
FOREFATHERS	G_F G_O G_R G_E G_F G_A G_T G_H G_E G_R G_S
FOREGO	G_F G_O G_R G_E G_G G_O
FOREHEAD	G_F G_O G_R G_E G_H G_E G_A G_D
FOREIGN	G_F G_O G_R G_E G_I G_G G_N
FOREIGNERS	G_F G_O G_R G_E G_I G_G G_N G_E G_R G_S
FOREMAN	G_F G_O G_R G_E G_M G_A G_N
FORENOON	G_F G_O G_R G_E G_N G_O G_O G_N
FOREST	G_F G_O G_R G_E G_S G_T
FORESTED	G_F G_O G_R G_E G_S G_T G_E G_D
FORESTS	G_F G_O G_R G_E G_S G_T G_S
FORETOLD	G_F G_O G_R G_E G_T G_O G_L G_D
FOREVER	G_F G_O G_R G_E G_V G_E G_R
FORGET	G_F G_O G_R G_G G_E G_T
FORGETFULNESS	G_F G_O G_R G_G G_E G_T G_F G_U G_L G_N G_E G_S G_S
FORGETS	G_F G_O G_R G_G G_E G_T G_S
FORGETTING	G_F G_O G_R G_G G_E G_T G_T G_I G_N G_G
FORGIVE	G_F G_O G_R G_G G_I G_V G_E
FORGIVEN	G_F G_O G_R G_G G_I G_V G_E G_N
FORGOT	G_F G_O G_R G_G G_O G_T
FORGOTTEN	G_F G_O G_R G_G G_O G_T G_T G_E G_N
FORLORN	G_F G_O G_R G_L G_O G_R G_N
FORM	G_F G_O G_R G_M
FORMED	G_F G_O G_R G_M G_E G_D
FORMER	G_F G_O G_R G_M G_E G_R
FORMERLY	G_F G_O G_R G_M G_E G_R G_L G_Y
FORMIDABLE	G_F G_O G_R G_M G_I G_D G_A G_B G_L G_E
FORMS	G_F G_O G_R G_M G_S
FORMULAS	G_F G_O G_R G_M G_U G_L G_A G_S
FORMULATED	G_F G_O G_R G_M G_U G_L G_A G_T G_E G_D
FORSOOK	G_F G_O G_R G_S G_O G_O G_K
FORT	G_F G_O G_R G_T
FORTH	G_F G_O G_R G_T G_H
FORTNIGHT	G_F G_O G_R G_T G_N G_I G_G G_H G_T
FORTS	G_F G_O G_R G_T G_S
FORTUNATE	G_F G_O G_R G_T G_U G_N G_A G_T G_E
FORTUNATELY	G_F G_O G_R G_T G_U G_N G_A G_T G_E G_L G_Y
FORTUNE	G_F G_O G_R G_T G_U G_N G_E
FORTUNES	G_F G_O G_R G_T G_U G_N G_E G_S
FORTY	G_F G_O G_R G_T G_Y
FORWARD	G_F G_O G_R G_W G_A G_R G_D
FORWARDS	G_F G_O G_R G_W G_A G_R G_D G_S
FOSTER'S	G_F G_O G_S G_T G_E G_R G_S
FOUGHT	G_F G_O G_U G_G G_H G_T
FOUL	G_F G_O G_U G_L
FOUND	G_F G_O G_U G_N G_D
FOUNDATION	G_F G_O G_U G_N G_D G_A G_T G_I G_O G_N
FOUNDED	G_F G_O G_U G_N G_D G_E G_D
FOUNTAIN	G_F G_O G_U G_N G_T G_A G_I G_N
FOUNTAINS	G_F G_O G_U G_N G_T G_A G_I G_N G_S
FOUR	G_F G_O G_U G_R
FOURTEEN	G_F G_O G_U G_R G_T G_E G_E G_N
FOURTH	G_F G_O G_U G_R G_T G_H
FOWL	G_F G_O G_W G_L
FOWLS	G_F G_O G_W G_L G_S
FRACTION	G_F G_R G_A G_C G_T G_I G_O G_N
FRAGMENTS	G_F G_R G_A G_G G_M G_E G_N G_T G_S
FRAGRANCE	G_F G_R G_A G_G G_R G_A G_N G_C G_E
FRAGRANT	G_F G_R G_A G_G G_R G_A G_N G_T
FRAID	G_F G_R G_A G_I G_D
FRAILTY	G_F G_R G_A G_I G_L G_T G_Y
FRAME	G_F G_R G_A G_M G_E
FRANCE	G_F G_R G_A G_N G_C G_E
FRANCISCO'S	G_F G_R G_A G_N G_C G_I G_S G_C G_O G_S
FRANK	G_F G_R G_A G_N G_K
FRANKS	G_F G_R G_A G_N G_K G_S
FRED	G_F G_R G_E G_D
FREDERICK	G_F G_R G_E G_D G_E G_R G_I G_C G_K
FREDERICK'S	G_F G_R G_E G_D G_E G_R G_I G_C G_K G_S
FREE	G_F G_R G_E G_E
FREED	G_F G_R G_E G_E G_D
FREEDOM	G_F G_R G_E G_E G_D G_O G_M
FREELY	G_F G_R G_E G_E G_L G_Y
FRENCH	G_F G_R G_E G_N G_C G_H
FRENZY	G_F G_R G_E G_N G_Z G_Y
FREQUENTLY	G_F G_R G_E G_Q G_U G_E G_N G_T G_L G_Y
FRERE	G_F G_R G_E G_R G_E
FRESH	G_F G_R G_E G_S G_H
FRETTING	G_F G_R G_E G_T G_T G_I G_N G_G
FRIAR	G_F G_R G_I G_A G_R
FRIED	G_F G_R G_I G_E G_D
FRIEND	G_F G_R G_I G_E G_N G_D
FRIEND'S	G_F G_R G_I G_E G_N G_D G_S
FRIENDLY	G_F G_R G_I G_E G_N G_D G_L G_Y
FRIENDS	G_F G_R G_I G_E G_N G_D G_S
FRIENDSHIP	G_F G_R G_I G_E G_N G_D G_S G_H G_I G_P
FRIENDSHIPS	G_F G_R G_I G_E G_N G_D G_S G_H G_I G_P G_S
FRIERSON'S	G_F G_R G_I G_E G_R G_S G_O G_N G_S
FRIGHTEN	G_F G_R G_I G_G G_H G_T G_E G_N
FRIGHTENED	G_F G_R G_I G_G G_H G_T G_E G_N G_E G_D
FRIGHTFUL	G_F G_R G_I G_G G_H G_T G_F G_U G_L
FRIGHTFULLY	G_F G_R G_I G_G G_H G_T G_F G_U G_L G_L G_Y
FRINGE	G_F G_R G_I G_N G_G G_E
FRIVOLOUS	G_F G_R G_I G_V G_O G_L G_O G_U G_S
FRO	G_F G_R G_O
FROG	G_F G_R G_O G_G
FROLIC	G_F G_R G_O G_L G_I G_C
FROM	G_F G_R G_O G_M
FRONT	G_F G_R G_O G_N G_T
FRONTIERS	G_F G_R G_O G_N G_T G_I G_E G_R G_S
FROST	G_F G_R G_O G_S G_T
FROWN	G_F G_R G_O G_W G_N
FROWNED	G_F G_R G_O G_W G_N G_E G_D
FRUIT	G_F G_R G_U G_I G_T
FRUITFUL	G_F G_R G_U G_I G_T G_F G_U G_L
FRY	G_F G_R G_Y
FUCHS	G_F G_U G_C G_H G_S
FUEL	G_F G_U G_E G_L
FULFILL	G_F G_U G_L G_F G_I G_L G_L
FULFILLING	G_F G_U G_L G_F G_I G_L G_L G_I G_N G_G
FULL	G_F G_U G_L G_L
FULLY	G_F G_U G_L G_L G_Y
FUMBLED	G_F G_U G_M G_B G_L G_E G_D
FUME	G_F G_U G_M G_E
FUN	G_F G_U G_N
FUNCTIONS	G_F G_U G_N G_C G_T G_I G_O G_N G_S
FUNNY	G_F G_U G_N G_N G_Y
FURNISH	G_F G_U G_R G_N G_I G_S G_H
FURNISHED	G_F G_U G_R G_N G_I G_S G_H G_E G_D
FURNISHING	G_F G_U G_R G_N G_I G_S G_H G_I G_N G_G
FURNITURE	G_F G_U G_R G_N G_I G_T G_U G_R G_E
FURTHER	G_F G_U G_R G_T G_H G_E G_R
FURTIVE	G_F G_U G_R G_T G_I G_V G_E
FURY	G_F G_U G_R G_Y
FUSS	G_F G_U G_S G_S
FUTILITY	G_F G_U G_T G_I G_L G_I G_T G_Y
FUTURE	G_F G_U G_T G_U G_R G_E
GABLES	G_G G_A G_B G_L G_E G_S
GAGE	G_G G_A G_G G_E
GAILY	G_G G_A G_I G_L G_Y
GAINS	G_G G_A G_I G_N G_S
GAIT	G_G G_A G_I G_T
GALLANT	G_G G_A G_L G_L G_A G_N G_T
GALLERY	G_G G_A G_L G_L G_E G_R G_Y
GALLOPED	G_G G_A G_L G_L G_O G_P G_E G_D
GALLOPING	G_G G_A G_L G_L G_O G_P G_I G_N G_G
GAMBLED	G_G G_A G_M G_B G_L G_E G_D
GAME	G_G G_A G_M G_E
GAMES	G_G G_A G_M G_E G_S
GANG	G_G G_A G_N G_G
GANNY	G_G G_A G_N G_N G_Y
GAPING	G_G G_A G_P G_I G_N G_G
GARDAR	G_G G_A G_R G_D G_A G_R
GARDEN	G_G G_A G_R G_D G_E G_N
GARDENER	G_G G_A G_R G_D G_E G_N G_E G_R
GARDENER'S	G_G G_A G_R G_D G_E G_N G_E G_R G_S
GARDENS	G_G G_A G_R G_D G_E G_N G_S
GARISH	G_G G_A G_R G_I G_S G_H
GARLIC	G_G G_A G_R G_L G_I G_C
GARMENT	G_G G_A G_R G_M G_E G_N G_T
GARMENTS	G_G G_A G_R G_M G_E G_N G_T G_S
GARNERED	G_G G_A G_R G_N G_E G_R G_E G_D
GARNISH	G_G G_A G_R G_N G_I G_S G_H
GARNISHED	G_G G_A G_R G_N G_I G_S G_H G_E G_D
GARRISON	G_G G_A G_R G_R G_I G_S G_O G_N
GAS	G_G G_A G_S
GASCON	G_G G_A G_S G_C G_O G_N
GASH	G_G G_A G_S G_H
GASPED	G_G G_A G_S G_P G_E G_D
GASPING	G_G G_A G_S G_P G_I G_N G_G
GATE	G_G G_A G_T G_E
GATES	G_G G_A G_T G_E G_S
GATHER	G_G G_A G_T G_H G_E G_R
GATHERED	G_G G_A G_T G_H G_E G_R G_E G_D
GATHERING	G_G G_A G_T G_H G_E G_R G_I G_N G_G
GAUNT	G_G G_A G_U G_N G_T
GAVE	G_G G_A G_V G_E
GAY	G_G G_A G_Y
GAYETY	G_G G_A G_Y G_E G_T G_Y
GAZED	G_G G_A G_Z G_E G_D
GAZELLE	G_G G_A G_Z G_E G_L G_L G_E
GAZES	G_G G_A G_Z G_E G_S
GAZETTE	G_G G_A G_Z G_E G_T G_T G_E
GAZING	G_G G_A G_Z G_I G_N G_G
GELATIN	G_G G_E G_L G_A G_T G_I G_N
GENERAL	G_G G_E G_N G_E G_R G_A G_L
GENERALLY	G_G G_E G_N G_E G_R G_A G_L G_L G_Y
GENERALS	G_G G_E G_N G_E G_R G_A G_L G_S
GENERALSHIP	G_G G_E G_N G_E G_R G_A G_L G_S G_H G_I G_P
GENERATED	G_G G_E G_N G_E G_R G_A G_T G_E G_D
GENERATION	G_G G_E G_N G_E G_R G_A G_T G_I G_O G_N
GENERATIONS	G_G G_E G_N G_E G_R G_A G_T G_I G_O G_N G_S
GENEROSITY	G_G G_E G_N G_E G_R G_O G_S G_I G_T G_Y
GENEROUS	G_G G_E G_N G_E G_R G_O G_U G_S
GENIUS	G_G G_E G_N G_I G_U G_S
GENTILE	G_G G_E G_N G_T G_I G_L G_E
GENTLE	G_G G_E G_N G_T G_L G_E
GENTLEMAN	G_G G_E G_N G_T G_L G_E G_M G_A G_N
GENTLEMEN	G_G G_E G_N G_T G_L G_E G_M G_E G_N
GENTLEWOMAN	G_G G_E G_N G_T G_L G_E G_W G_O G_M G_A G_N
GENTLY	G_G G_E G_N G_T G_L G_Y
GENTRY	G_G G_E G_N G_T G_R G_Y
GENUINE	G_G G_E G_N G_U G_I G_N G_E
GEOGRAPHERS	G_G G_E G_O G_G G_R G_A G_P G_H G_E G_R G_S
GEOMETRICAL	G_G G_E G_O G_M G_E G_T G_R G_I G_C G_A G_L
GEORGE	G_G G_E G_O G_R G_G G_E
GERMAN	G_G G_E G_R G_M G_A G_N
GERMANS	G_G G_E G_R G_M G_A G_N G_S
GERMANY	G_G G_E G_R G_M G_A G_N G_Y
GESTICULATING	G_G G_E G_S G_T G_I G_C G_U G_L G_A G_T G_I G_N G_G
GET	G_G G_E G_T
GETS	G_G G_E G_T G_S
GETTING	G_G G_E G_T G_T G_I G_N G_G
GHASTLY	G_G G_H G_A G_S G_T G_L G_Y
GHOST	G_G G_H G_O G_S G_T
GHOSTS	G_G G_H G_O G_S G_T G_S
GHOUL	G_G G_H G_O G_U G_L
GIANT	G_G G_I G_A G_N G_T
GIBRALTAR	G_G G_I G_B G_R G_A G_L G_T G_A G_R
GIDDILY	G_G G_I G_D G_D G_I G_L G_Y
GIFT	G_G G_I G_F G_T
GIFTED	G_G G_I G_F G_T G_E G_D
GIFTS	G_G G_I G_F G_T G_S
GIGANTIC	G_G G_I G_G G_A G_N G_T G_I G_C
GILLIAN	G_G G_I G_L G_L G_I G_A G_N
GILLS	G_G G_I G_L G_L G_S
GILT	G_G G_I G_L G_T
GIN	G_G G_I G_N
GINGER	G_G G_I G_N G_G G_E G_R
GINGLE	G_G G_I G_N G_G G_L G_E
GIRDLE	G_G G_I G_R G_D G_L G_E
GIRL	G_G G_I G_R G_L
GIRL'S	G_G G_I G_R G_L G_S
GIRLS	G_G G_I G_R G_L G_S
GIVE	G_G G_I G_V G_E
GIVEN	G_G G_I G_V G_E G_N
GIVES	G_G G_I G_V G_E G_S
GIVETH	G_G G_I G_V G_E G_T G_H
GIVING	G_G G_I G_V G_I G_N G_G
GLACIER	G_G G_L G_A G_C G_I G_E G_R
GLACIERS	G_G G_L G_A G_C G_I G_E G_R G_S
GLAD	G_G G_L G_A G_D
GLADDEN	G_G G_L G_A G_D G_D G_E G_N
GLADDEN'S	G_G G_L G_A G_D G_D G_E G_N G_S
GLADDENED	G_G G_L G_A G_D G_D G_E G_N G_E G_D
GLADLY	G_G G_L G_A G_D G_L G_Y
GLANCE	G_G G_L G_A G_N G_C G_E
GLANCED	G_G G_L G_A G_N G_C G_E G_D
GLANCES	G_G G_L G_A G_N G_C G_E G_S
GLANCING	G_G G_L G_A G_N G_C G_I G_N G_G
GLARED	G_G G_L G_A G_R G_E G_D
GLASS	G_G G_L G_A G_S G_S
GLASSY	G_G G_L G_A G_S G_S G_Y
GLEAM	G_G G_L G_E G_A G_M
GLEAMED	G_G G_L G_E G_A G_M G_E G_D
GLENARVAN	G_G G_L G_E G_N G_A G_R G_V G_A G_N
GLENARVAN'S	G_G G_L G_E G_N G_A G_R G_V G_A G_N G_S
GLIMPSE	G_G G_L G_I G_M G_P G_S G_E
GLITTER	G_G G_L G_I G_T G_T G_E G_R
GLOAMING	G_G G_L G_O G_A G_M G_I G_N G_G
GLOAT	G_G G_L G_O G_A G_T
GLOOM	G_G G_L G_O G_O G_M
GLOOMY	G_G G_L G_O G_O G_M G_Y
GLORIA	G_G G_L G_O G_R G_I G_A
GLORIES	G_G G_L G_O G_R G_I G_E G_S
GLORIFICATION	G_G G_L G_O G_R G_I G_F G_I G_C G_A G_T G_I G_O G_N
GLORIFIED	G_G G_L G_O G_R G_I G_F G_I G_E G_D
GLORIOUS	G_G G_L G_O G_R G_I G_O G_U G_S
GLORY	G_G G_L G_O G_R G_Y
GLOVED	G_G G_L G_O G_V G_E G_D
GLOVES	G_G G_L G_O G_V G_E G_S
GLOW	G_G G_L G_O G_W
GLOWING	G_G G_L G_O G_W G_I G_N G_G
GLUED	G_G G_L G_U G_E G_D
GLYCERIN	G_G G_L G_Y G_C G_E G_R G_I G_N
GO	G_G G_O
GOBLETS	G_G G_O G_B G_L G_E G_T G_S
GOD	G_G G_O G_D
GODHEAD	G_G G_O G_D G_H G_E G_A G_D
GODS	G_G G_O G_D G_S
GOES	G_G G_O G_E G_S
GOING	G_G G_O G_I G_N G_G
GOLD	G_G G_O G_L G_D
GOLDEN	G_G G_O G_L G_D G_E G_N
GONDOLA	G_G G_O G_N G_D G_O G_L G_A
GONE	G_G G_O G_N G_E
GONG	G_G G_O G_N G_G
GOOD	G_G G_O G_O G_D
GOODLY	G_G G_O G_O G_D G_L G_Y
GOODNESS	G_G G_O G_O G_D G_N G_E G_S G_S
GOODS	G_G G_O G_O G_D G_S
GORGE	G_G G_O G_R G_G G_E
GOSPEL	G_G G_O G_S G_P G_E G_L
GOSPELS	G_G G_O G_S G_P G_E G_L G_S
GOSSIP	G_G G_O G_S G_S G_I G_P
GOSSOONS	G_G G_O G_S G_S G_O G_O G_N G_S
GOT	G_G G_O G_T
GOTHIC	G_G G_O G_T G_H G_I G_C
GOTHS	G_G G_O G_T G_H G_S
GOTTEN	G_G G_O G_T G_T G_E G_N
GOURMETS	G_G G_O G_U G_R G_M G_E G_T G_S
GOUTY	G_G G_O G_U G_T G_Y
GOVERNESS	G_G G_O G_V G_E G_R G_N G_E G_S G_S
GOVERNMENT	G_G G_O G_V G_E G_R G_N G_M G_E G_N G_T
GOVERNOR	G_G G_O G_V G_E G_R G_N G_O G_R
GOWN	G_G G_O G_W G_N
GOWNS	G_G G_O G_W G_N G_S
GRABBED	G_G G_R G_A G_B G_B G_E G_D
GRACE	G_G G_R G_A G_C G_E
GRACEFUL	G_G G_R G_A G_C G_E G_F G_U G_L
GRACES	G_G G_R G_A G_C G_E G_S
GRADATIONS	G_G G_R G_A G_D G_A G_T G_I G_O G_N G_S
GRADUALLY	G_G G_R G_A G_D G_U G_A G_L G_L G_Y
GRAIN	G_G G_R G_A G_I G_N
GRAND	G_G G_R G_A G_N G_D
GRANDAM	G_G G_R G_A G_N G_D G_A G_M
GRANDCHILD	G_G G_R G_A G_N G_D G_C G_H G_I G_L G_D
GRANDEST	G_G G_R G_A G_N G_D G_E G_S G_T
GRANDEUR	G_G G_R G_A G_N G_D G_E G_U G_R
GRANDFATHER	G_G G_R G_A G_N G_D G_F G_A G_T G_H G_E G_R
GRANDMOTHER	G_G G_R G_A G_N G_D G_M G_O G_T G_H G_E G_R
GRANDPARENTS	G_G G_R G_A G_N G_D G_P G_A G_R G_E G_N G_T G_S
GRANT	G_G G_R G_A G_N G_T
GRANTED	G_G G_R G_A G_N G_T G_E G_D
GRAPPLING	G_G G_R G_A G_P G_P G_L G_I G_N G_G
GRASP	G_G G_R G_A G_S G_P
GRASPING	G_G G_R G_A G_S G_P G_I G_N G_G
GRASS	G_G G_R G_A G_S G_S
GRATE	G_G G_R G_A G_T G_E
GRATED	G_G G_R G_A G_T G_E G_D
GRATEFUL	G_G G_R G_A G_T G_E G_F G_U G_L
GRATEFULLY	G_G G_R G_A G_T G_E G_F G_U G_L G_L G_Y
GRATIFICATION	G_G G_R G_A G_T G_I G_F G_I G_C G_A G_T G_I G_O G_N
GRATIFY	G_G G_R G_A G_T G_I G_F G_Y
GRATITUDE	G_G G_R G_A G_T G_I G_T G_U G_D G_E
GRAVE	G_G G_R G_A G_V G_E
GRAVEL	G_G G_R G_A G_V G_E G_L
GRAVELY	G_G G_R G_A G_V G_E G_L G_Y
GRAVITATION	G_G G_R G_A G_V G_I G_T G_A G_T G_I G_O G_N
GRAY	G_G G_R G_A G_Y
GREASING	G_G G_R G_E G_A G_S G_I G_N G_G
GREAT	G_G G_R G_E G_A G_T
GREATER	G_G G_R G_E G_A G_T G_E G_R
GREATEST	G_G G_R G_E G_A G_T G_E G_S G_T
GREATLY	G_G G_R G_E G_A G_T G_L G_Y
GREATNESS	G_G G_R G_E G_A G_T G_N G_E G_S G_S
GREECE	G_G G_R G_E G_E G_C G_E
GREED	G_G G_R G_E G_E G_D
GREEDILY	G_G G_R G_E G_E G_D G_I G_L G_Y
GREEDY	G_G G_R G_E G_E G_D G_Y
GREEK	G_G G_R G_E G_E G_K
GREEKS	G_G G_R G_E G_E G_K G_S
GREEN	G_G G_R G_E G_E G_N
GREENEST	G_G G_R G_E G_E G_N G_E G_S G_T
GREETED	G_G G_R G_E G_E G_T G_E G_D
GREETING	G_G G_R G_E G_E G_T G_I G_N G_G
GREGOR	G_G G_R G_E G_G G_O G_R
GRETHEL	G_G G_R G_E G_T G_H G_E G_L
GREW	G_G G_R G_E G_W
GREY	G_G G_R G_E G_Y
GRIEF	G_G G_R G_I G_E G_F
GRIEVANCES	G_G G_R G_I G_E G_V G_A G_N G_C G_E G_S
GRIEVED	G_G G_R G_I G_E G_V G_E G_D
GRIFFIN'S	G_G G_R G_I G_F G_F G_I G_N G_S
GRIM	G_G G_R G_I G_M
GRIMACE	G_G G_R G_I G_M G_A G_C G_E
GRIMLY	G_G G_R G_I G_M G_L G_Y
GRINDING	G_G G_R G_I G_N G_D G_I G_N G_G
GRIP	G_G G_R G_I G_P
GRIPPED	G_G G_R G_I G_P G_P G_E G_D
GROAN	G_G G_R G_O G_A G_N
GROANED	G_G G_R G_O G_A G_N G_E G_D
GROANS	G_G G_R G_O G_A G_N G_S
GROCERS	G_G G_R G_O G_C G_E G_R G_S
GROOM'S	G_G G_R G_O G_O G_M G_S
GROPING	G_G G_R G_O G_P G_I G_N G_G
GROSS	G_G G_R G_O G_S G_S
GROSSER	G_G G_R G_O G_S G_S G_E G_R
GROTESQUELY	G_G G_R G_O G_T G_E G_S G_Q G_U G_E G_L G_Y
GROUND	G_G G_R G_O G_U G_N G_D
GROUNDS	G_G G_R G_O G_U G_N G_D G_S
GROUP	G_G G_R G_O G_U G_P
GROUPED	G_G G_R G_O G_U G_P G_E G_D
GROUPS	G_G G_R G_O G_U G_P G_S
GROVEL	G_G G_R G_O G_V G_E G_L
GROW	G_G G_R G_O G_W
GROWING	G_G G_R G_O G_W G_I G_N G_G
GROWLED	G_G G_R G_O G_W G_L G_E G_D
GROWLING	G_G G_R G_O G_W G_L G_I G_N G_G
GROWN	G_G G_R G_O G_W G_N
GROWS	G_G G_R G_O G_W G_S
GROWTH	G_G G_R G_O G_W G_T G_H
GRUB	G_G G_R G_U G_B
GRUMBLED	G_G G_R G_U G_M G_B G_L G_E G_D
GRUMBLER	G_G G_R G_U G_M G_B G_L G_E G_R
GRUMBLINGLY	G_G G_R G_U G_M G_B G_L G_I G_N G_G G_L G_Y
GRUNTED	G_G G_R G_U G_N G_T G_E G_D
GRYCE	G_G G_R G_Y G_C G_E
GUARANTEE	G_G G_U G_A G_R G_A G_N G_T G_E G_E
GUARD	G_G G_U G_A G_R G_D
GUARDED	G_G G_U G_A G_R G_D G_E G_D
GUARDS	G_G G_U G_A G_R G_D G_S
GUESS	G_G G_U G_E G_S G_S
GUESTS	G_G G_U G_E G_S G_T G_S
GUIDE	G_G G_U G_I G_D G_E
GUIDED	G_G G_U G_I G_D G_E G_D
GUIDES	G_G G_U G_I G_D G_E G_S
GUIDEST	G_G G_U G_I G_D G_E G_S G_T
GUILT	G_G G_U G_I G_L G_T
GUILTILY	G_G G_U G_I G_L G_T G_I G_L G_Y
GUILTY	G_G G_U G_I G_L G_T G_Y
GUINEAS	G_G G_U G_I G_N G_E G_A G_S
GUITAR	G_G G_U G_I G_T G_A G_R
GULF	G_G G_U G_L G_F
GULFS	G_G G_U G_L G_F G_S
GULLY	G_G G_U G_L G_L G_Y
GULP	G_G G_U G_L G_P
GUN	G_G G_U G_N
GUSHES	G_G G_U G_S G_H G_E G_S
GUTTERED	G_G G_U G_T G_T G_E G_R G_E G_D
GUY'S	G_G G_U G_Y G_S
GWYNPLAINE	G_G G_W G_Y G_N G_P G_L G_A G_I G_N G_E
GWYNPLAINE'S	G_G G_W G_Y G_N G_P G_L G_A G_I G_N G_E G_S
GYMNAST	G_G G_Y G_M G_N G_A G_S G_T
HABIT	G_H G_A G_B G_I G_T
HAD	G_H G_A G_D
HADDOCK	G_H G_A G_D G_D G_O G_C G_K
HADN'T	G_H G_A G_D G_N G_T
HAIL	G_H G_A G_I G_L
HAIR	G_H G_A G_I G_R
HAIRED	G_H G_A G_I G_R G_E G_D
HALF	G_H G_A G_L G_F
HALFPENNY	G_H G_A G_L G_F G_P G_E G_N G_N G_Y
HALL	G_H G_A G_L G_L
HALLECK	G_H G_A G_L G_L G_E G_C G_K
HALLEY	G_H G_A G_L G_L G_E G_Y
HALTED	G_H G_A G_L G_T G_E G_D
HAMER	G_H G_A G_M G_E G_R
HAMILTON'S	G_H G_A G_M G_I G_L G_T G_O G_N G_S
HAMLET	G_H G_A G_M G_L G_E G_T
HAMMER	G_H G_A G_M G_M G_E G_R
HAN	G_H G_A G_N
HAND	G_H G_A G_N G_D
HAND'S	G_H G_A G_N G_D G_S
HANDED	G_H G_A G_N G_D G_E G_D
HANDING	G_H G_A G_N G_D G_I G_N G_G
HANDLE	G_H G_A G_N G_D G_L G_E
HANDLED	G_H G_A G_N G_D G_L G_E G_D
HANDLER	G_H G_A G_N G_D G_L G_E G_R
HANDLES	G_H G_A G_N G_D G_L G_E G_S
HANDS	G_H G_A G_N G_D G_S
HANDSOME	G_H G_A G_N G_D G_S G_O G_M G_E
HANDWRITING	G_H G_A G_N G_D G_W G_R G_I G_T G_I G_N G_G
HANG	G_H G_A G_N G_G
HANGAR	G_H G_A G_N G_G G_A G_R
HANGINGS	G_H G_A G_N G_G G_I G_N G_G G_S
HANS	G_H G_A G_N G_S
HANSEL	G_H G_A G_N G_S G_E G_L
HANSOM	G_H G_A G_N G_S G_O G_M
HANSON	G_H G_A G_N G_S G_O G_N
HAPPEN	G_H G_A G_P G_P G_E G_N
HAPPENED	G_H G_A G_P G_P G_E G_N G_E G_D
HAPPENING	G_H G_A G_P G_P G_E G_N G_I G_N G_G
HAPPIER	G_H G_A G_P G_P G_I G_E G_R
HAPPILY	G_H G_A G_P G_P G_I G_L G_Y
HAPPINESS	G_H G_A G_P G_P G_I G_N G_E G_S G_S
HAPPY	G_H G_A G_P G_P G_Y
HARANGUED	G_H G_A G_R G_A G_N G_G G_U G_E G_D
HARBOR	G_H G_A G_R G_B G_O G_R
HARD	G_H G_A G_R G_D
HARDER	G_H G_A G_R G_D G_E G_R
HARDEST	G_H G_A G_R G_D G_E G_S G_T
HARDIER	G_H G_A G_R G_D G_I G_E G_R
HARDLY	G_H G_A G_R G_D G_L G_Y
HARDSHIP	G_H G_A G_R G_D G_S G_H G_I G_P
HARDSHIPS	G_H G_A G_R G_D G_S G_H G_I G_P G_S
HARDWIGG	G_H G_A G_R G_D G_W G_I G_G G_G
HARKNESS	G_H G_A G_R G_K G_N G_E G_S G_S
HARM	G_H G_A G_R G_M
HARMLESS	G_H G_A G_R G_M G_L G_E G_S G_S
HARMONY	G_H G_A G_R G_M G_O G_N G_Y
HARPIES	G_H G_A G_R G_P G_I G_E G_S
HARRIED	G_H G_A G_R G_R G_I G_E G_D
HARRY	G_H G_A G_R G_R G_Y
HARRY'S	G_H G_A G_R G_R G_Y G_S
HARSH	G_H G_A G_R G_S G_H
HARSHNESS	G_H G_A G_R G_S G_H G_N G_E G_S G_S
HARVEST	G_H G_A G_R G_V G_E G_S G_T
HAS	G_H G_A G_S
HASN'T	G_H G_A G_S G_N G_T
HAST	G_H G_A G_S G_T
HASTE	G_H G_A G_S G_T G_E
HASTENED	G_H G_A G_S G_T G_E G_N G_E G_D
HASTY	G_H G_A G_S G_T G_Y
HAT	G_H G_A G_T
HATCHED	G_H G_A G_T G_C G_H G_E G_D
HATCHET	G_H G_A G_T G_C G_H G_E G_T
HATCHIE	G_H G_A G_T G_C G_H G_I G_E
HATE	G_H G_A G_T G_E
HATED	G_H G_A G_T G_E G_D
HATH	G_H G_A G_T G_H
HATRED	G_H G_A G_T G_R G_E G_D
HAUGHTY	G_H G_A G_U G_G G_H G_T G_Y
HAUL	G_H G_A G_U G_L
HAUNT	G_H G_A G_U G_N G_T
HAUT	G_H G_A G_U G_T
HAVE	G_H G_A G_V G_E
HAVEN'T	G_H G_A G_V G_E G_N G_T
HAVING	G_H G_A G_V G_I G_N G_G
HAY	G_H G_A G_Y
HAZEL	G_H G_A G_Z G_E G_L
HE	G_H G_E
HE'S	G_H G_E G_S
HEAD	G_H G_E G_A G_D
HEADED	G_H G_E G_A G_D G_E G_D
HEADLONG	G_H G_E G_A G_D G_L G_O G_N G_G
HEADS	G_H G_E G_A G_D G_S
HEADY	G_H G_E G_A G_D G_Y
HEAL	G_H G_E G_A G_L
HEALED	G_H G_E G_A G_L G_E G_D
HEALTH	G_H G_E G_A G_L G_T G_H
HEALTHFUL	G_H G_E G_A G_L G_T G_H G_F G_U G_L
HEALTHY	G_H G_E G_A G_L G_T G_H G_Y
HEAP	G_H G_E G_A G_P
HEAPS	G_H G_E G_A G_P G_S
HEAR	G_H G_E G_A G_R
HEARD	G_H G_E G_A G_R G_D
HEARING	G_H G_E G_A G_R G_I G_N G_G
HEARS	G_H G_E G_A G_R G_S
HEART	G_H G_E G_A G_R G_T
HEART'S	G_H G_E G_A G_R G_T G_S
HEARTED	G_H G_E G_A G_R G_T G_E G_D
HEARTH	G_H G_E G_A G_R G_T G_H
HEARTS	G_H G_E G_A G_R G_T G_S
HEAT	G_H G_E G_A G_T
HEATHEN	G_H G_E G_A G_T G_H G_E G_N
HEAVEN	G_H G_E G_A G_V G_E G_N
HEAVEN'S	G_H G_E G_A G_V G_E G_N G_S
HEAVENLY	G_H G_E G_A G_V G_E G_N G_L G_Y
HEAVENS	G_H G_E G_A G_V G_E G_N G_S
HEAVILY	G_H G_E G_A G_V G_I G_L G_Y
HEAVY	G_H G_E G_A G_V G_Y
HEEDED	G_H G_E G_E G_D G_E G_D
HEEL	G_H G_E G_E G_L
HEELS	G_H G_E G_E G_L G_S
HEIDELBERG	G_H G_E G_I G_D G_E G_L G_B G_E G_R G_G
HEIGHT	G_H G_E G_I G_G G_H G_T
HEINOUS	G_H G_E G_I G_N G_O G_U G_S
HELD	G_H G_E G_L G_D
HELEN	G_H G_E G_L G_E G_N
HELENA	G_H G_E G_L G_E G_N G_A
HELICON	G_H G_E G_L G_I G_C G_O G_N
HELL	G_H G_E G_L G_L
HELLO	G_H G_E G_L G_L G_O
HELP	G_H G_E G_L G_P
HELPED	G_H G_E G_L G_P G_E G_D
HELPLESS	G_H G_E G_L G_P G_L G_E G_S G_S
HELPLESSLY	G_H G_E G_L G_P G_L G_E G_S G_S G_L G_Y
HEMISPHERE	G_H G_E G_M G_I G_S G_P G_H G_E G_R G_E
HEMMED	G_H G_E G_M G_M G_E G_D
HENNERBERG	G_H G_E G_N G_N G_E G_R G_B G_E G_R G_G
HENRIETTA	G_H G_E G_N G_R G_I G_E G_T G_T G_A
HENS	G_H G_E G_N G_S
HEPSEY	G_H G_E G_P G_S G_E G_Y
HEPZIBAH	G_H G_E G_P G_Z G_I G_B G_A G_H
HEPZIBAH'S	G_H G_E G_P G_Z G_I G_B G_A G_H G_S
HER	G_H G_E G_R
HER'S	G_H G_E G_R G_S
HERB	G_H G_E G_R G_B
HERBERT	G_H G_E G_R G_B G_E G_R G_T
HERBIVORE	G_H G_E G_R G_B G_I G_V G_O G_R G_E
HERBS	G_H G_E G_R G_B G_S
HERD	G_H G_E G_R G_D
HERE	G_H G_E G_R G_E
HERE'S	G_H G_E G_R G_E G_S
HEREAFTER	G_H G_E G_R G_E G_A G_F G_T G_E G_R
HEREDITARY	G_H G_E G_R G_E G_D G_I G_T G_A G_R G_Y
HERESIES	G_H G_E G_R G_E G_S G_I G_E G_S
HERESY	G_H G_E G_R G_E G_S G_Y
HERETICS	G_H G_E G_R G_E G_T G_I G_C G_S
HERETOFORE	G_H G_E G_R G_E G_T G_O G_F G_O G_R G_E
HERMIT	G_H G_E G_R G_M G_I G_T
HERMITAGE	G_H G_E G_R G_M G_I G_T G_A G_G G_E
HERO	G_H G_E G_R G_O
HEROES	G_H G_E G_R G_O G_E G_S
HEROIC	G_H G_E G_R G_O G_I G_C
HEROINE	G_H G_E G_R G_O G_I G_N G_E
HERS	G_H G_E G_R G_S
HERSELF	G_H G_E G_R G_S G_E G_L G_F
HESITATE	G_H G_E G_S G_I G_T G_A G_T G_E
HESITATED	G_H G_E G_S G_I G_T G_A G_T G_E G_D
HESITATING	G_H G_E G_S G_I G_T G_A G_T G_I G_N G_G
HESITATINGLY	G_H G_E G_S G_I G_T G_A G_T G_I G_N G_G G_L G_Y
HEUCHERA	G_H G_E G_U G_C G_H G_E G_R G_A
HEW	G_H G_E G_W
HI	G_H G_I
HID	G_H G_I G_D
HIDDEN	G_H G_I G_D G_D G_E G_N
HIDE	G_H G_I G_D G_E
HIGH	G_H G_I G_G G_H
HIGHER	G_H G_I G_G G_H G_E G_R
HIGHEST	G_H G_I G_G G_H G_E G_S G_T
HIGHLY	G_H G_I G_G G_H G_L G_Y
HIGHWAY	G_H G_I G_G G_H G_W G_A G_Y
HIGHWAYMAN	G_H G_I G_G G_H G_W G_A G_Y G_M G_A G_N
HIGHWAYS	G_H G_I G_G G_H G_W G_A G_Y G_S
HILDA	G_H G_I G_L G_D G_A
HILDA'S	G_H G_I G_L G_D G_A G_S
HILL	G_H G_I G_L G_L
HILLS	G_H G_I G_L G_L G_S
HILLSIDE	G_H G_I G_L G_L G_S G_I G_D G_E
HIM	G_H G_I G_M
HIMSELF	G_H G_I G_M G_S G_E G_L G_F
HINDMOST	G_H G_I G_N G_D G_M G_O G_S G_T
HINT	G_H G_I G_N G_T
HINTED	G_H G_I G_N G_T G_E G_D
HIS	G_H G_I G_S
HISSED	G_H G_I G_S G_S G_E G_D
HISTORIANS	G_H G_I G_S G_T G_O G_R G_I G_A G_N G_S
HISTORICAL	G_H G_I G_S G_T G_O G_R G_I G_C G_A G_L
HISTORIES	G_H G_I G_S G_T G_O G_R G_I G_E G_S
HISTORY	G_H G_I G_S G_T G_O G_R G_Y
HITHER	G_H G_I G_T G_H G_E G_R
HITHERTO	G_H G_I G_T G_H G_E G_R G_T G_O
HIVES	G_H G_I G_V G_E G_S
HOARD	G_H G_O G_A G_R G_D
HOARSE	G_H G_O G_A G_R G_S G_E
HOCHHEIMER	G_H G_O G_C G_H G_H G_E G_I G_M G_E G_R
HOE	G_H G_O G_E
HOF	G_H G_O G_F
HOGS	G_H G_O G_G G_S
HOIST	G_H G_O G_I G_S G_T
HOLD	G_H G_O G_L G_D
HOLDERS	G_H G_O G_L G_D G_E G_R G_S
HOLDING	G_H G_O G_L G_D G_I G_N G_G
HOLDS	G_H G_O G_L G_D G_S
HOLE	G_H G_O G_L G_E
HOLES	G_H G_O G_L G_E G_S
HOLGRAVE	G_H G_O G_L G_G G_R G_A G_V G_E
HOLIDAY	G_H G_O G_L G_I G_D G_A G_Y
HOLIEST	G_H G_O G_L G_I G_E G_S G_T
HOLINESS	G_H G_O G_L G_I G_N G_E G_S G_S
HOLLOW	G_H G_O G_L G_L G_O G_W
HOLY	G_H G_O G_L G_Y
HOMAGE	G_H G_O G_M G_A G_G G_E
HOME	G_H G_O G_M G_E
HOMECOMING	G_H G_O G_M G_E G_C G_O G_M G_I G_N G_G
HOMES	G_H G_O G_M G_E G_S
HOMO	G_H G_O G_M G_O
HOMOIOUSIOS	G_H G_O G_M G_O G_I G_O G_U G_S G_I G_O G_S
HOMOOUSIOS	G_H G_O G_M G_O G_O G_U G_S G_I G_O G_S
HON	G_H G_O G_N
HONEST	G_H G_O G_N G_E G_S G_T
HONESTLY	G_H G_O G_N G_E G_S G_T G_L G_Y
HONESTY	G_H G_O G_N G_E G_S G_T G_Y
HONEY	G_H G_O G_N G_E G_Y
HONEYMOON	G_H G_O G_N G_E G_Y G_M G_O G_O G_N
HONEYSUCKLE	G_H G_O G_N G_E G_Y G_S G_U G_C G_K G_L G_E
HONOR	G_H G_O G_N G_O G_R
HONORED	G_H G_O G_N G_O G_R G_E G_D
HONOUR	G_H G_O G_N G_O G_U G_R
HONOURABLE	G_H G_O G_N G_O G_U G_R G_A G_B G_L G_E
HONOURS	G_H G_O G_N G_O G_U G_R G_S
HOOD	G_H G_O G_O G_D
HOOK	G_H G_O G_O G_K
HOPE	G_H G_O G_P G_E
HOPED	G_H G_O G_P G_E G_D
HOPEFUL	G_H G_O G_P G_E G_F G_U G_L
HOPPING	G_H G_O G_P G_P G_I G_N G_G
HORACE	G_H G_O G_R G_A G_C G_E
HORIZON	G_H G_O G_R G_I G_Z G_O G_N
HORN	G_H G_O G_R G_N
HORRIBLE	G_H G_O G_R G_R G_I G_B G_L G_E
HORRID	G_H G_O G_R G_R G_I G_D
HORROR	G_H G_O G_R G_R G_O G_R
HORRORS	G_H G_O G_R G_R G_O G_R G_S
HORSE	G_H G_O G_R G_S G_E
HORSEBACK	G_H G_O G_R G_S G_E G_B G_A G_C G_K
HORSEMANSHIP	G_H G_O G_R G_S G_E G_M G_A G_N G_S G_H G_I G_P
HORSES	G_H G_O G_R G_S G_E G_S
HORTON	G_H G_O G_R G_T G_O G_N
HOSPITABLE	G_H G_O G_S G_P G_I G_T G_A G_B G_L G_E
HOSPITAL	G_H G_O G_S G_P G_I G_T G_A G_L
HOSPITALITY	G_H G_O G_S G_P G_I G_T G_A G_L G_I G_T G_Y
HOT	G_H G_O G_T
HOTEL	G_H G_O G_T G_E G_L
HOUR	G_H G_O G_U G_R
HOUR'S	G_H G_O G_U G_R G_S
HOURS	G_H G_O G_U G_R G_S
HOUSE	G_H G_O G_U G_S G_E
HOUSED	G_H G_O G_U G_S G_E G_D
HOUSEHOLD	G_H G_O G_U G_S G_E G_H G_O G_L G_D
HOUSEMAID	G_H G_O G_U G_S G_E G_M G_A G_I G_D
HOUSES	G_H G_O G_U G_S G_E G_S
HOVEL	G_H G_O G_V G_E G_L
HOVERING	G_H G_O G_V G_E G_R G_I G_N G_G
HOW	G_H G_O G_W
HOWEVER	G_H G_O G_W G_E G_V G_E G_R
HOWLED	G_H G_O G_W G_L G_E G_D
HOWLING	G_H G_O G_W G_L G_I G_N G_G
HOWLS	G_H G_O G_W G_L G_S
HOWS	G_H G_O G_W G_S
HUDSON	G_H G_U G_D G_S G_O G_N
HUE	G_H G_U G_E
HUGE	G_H G_U G_G G_E
HUGGED	G_H G_U G_G G_G G_E G_D
HUGH'S	G_H G_U G_G G_H G_S
HUH	G_H G_U G_H
HULKING	G_H G_U G_L G_K G_I G_N G_G
HULL	G_H G_U G_L G_L
HUMAN	G_H G_U G_M G_A G_N
HUMANITY	G_H G_U G_M G_A G_N G_I G_T G_Y
HUMBER	G_H G_U G_M G_B G_E G_R
HUMBLE	G_H G_U G_M G_B G_L G_E
HUMBLY	G_H G_U G_M G_B G_L G_Y
HUMILIATING	G_H G_U G_M G_I G_L G_I G_A G_T G_I G_N G_G
HUMOR	G_H G_U G_M G_O G_R
HUMPH	G_H G_U G_M G_P G_H
HUNDRED	G_H G_U G_N G_D G_R G_E G_D
HUNDREDS	G_H G_U G_N G_D G_R G_E G_D G_S
HUNG	G_H G_U G_N G_G
HUNGARIAN	G_H G_U G_N G_G G_A G_R G_I G_A G_N
HUNGER	G_H G_U G_N G_G G_E G_R
HUNGRY	G_H G_U G_N G_G G_R G_Y
HUNS	G_H G_U G_N G_S
HUNT	G_H G_U G_N G_T
HUNTER	G_H G_U G_N G_T G_E G_R
HUNTERS	G_H G_U G_N G_T G_E G_R G_S
HUNTING	G_H G_U G_N G_T G_I G_N G_G
HURRIED	G_H G_U G_R G_R G_I G_E G_D
HURRIEDLY	G_H G_U G_R G_R G_I G_E G_D G_L G_Y
HURRY	G_H G_U G_R G_R G_Y
HURSTWOOD	G_H G_U G_R G_S G_T G_W G_O G_O G_D
HURT	G_H G_U G_R G_T
HUSBAND	G_H G_U G_S G_B G_A G_N G_D
HUSBAND'S	G_H G_U G_S G_B G_A G_N G_D G_S
HUSHED	G_H G_U G_S G_H G_E G_D
HUSTLING	G_H G_U G_S G_T G_L G_I G_N G_G
HUT	G_H G_U G_T
HYPATIA	G_H G_Y G_P G_A G_T G_I G_A
HYPNOTIC	G_H G_Y G_P G_N G_O G_T G_I G_C
HYPOCRISY	G_H G_Y G_P G_O G_C G_R G_I G_S G_Y
HYPOCRITES	G_H G_Y G_P G_O G_C G_R G_I G_T G_E G_S
HYPOCRITICAL	G_H G_Y G_P G_O G_C G_R G_I G_T G_I G_C G_A G_L
I	G_I
I'D	G_I G_D
I'LL	G_I G_L G_L
I'M	G_I G_M
I'VE	G_I G_V G_E
ICE	G_I G_C G_E
ICEBERGS	G_I G_C G_E G_B G_E G_R G_G G_S
ICELANDIC	G_I G_C G_E G_L G_A G_N G_D G_I G_C
ICY	G_I G_C G_Y
IDEA	G_I G_D G_E G_A
IDEAL	G_I G_D G_E G_A G_L
IDEALISATION	G_I G_D G_E G_A G_L G_I G_S G_A G_T G_I G_O G_N
IDEAS	G_I G_D G_E G_A G_S
IDENTICAL	G_I G_D G_E G_N G_T G_I G_C G_A G_L
IDIOM	G_I G_D G_I G_O G_M
IDIOT	G_I G_D G_I G_O G_T
IDLE	G_I G_D G_L G_E
IDYLLS	G_I G_D G_Y G_L G_L G_S
IF	G_I G_F
IGNORANCE	G_I G_G G_N G_O G_R G_A G_N G_C G_E
IGNORANT	G_I G_G G_N G_O G_R G_A G_N G_T
IL	G_I G_L
ILL	G_I G_L G_L
ILLINOIS	G_I G_L G_L G_I G_N G_O G_I G_S
ILLUMINATED	G_I G_L G_L G_U G_M G_I G_N G_A G_T G_E G_D
ILLUSION	G_I G_L G_L G_U G_S G_I G_O G_N
ILLUSIONS	G_I G_L G_L G_U G_S G_I G_O G_N G_S
ILLUSTRATION	G_I G_L G_L G_U G_S G_T G_R G_A G_T G_I G_O G_N
IMAGE	G_I G_M G_A G_G G_E
IMAGINABLE	G_I G_M G_A G_G G_I G_N G_A G_B G_L G_E
IMAGINATIVE	G_I G_M G_A G_G G_I G_N G_A G_T G_I G_V G_E
IMAGINE	G_I G_M G_A G_G G_I G_N G_E
IMAGINED	G_I G_M G_A G_G G_I G_N G_E G_D
IMITATE	G_I G_M G_I G_T G_A G_T G_E
IMITATED	G_I G_M G_I G_T G_A G_T G_E G_D
IMMEDIATE	G_I G_M G_M G_E G_D G_I G_A G_T G_E
IMMEDIATELY	G_I G_M G_M G_E G_D G_I G_A G_T G_E G_L G_Y
IMMENSE	G_I G_M G_M G_E G_N G_S G_E
IMMOBILITY	G_I G_M G_M G_O G_B G_I G_L G_I G_T G_Y
IMMORALITY	G_I G_M G_M G_O G_R G_A G_L G_I G_T G_Y
IMMORTAL	G_I G_M G_M G_O G_R G_T G_A G_L
IMMORTALITY	G_I G_M G_M G_O G_R G_T G_A G_L G_I G_T G_Y
IMMUNITY	G_I G_M G_M G_U G_N G_I G_T G_Y
IMPALE	G_I G_M G_P G_A G_L G_E
IMPARA	G_I G_M G_P G_A G_R G_A
IMPASSIBILITY	G_I G_M G_P G_A G_S G_S G_I G_B G_I G_L G_I G_T G_Y
IMPASSIBLE	G_I G_M G_P G_A G_S G_S G_I G_B G_L G_E
IMPATIENT	G_I G_M G_P G_A G_T G_I G_E G_N G_T
IMPATIENTLY	G_I G_M G_P G_A G_T G_I G_E G_N G_T G_L G_Y
IMPEDED	G_I G_M G_P G_E G_D G_E G_D
IMPELLED	G_I G_M G_P G_E G_L G_L G_E G_D
IMPENDING	G_I G_M G_P G_E G_N G_D G_I G_N G_G
IMPENETRABLE	G_I G_M G_P G_E G_N G_E G_T G_R G_A G_B G_L G_E
IMPERFECT	G_I G_M G_P G_E G_R G_F G_E G_C G_T
IMPERIAL	G_I G_M G_P G_E G_R G_I G_A G_L
IMPERIOUS	G_I G_M G_P G_E G_R G_I G_O G_U G_S
IMPERTINENCE	G_I G_M G_P G_E G_R G_T G_I G_N G_E G_N G_C G_E
IMPERTINENT	G_I G_M G_P G_E G_R G_T G_I G_N G_E G_N G_T
IMPERVIOUS	G_I G_M G_P G_E G_R G_V G_I G_O G_U G_S
IMPETUOSITY	G_I G_M G_P G_E G_T G_U G_O G_S G_I G_T G_Y
IMPETUOUS	G_I G_M G_P G_E G_T G_U G_O G_U G_S
IMPETUOUSLY	G_I G_M G_P G_E G_T G_U G_O G_U G_S G_L G_Y
IMPLACABLE	G_I G_M G_P G_L G_A G_C G_A G_B G_L G_E
IMPLEMENTS	G_I G_M G_P G_L G_E G_M G_E G_N G_T G_S
IMPLICITLY	G_I G_M G_P G_L G_I G_C G_I G_T G_L G_Y
IMPLIES	G_I G_M G_P G_L G_I G_E G_S
IMPORTANCE	G_I G_M G_P G_O G_R G_T G_A G_N G_C G_E
IMPORTANT	G_I G_M G_P G_O G_R G_T G_A G_N G_T
IMPOSE	G_I G_M G_P G_O G_S G_E
IMPOSES	G_I G_M G_P G_O G_S G_E G_S
IMPOSING	G_I G_M G_P G_O G_S G_I G_N G_G
IMPOSSIBLE	G_I G_M G_P G_O G_S G_S G_I G_B G_L G_E
IMPOST	G_I G_M G_P G_O G_S G_T
IMPOSTORS	G_I G_M G_P G_O G_S G_T G_O G_R G_S
IMPOVERISHED	G_I G_M G_P G_O G_V G_E G_R G_I G_S G_H G_E G_D
IMPRACTICABLE	G_I G_M G_P G_R G_A G_C G_T G_I G_C G_A G_B G_L G_E
IMPREGNATED	G_I G_M G_P G_R G_E G_G G_N G_A G_T G_E G_D
IMPRESSION	G_I G_M G_P G_R G_E G_S G_S G_I G_O G_N
IMPROBABLE	G_I G_M G_P G_R G_O G_B G_A G_B G_L G_E
IMPROVE	G_I G_M G_P G_R G_O G_V G_E
IMPROVED	G_I G_M G_P G_R G_O G_V G_E G_D
IMPROVIDENCE	G_I G_M G_P G_R G_O G_V G_I G_D G_E G_N G_C G_E
IMPULSE	G_I G_M G_P G_U G_L G_S G_E
IMPULSES	G_I G_M G_P G_U G_L G_S G_E G_S
IMPULSIVE	G_I G_M G_P G_U G_L G_S G_I G_V G_E
IMPUNITY	G_I G_M G_P G_U G_N G_I G_T G_Y
IMPURE	G_I G_M G_P G_U G_R G_E
IN	G_I G_N
INCARNATION	G_I G_N G_C G_A G_R G_N G_A G_T G_I G_O G_N
INCH	G_I G_N G_C G_H
INCHES	G_I G_N G_C G_H G_E G_S
INCIDENT	G_I G_N G_C G_I G_D G_E G_N G_T
INCIDENTS	G_I G_N G_C G_I G_D G_E G_N G_T G_S
INCIPIENT	G_I G_N G_C G_I G_P G_I G_E G_N G_T
INCISIONS	G_I G_N G_C G_I G_S G_I G_O G_N G_S
INCLINED	G_I G_N G_C G_L G_I G_N G_E G_D
INCLOSURE	G_I G_N G_C G_L G_O G_S G_U G_R G_E
INCONSISTENT	G_I G_N G_C G_O G_N G_S G_I G_S G_T G_E G_N G_T
INCONVENIENCE	G_I G_N G_C G_O G_N G_V G_E G_N G_I G_E G_N G_C G_E
INCORRUPTIBLE	G_I G_N G_C G_O G_R G_R G_U G_P G_T G_I G_B G_L G_E
INCREASE	G_I G_N G_C G_R G_E G_A G_S G_E
INCREASED	G_I G_N G_C G_R G_E G_A G_S G_E G_D
INCREDIBLE	G_I G_N G_C G_R G_E G_D G_I G_B G_L G_E
INDEBTED	G_I G_N G_D G_E G_B G_T G_E G_D
INDECISION	G_I G_N G_D G_E G_C G_I G_S G_I G_O G_N
INDEED	G_I G_N G_D G_E G_E G_D
INDEFATIGABLE	G_I G_N G_D G_E G_F G_A G_T G_I G_G G_A G_B G_L G_E
INDEPENDENCE	G_I G_N G_D G_E G_P G_E G_N G_D G_E G_N G_C G_E
INDESCRIBABLE	G_I G_N G_D G_E G_S G_C G_R G_I G_B G_A G_B G_L G_E
INDESCRIBABLY	G_I G_N G_D G_E G_S G_C G_R G_I G_B G_A G_B G_L G_Y
INDIA	G_I G_N G_D G_I G_A
INDIAN	G_I G_N G_D G_I G_A G_N
INDIANS	G_I G_N G_D G_I G_A G_N G_S
INDICATE	G_I G_N G_D G_I G_C G_A G_T G_E
INDICATED	G_I G_N G_D G_I G_C G_A G_T G_E G_D
INDIES	G_I G_N G_D G_I G_E G_S
INDIFFERENCE	G_I G_N G_D G_I G_F G_F G_E G_R G_E G_N G_C G_E
INDIFFERENT	G_I G_N G_D G_I G_F G_F G_E G_R G_E G_N G_T
INDIGNANT	G_I G_N G_D G_I G_G G_N G_A G_N G_T
INDIGNATION	G_I G_N G_D G_I G_G G_N G_A G_T G_I G_O G_N
INDISPENSABLE	G_I G_N G_D G_I G_S G_P G_E G_N G_S G_A G_B G_L G_E
INDISSOLUBLE	G_I G_N G_D G_I G_S G_S G_O G_L G_U G_B G_L G_E
INDISTINCT	G_I G_N G_D G_I G_S G_T G_I G_N G_C G_T
INDISTINCTLY	G_I G_N G_D G_I G_S G_T G_I G_N G_C G_T G_L G_Y
INDIVIDUAL	G_I G_N G_D G_I G_V G_I G_D G_U G_A G_L
INDIVIDUALS	G_I G_N G_D G_I G_V G_I G_D G_U G_A G_L G_S
INDUCED	G_I G_N G_D G_U G_C G_E G_D
INDULGE	G_I G_N G_D G_U G_L G_G G_E
INDUSTRIOUS	G_I G_N G_D G_U G_S G_T G_R G_I G_O G_U G_S
INEFFABLE	G_I G_N G_E G_F G_F G_A G_B G_L G_E
INEVITABLE	G_I G_N G_E G_V G_I G_T G_A G_B G_L G_E
INEVITABLY	G_I G_N G_E G_V G_I G_T G_A G_B G_L G_Y
INEXHAUSTED	G_I G_N G_E G_X G_H G_A G_U G_S G_T G_E G_D
INEXHAUSTIBLE	G_I G_N G_E G_X G_H G_A G_U G_S G_T G_I G_B G_L G_E
INEXPLICABLE	G_I G_N G_E G_X G_P G_L G_I G_C G_A G_B G_L G_E
INEXPRESSIBLE	G_I G_N G_E G_X G_P G_R G_E G_S G_S G_I G_B G_L G_E
INEXTRICABLY	G_I G_N G_E G_X G_T G_R G_I G_C G_A G_B G_L G_Y
INFAMOUS	G_I G_N G_F G_A G_M G_O G_U G_S
INFANCY	G_I G_N G_F G_A G_N G_C G_Y
INFANT	G_I G_N G_F G_A G_N G_T
INFANTS	G_I G_N G_F G_A G_N G_T G_S
INFATUATED	G_I G_N G_F G_A G_T G_U G_A G_T G_E G_D
INFECTED	G_I G_N G_F G_E G_C G_T G_E G_D
INFER	G_I G_N G_F G_E G_R
INFERENCES	G_I G_N G_F G_E G_R G_E G_N G_C G_E G_S
INFERIOR	G_I G_N G_F G_E G_R G_I G_O G_R
INFERIORS	G_I G_N G_F G_E G_R G_I G_O G_R G_S
INFERNAL	G_I G_N G_F G_E G_R G_N G_A G_L
INFINITE	G_I G_N G_F G_I G_N G_I G_T G_E
INFLUENCE	G_I G_N G_F G_L G_U G_E G_N G_C G_E
INFORM	G_I G_N G_F G_O G_R G_M
INFORMANT	G_I G_N G_F G_O G_R G_M G_A G_N G_T
INFORMATION	G_I G_N G_F G_O G_R G_M G_A G_T G_I G_O G_N
INFORMING	G_I G_N G_F G_O G_R G_M G_I G_N G_G
INFRINGES	G_I G_N G_F G_R G_I G_N G_G G_E G_S
INFUSED	G_I G_N G_F G_U G_S G_E G_D
INFUSES	G_I G_N G_F G_U G_S G_E G_S
INGRAINED	G_I G_N G_G G_R G_A G_I G_N G_E G_D
INGRATIATION	G_I G_N G_G G_R G_A G_T G_I G_A G_T G_I G_O G_N
INGREDIENTS	G_I G_N G_G G_R G_E G_D G_I G_E G_N G_T G_S
INHABIT	G_I G_N G_H G_A G_B G_I G_T
INHABITANTS	G_I G_N G_H G_A G_B G_I G_T G_A G_N G_T G_S
INHABITED	G_I G_N G_H G_A G_B G_I G_T G_E G_D
INHALE	G_I G_N G_H G_A G_L G_E
INHERENT	G_I G_N G_H G_E G_R G_E G_N G_T
INHERITED	G_I G_N G_H G_E G_R G_I G_T G_E G_D
INIQUITOUS	G_I G_N G_I G_Q G_U G_I G_T G_O G_U G_S
INK	G_I G_N G_K
INKLING	G_I G_N G_K G_L G_I G_N G_G
INLAND	G_I G_N G_L G_A G_N G_D
INMOST	G_I G_N G_M G_O G_S G_T
INN	G_I G_N G_N
INNOCENCE	G_I G_N G_N G_O G_C G_E G_N G_C G_E
INNOCENT	G_I G_N G_N G_O G_C G_E G_N G_T
INNOCENTLY	G_I G_N G_N G_O G_C G_E G_N G_T G_L G_Y
INQUIRED	G_I G_N G_Q G_U G_I G_R G_E G_D
INQUIRIES	G_I G_N G_Q G_U G_I G_R G_I G_E G_S
INQUIRY	G_I G_N G_Q G_U G_I G_R G_Y
INQUISITION	G_I G_N G_Q G_U G_I G_S G_I G_T G_I G_O G_N
INROAD	G_I G_N G_R G_O G_A G_D
INSATIABLE	G_I G_N G_S G_A G_T G_I G_A G_B G_L G_E
INSERTING	G_I G_N G_S G_E G_R G_T G_I G_N G_G
INSIDE	G_I G_N G_S G_I G_D G_E
INSIGHT	G_I G_N G_S G_I G_G G_H G_T
INSIGNIFICANT	G_I G_N G_S G_I G_G G_N G_I G_F G_I G_C G_A G_N G_T
INSIST	G_I G_N G_S G_I G_S G_T
INSISTED	G_I G_N G_S G_I G_S G_T G_E G_D
INSISTENCY	G_I G_N G_S G_I G_S G_T G_E G_N G_C G_Y
INSPIRED	G_I G_N G_S G_P G_I G_R G_E G_D
INSTALMENTS	G_I G_N G_S G_T G_A G_L G_M G_E G_N G_T G_S
INSTANCE	G_I G_N G_S G_T G_A G_N G_C G_E
INSTANCES	G_I G_N G_S G_T G_A G_N G_C G_E G_S
INSTANT	G_I G_N G_S G_T G_A G_N G_T
INSTANTLY	G_I G_N G_S G_T G_A G_N G_T G_L G_Y
INSTEAD	G_I G_N G_S G_T G_E G_A G_D
INSTILL	G_I G_N G_S G_T G_I G_L G_L
INSTINCT	G_I G_N G_S G_T G_I G_N G_C G_T
INSTINCTIVE	G_I G_N G_S G_T G_I G_N G_C G_T G_I G_V G_E
INSTITUTION	G_I G_N G_S G_T G_I G_T G_U G_T G_I G_O G_N
INSTITUTIONS	G_I G_N G_S G_T G_I G_T G_U G_T G_I G_O G_N G_S
INSTRUCTED	G_I G_N G_S G_T G_R G_U G_C G_T G_E G_D
INSTRUCTION	G_I G_N G_S G_T G_R G_U G_C G_T G_I G_O G_N
INSTRUMENT	G_I G_N G_S G_T G_R G_U G_M G_E G_N G_T
INSTRUMENTS	G_I G_N G_S G_T G_R G_U G_M G_E G_N G_T G_S
INSULT	G_I G_N G_S G_U G_L G_T
INSUPERABLE	G_I G_N G_S G_U G_P G_E G_R G_A G_B G_L G_E
INTANGIBLE	G_I G_N G_T G_A G_N G_G G_I G_B G_L G_E
INTELLECT	G_I G_N G_T G_E G_L G_L G_E G_C G_T
INTELLECTUAL	G_I G_N G_T G_E G_L G_L G_E G_C G_T G_U G_A G_L
INTELLIGENCE	G_I G_N G_T G_E G_L G_L G_I G_G G_E G_N G_C G_E
INTELLIGENT	G_I G_N G_T G_E G_L G_L G_I G_G G_E G_N G_T
INTEND	G_I G_N G_T G_E G_N G_D
INTENDED	G_I G_N G_T G_E G_N G_D G_E G_D
INTENSE	G_I G_N G_T G_E G_N G_S G_E
INTENSITY	G_I G_N G_T G_E G_N G_S G_I G_T G_Y
INTENTION	G_I G_N G_T G_E G_N G_T G_I G_O G_N
INTENTLY	G_I G_N G_T G_E G_N G_T G_L G_Y
INTERCOURSE	G_I G_N G_T G_E G_R G_C G_O G_U G_R G_S G_E
INTERDICT	G_I G_N G_T G_E G_R G_D G_I G_C G_T
INTERDICTED	G_I G_N G_T G_E G_R G_D G_I G_C G_T G_E G_D
INTEREST	G_I G_N G_T G_E G_R G_E G_S G_T
INTERESTED	G_I G_N G_T G_E G_R G_E G_S G_T G_E G_D
INTERESTING	G_I G_N G_T G_E G_R G_E G_S G_T G_I G_N G_G
INTERESTS	G_I G_N G_T G_E G_R G_E G_S G_T G_S
INTERFERE	G_I G_N G_T G_E G_R G_F G_E G_R G_E
INTERIOR	G_I G_N G_T G_E G_R G_I G_O G_R
INTERMEZZO	G_I G_N G_T G_E G_R G_M G_E G_Z G_Z G_O
INTERPRET	G_I G_N G_T G_E G_R G_P G_R G_E G_T
INTERRED	G_I G_N G_T G_E G_R G_R G_E G_D
INTERRUPTED	G_I G_N G_T G_E G_R G_R G_U G_P G_T G_E G_D
INTERVAL	G_I G_N G_T G_E G_R G_V G_A G_L
INTERVALS	G_I G_N G_T G_E G_R G_V G_A G_L G_S
INTERVIEW	G_I G_N G_T G_E G_R G_V G_I G_E G_W
INTERWEAVE	G_I G_N G_T G_E G_R G_W G_E G_A G_V G_E
INTIMATE	G_I G_N G_T G_I G_M G_A G_T G_E
INTIMATELY	G_I G_N G_T G_I G_M G_A G_T G_E G_L G_Y
INTIMIDATED	G_I G_N G_T G_I G_M G_I G_D G_A G_T G_E G_D
INTO	G_I G_N G_T G_O
INTOLERABLE	G_I G_N G_T G_O G_L G_E G_R G_A G_B G_L G_E
INTRINSIC	G_I G_N G_T G_R G_I G_N G_S G_I G_C
INTRODUCE	G_I G_N G_T G_R G_O G_D G_U G_C G_E
INTRODUCED	G_I G_N G_T G_R G_O G_D G_U G_C G_E G_D
INTRODUCES	G_I G_N G_T G_R G_O G_D G_U G_C G_E G_S
INTRODUCING	G_I G_N G_T G_R G_O G_D G_U G_C G_I G_N G_G
INTRUDER	G_I G_N G_T G_R G_U G_D G_E G_R
INTRUDERS	G_I G_N G_T G_R G_U G_D G_E G_R G_S
INTUITION	G_I G_N G_T G_U G_I G_T G_I G_O G_N
INTUITIONS	G_I G_N G_T G_U G_I G_T G_I G_O G_N G_S
INURED	G_I G_N G_U G_R G_E G_D
INVADED	G_I G_N G_V G_A G_D G_E G_D
INVADERS	G_I G_N G_V G_A G_D G_E G_R G_S
INVADING	G_I G_N G_V G_A G_D G_I G_N G_G
INVALID	G_I G_N G_V G_A G_L G_I G_D
INVARIABLY	G_I G_N G_V G_A G_R G_I G_A G_B G_L G_Y
INVENTING	G_I G_N G_V G_E G_N G_T G_I G_N G_G
INVENTOR	G_I G_N G_V G_E G_N G_T G_O G_R
INVISIBLE	G_I G_N G_V G_I G_S G_I G_B G_L G_E
INVITATION	G_I G_N G_V G_I G_T G_A G_T G_I G_O G_N
INVITED	G_I G_N G_V G_I G_T G_E G_D
IONA	G_I G_O G_N G_A
IOTA	G_I G_O G_T G_A
IREFUL	G_I G_R G_E G_F G_U G_L
IRELAND	G_I G_R G_E G_L G_A G_N G_D
IRISH	G_I G_R G_I G_S G_H
IROLG	G_I G_R G_O G_L G_G
IRON	G_I G_R G_O G_N
IRRELEVANTLY	G_I G_R G_R G_E G_L G_E G_V G_A G_N G_T G_L G_Y
IRRESISTIBLE	G_I G_R G_R G_E G_S G_I G_S G_T G_I G_B G_L G_E
IS	G_I G_S
ISIDORE	G_I G_S G_I G_D G_O G_R G_E
ISLAND	G_I G_S G_L G_A G_N G_D
ISLANDS	G_I G_S G_L G_A G_N G_D G_S
ISN'T	G_I G_S G_N G_T
ISOLATED	G_I G_S G_O G_L G_A G_T G_E G_D
ISOLATION	G_I G_S G_O G_L G_A G_T G_I G_O G_N
ISSUE	G_I G_S G_S G_U G_E
ISSUED	G_I G_S G_S G_U G_E G_D
ISSUES	G_I G_S G_S G_U G_E G_S
IT	G_I G_T
IT'S	G_I G_T G_S
ITALIAN	G_I G_T G_A G_L G_I G_A G_N
ITALIANS	G_I G_T G_A G_L G_I G_A G_N G_S
ITALY	G_I G_T G_A G_L G_Y
ITHACA	G_I G_T G_H G_A G_C G_A
ITINERANT	G_I G_T G_I G_N G_E G_R G_A G_N G_T
ITS	G_I G_T G_S
ITSELF	G_I G_T G_S G_E G_L G_F
JACK'S	G_J G_A G_C G_K G_S
JACKDAW	G_J G_A G_C G_K G_D G_A G_W
JACKET	G_J G_A G_C G_K G_E G_T
JAGGED	G_J G_A G_G G_G G_E G_D
JAILER	G_J G_A G_I G_L G_E G_R
JAKE	G_J G_A G_K G_E
JAM	G_J G_A G_M
JAMAICA	G_J G_A G_M G_A G_I G_C G_A
JAMES	G_J G_A G_M G_E G_S
JANE	G_J G_A G_N G_E
JANUARY	G_J G_A G_N G_U G_A G_R G_Y
JAR	G_J G_A G_R
JARS	G_J G_A G_R G_S
JAWS	G_J G_A G_W G_S
JEALOUSIES	G_J G_E G_A G_L G_O G_U G_S G_I G_E G_S
JEALOUSY	G_J G_E G_A G_L G_O G_U G_S G_Y
JEAN	G_J G_E G_A G_N
JEERING	G_J G_E G_E G_R G_I G_N G_G
JEM	G_J G_E G_M
JEM'S	G_J G_E G_M G_S
JERSEY	G_J G_E G_R G_S G_E G_Y
JESSE	G_J G_E G_S G_S G_E
JESUITS	G_J G_E G_S G_U G_I G_T G_S
JESUS	G_J G_E G_S G_U G_S
JET	G_J G_E G_T
JETTY	G_J G_E G_T G_T G_Y
JEWS	G_J G_E G_W G_S
JIG	G_J G_I G_G
JIM	G_J G_I G_M
JIM'S	G_J G_I G_M G_S
JIMMIE	G_J G_I G_M G_M G_I G_E
JIMMY	G_J G_I G_M G_M G_Y
JINGO	G_J G_I G_N G_G G_O
JOAN	G_J G_O G_A G_N
JOB	G_J G_O G_B
JOE	G_J G_O G_E
JOHN	G_J G_O G_H G_N
JOHNNY	G_J G_O G_H G_N G_N G_Y
JOHNSTON	G_J G_O G_H G_N G_S G_T G_O G_N
JOIN	G_J G_O G_I G_N
JOINED	G_J G_O G_I G_N G_E G_D
JOINT	G_J G_O G_I G_N G_T
JOINTED	G_J G_O G_I G_N G_T G_E G_D
JOINTLY	G_J G_O G_I G_N G_T G_L G_Y
JOINTS	G_J G_O G_I G_N G_T G_S
JOKES	G_J G_O G_K G_E G_S
JORDAN	G_J G_O G_R G_D G_A G_N
JOSEPH	G_J G_O G_S G_E G_P G_H
JOURNAL	G_J G_O G_U G_R G_N G_A G_L
JOURNALS	G_J G_O G_U G_R G_N G_A G_L G_S
JOURNEY	G_J G_O G_U G_R G_N G_E G_Y
JOURNEY'S	G_J G_O G_U G_R G_N G_E G_Y G_S
JOURNEYING	G_J G_O G_U G_R G_N G_E G_Y G_I G_N G_G
JOY	G_J G_O G_Y
JOYFULLY	G_J G_O G_Y G_F G_U G_L G_L G_Y
JOYOUS	G_J G_O G_Y G_O G_U G_S
JOYOUSLY	G_J G_O G_Y G_O G_U G_S G_L G_Y
JOYS	G_J G_O G_Y G_S
JUDGE	G_J G_U G_D G_G G_E
JUDGED	G_J G_U G_D G_G G_E G_D
JUDGING	G_J G_U G_D G_G G_I G_N G_G
JUDGMENT	G_J G_U G_D G_G G_M G_E G_N G_T
JUDICIAL	G_J G_U G_D G_I G_C G_I G_A G_L
JUG	G_J G_U G_G
JUICE	G_J G_U G_I G_C G_E
JULIA	G_J G_U G_L G_I G_A
JULIAN	G_J G_U G_L G_I G_A G_N
JULIAN'S	G_J G_U G_L G_I G_A G_N G_S
JULY	G_J G_U G_L G_Y
JUMBLED	G_J G_U G_M G_B G_L G_E G_D
JUMPED	G_J G_U G_M G_P G_E G_D
JUNE	G_J G_U G_N G_E
JUNIPER	G_J G_U G_N G_I G_P G_E G_R
JUPITER	G_J G_U G_P G_I G_T G_E G_R
JURISDICTION	G_J G_U G_R G_I G_S G_D G_I G_C G_T G_I G_O G_N
JUST	G_J G_U G_S G_T
JUSTICE	G_J G_U G_S G_T G_I G_C G_E
JUSTIFIED	G_J G_U G_S G_T G_I G_F G_I G_E G_D
JUSTIN	G_J G_U G_S G_T G_I G_N
KALIKO	G_K G_A G_L G_I G_K G_O
KARL	G_K G_A G_R G_L
KATE'S	G_K G_A G_T G_E G_S
KEARNY	G_K G_E G_A G_R G_N G_Y
KEEN	G_K G_E G_E G_N
KEENLY	G_K G_E G_E G_N G_L G_Y
KEEP	G_K G_E G_E G_P
KEEPING	G_K G_E G_E G_P G_I G_N G_G
KEEPS	G_K G_E G_E G_P G_S
KENT	G_K G_E G_N G_T
KENTON	G_K G_E G_N G_T G_O G_N
KENTUCKY	G_K G_E G_N G_T G_U G_C G_K G_Y
KEPT	G_K G_E G_P G_T
KERCHIEFS	G_K G_E G_R G_C G_H G_I G_E G_F G_S
KEY	G_K G_E G_Y
KHOSALA	G_K G_H G_O G_S G_A G_L G_A
KICK	G_K G_I G_C G_K
KIDS	G_K G_I G_D G_S
KILL	G_K G_I G_L G_L
KILLED	G_K G_I G_L G_L G_E G_D
KIND	G_K G_I G_N G_D
KINDER	G_K G_I G_N G_D G_E G_R
KINDLED	G_K G_I G_N G_D G_L G_E G_D
KINDLING	G_K G_I G_N G_D G_L G_I G_N G_G
KINDLY	G_K G_I G_N G_D G_L G_Y
KINDRED	G_K G_I G_N G_D G_R G_E G_D
KINDS	G_K G_I G_N G_D G_S
KING	G_K G_I G_N G_G
KING'S	G_K G_I G_N G_G G_S
KINGDOM	G_K G_I G_N G_G G_D G_O G_M
KINGDOMS	G_K G_I G_N G_G G_D G_O G_M G_S
KINGS	G_K G_I G_N G_G G_S
KINSHIP	G_K G_I G_N G_S G_H G_I G_P
KIRKLAND	G_K G_I G_R G_K G_L G_A G_N G_D
KIRKLEATHAM	G_K G_I G_R G_K G_L G_E G_A G_T G_H G_A G_M
KISS	G_K G_I G_S G_S
KISSED	G_K G_I G_S G_S G_E G_D
KISSES	G_K G_I G_S G_S G_E G_S
KITCHEN	G_K G_I G_T G_C G_H G_E G_N
KITTENS	G_K G_I G_T G_T G_E G_N G_S
KITTY	G_K G_I G_T G_T G_Y
KITTY'S	G_K G_I G_T G_T G_Y G_S
KNACK	G_K G_N G_A G_C G_K
KNAPSACKS	G_K G_N G_A G_P G_S G_A G_C G_K G_S
KNEADING	G_K G_N G_E G_A G_D G_I G_N G_G
KNEE	G_K G_N G_E G_E
KNEES	G_K G_N G_E G_E G_S
KNELT	G_K G_N G_E G_L G_T
KNEW	G_K G_N G_E G_W
KNIFE	G_K G_N G_I G_F G_E
KNIGHT	G_K G_N G_I G_G G_H G_T
KNITTED	G_K G_N G_I G_T G_T G_E G_D
KNOCK	G_K G_N G_O G_C G_K
KNOCKED	G_K G_N G_O G_C G_K G_E G_D
KNOCKER	G_K G_N G_O G_C G_K G_E G_R
KNOW	G_K G_N G_O G_W
KNOWED	G_K G_N G_O G_W G_E G_D
KNOWING	G_K G_N G_O G_W G_I G_N G_G
KNOWINGLY	G_K G_N G_O G_W G_I G_N G_G G_L G_Y
KNOWLEDGE	G_K G_N G_O G_W G_L G_E G_D G_G G_E
KNOWN	G_K G_N G_O G_W G_N
KNOWS	G_K G_N G_O G_W G_S
L	G_L
LA	G_L G_A
LABOR	G_L G_A G_B G_O G_R
LABORERS	G_L G_A G_B G_O G_R G_E G_R G_S
LABOURERS	G_L G_A G_B G_O G_U G_R G_E G_R G_S
LABOURS	G_L G_A G_B G_O G_U G_R G_S
LACKING	G_L G_A G_C G_K G_I G_N G_G
LACQUEY'S	G_L G_A G_C G_Q G_U G_E G_Y G_S
LACRIMA	G_L G_A G_C G_R G_I G_M G_A
LAD	G_L G_A G_D
LADDER	G_L G_A G_D G_D G_E G_R
LADIES	G_L G_A G_D G_I G_E G_S
LADS	G_L G_A G_D G_S
LADY	G_L G_A G_D G_Y
LADY'S	G_L G_A G_D G_Y G_S
LAID	G_L G_A G_I G_D
LAKE	G_L G_A G_K G_E
LAMB	G_L G_A G_M G_B
LAMENTABLY	G_L G_A G_M G_E G_N G_T G_A G_B G_L G_Y
LAMENTATIONS	G_L G_A G_M G_E G_N G_T G_A G_T G_I G_O G_N G_S
LAMENTS	G_L G_A G_M G_E G_N G_T G_S
LAMP	G_L G_A G_M G_P
LAMPLIGHT	G_L G_A G_M G_P G_L G_I G_G G_H G_T
LAMPS	G_L G_A G_M G_P G_S
LANCE	G_L G_A G_N G_C G_E
LAND	G_L G_A G_N G_D
LANDING	G_L G_A G_N G_D G_I G_N G_G
LANDS	G_L G_A G_N G_D G_S
LANDSCAPE	G_L G_A G_N G_D G_S G_C G_A G_P G_E
LANDSCAPES	G_L G_A G_N G_D G_S G_C G_A G_P G_E G_S
LANE	G_L G_A G_N G_E
LANGUAGE	G_L G_A G_N G_G G_U G_A G_G G_E
LANGUAGES	G_L G_A G_N G_G G_U G_A G_G G_E G_S
LANTERN	G_L G_A G_N G_T G_E G_R G_N
LANTERNS	G_L G_A G_N G_T G_E G_R G_N G_S
LAPPING	G_L G_A G_P G_P G_I G_N G_G
LARGE	G_L G_A G_R G_G G_E
LARGESS	G_L G_A G_R G_G G_E G_S G_S
LARGEST	G_L G_A G_R G_G G_E G_S G_T
LARVA	G_L G_A G_R G_V G_A
LARVAE	G_L G_A G_R G_V G_A G_E
LASHES	G_L G_A G_S G_H G_E G_S
LASSEN'S	G_L G_A G_S G_S G_E G_N G_S
LASSITUDE	G_L G_A G_S G_S G_I G_T G_U G_D G_E
LAST	G_L G_A G_S G_T
LASTED	G_L G_A G_S G_T G_E G_D
LASTLY	G_L G_A G_S G_T G_L G_Y
LATCH	G_L G_A G_T G_C G_H
LATE	G_L G_A G_T G_E
LATER	G_L G_A G_T G_E G_R
LATIN	G_L G_A G_T G_I G_N
LATITUDE	G_L G_A G_T G_I G_T G_U G_D G_E
LATTER	G_L G_A G_T G_T G_E G_R
LATTER'S	G_L G_A G_T G_T G_E G_R G_S
LATTICE	G_L G_A G_T G_T G_I G_C G_E
LATTIMER	G_L G_A G_T G_T G_I G_M G_E G_R
LAUDABLE	G_L G_A G_U G_D G_A G_B G_L G_E
LAUGH	G_L G_A G_U G_G G_H
LAUGH'D	G_L G_A G_U G_G G_H G_D
LAUGHED	G_L G_A G_U G_G G_H G_E G_D
LAUGHING	G_L G_A G_U G_G G_H G_I G_N G_G
LAUGHTER	G_L G_A G_U G_G G_H G_T G_E G_R
LAUREL	G_L G_A G_U G_R G_E G_L
LAVA	G_L G_A G_V G_A
LAW	G_L G_A G_W
LAWLESS	G_L G_A G_W G_L G_E G_S G_S
LAWN	G_L G_A G_W G_N
LAWS	G_L G_A G_W G_S
LAWYERS	G_L G_A G_W G_Y G_E G_R G_S
LAY	G_L G_A G_Y
LAYER	G_L G_A G_Y G_E G_R
LAYING	G_L G_A G_Y G_I G_N G_G
LE	G_L G_E
LEADEN	G_L G_E G_A G_D G_E G_N
LEADING	G_L G_E G_A G_D G_I G_N G_G
LEADS	G_L G_E G_A G_D G_S
LEAF	G_L G_E G_A G_F
LEAGUE	G_L G_E G_A G_G G_U G_E
LEAGUES	G_L G_E G_A G_G G_U G_E G_S
LEAN	G_L G_E G_A G_N
LEANED	G_L G_E G_A G_N G_E G_D
LEANING	G_L G_E G_A G_N G_I G_N G_G
LEANT	G_L G_E G_A G_N G_T
LEAP	G_L G_E G_A G_P
LEAPED	G_L G_E G_A G_P G_E G_D
LEARN	G_L G_E G_A G_R G_N
LEARNED	G_L G_E G_A G_R G_N G_E G_D
LEASH	G_L G_E G_A G_S G_H
LEAST	G_L G_E G_A G_S G_T
LEATHER	G_L G_E G_A G_T G_H G_E G_R
LEAVE	G_L G_E G_A G_V G_E
LEAVEN	G_L G_E G_A G_V G_E G_N
LEAVES	G_L G_E G_A G_V G_E G_S
LEAVING	G_L G_E G_A G_V G_I G_N G_G
LEBANON	G_L G_E G_B G_A G_N G_O G_N
LECTURES	G_L G_E G_C G_T G_U G_R G_E G_S
LED	G_L G_E G_D
LEDGE	G_L G_E G_D G_G G_E
LEE	G_L G_E G_E
LEETLE	G_L G_E G_E G_T G_L G_E
LEFT	G_L G_E G_F G_T
LEG	G_L G_E G_G
LEGAL	G_L G_E G_G G_A G_L
LEGITIMATE	G_L G_E G_G G_I G_T G_I G_M G_A G_T G_E
LEGS	G_L G_E G_G G_S
LEIGHTON'S	G_L G_E G_I G_G G_H G_T G_O G_N G_S
LEISURE	G_L G_E G_I G_S G_U G_R G_E
LEMON	G_L G_E G_M G_O G_N
LEND	G_L G_E G_N G_D
LENGTH	G_L G_E G_N G_G G_T G_H
LENGTHS	G_L G_E G_N G_G G_T G_H G_S
LENGTHWISE	G_L G_E G_N G_G G_T G_H G_W G_I G_S G_E
LENIENCY	G_L G_E G_N G_I G_E G_N G_C G_Y
LENTILS	G_L G_E G_N G_T G_I G_L G_S
LEONIDAS	G_L G_E G_O G_N G_I G_D G_A G_S
LEONORA	G_L G_E G_O G_N G_O G_R G_A
LESS	G_L G_E G_S G_S
LESSENED	G_L G_E G_S G_S G_E G_N G_E G_D
LESSER	G_L G_E G_S G_S G_E G_R
LESSON	G_L G_E G_S G_S G_O G_N
LEST	G_L G_E G_S G_T
LET	G_L G_E G_T
LET'S	G_L G_E G_T G_S
LETS	G_L G_E G_T G_S
LETTER	G_L G_E G_T G_T G_E G_R
LETTERS	G_L G_E G_T G_T G_E G_R G_S
LETTING	G_L G_E G_T G_T G_I G_N G_G
LETTUCE	G_L G_E G_T G_T G_U G_C G_E
LETTY	G_L G_E G_T G_T G_Y
LETTY'S	G_L G_E G_T G_T G_Y G_S
LEVEL	G_L G_E G_V G_E G_L
LEVELLED	G_L G_E G_V G_E G_L G_L G_E G_D
LIABLE	G_L G_I G_A G_B G_L G_E
LIBANO	G_L G_I G_B G_A G_N G_O
LIBERATED	G_L G_I G_B G_E G_R G_A G_T G_E G_D
LIBERTY	G_L G_I G_B G_E G_R G_T G_Y
LICE	G_L G_I G_C G_E
LICENTIOUS	G_L G_I G_C G_E G_N G_T G_I G_O G_U G_S
LIDS	G_L G_I G_D G_S
LIE	G_L G_I G_E
LIES	G_L G_I G_E G_S
LIEUTENANT	G_L G_I G_E G_U G_T G_E G_N G_A G_N G_T
LIFE	G_L G_I G_F G_E
LIFTED	G_L G_I G_F G_T G_E G_D
LIFTING	G_L G_I G_F G_T G_I G_N G_G
LIGE	G_L G_I G_G G_E
LIGHT	G_L G_I G_G G_H G_T
LIGHTED	G_L G_I G_G G_H G_T G_E G_D
LIGHTER	G_L G_I G_G G_H G_T G_E G_R
LIGHTETH	G_L G_I G_G G_H G_T G_E G_T G_H
LIGHTLY	G_L G_I G_G G_H G_T G_L G_Y
LIGHTNINGS	G_L G_I G_G G_H G_T G_N G_I G_N G_G G_S
LIGHTS	G_L G_I G_G G_H G_T G_S
LIKE	G_L G_I G_K G_E
LIKED	G_L G_I G_K G_E G_D
LIKELY	G_L G_I G_K G_E G_L G_Y
LIKENESSES	G_L G_I G_K G_E G_N G_E G_S G_S G_E G_S
LIKEWISE	G_L G_I G_K G_E G_W G_I G_S G_E
LILY	G_L G_I G_L G_Y
LIMB	G_L G_I G_M G_B
LIMBS	G_L G_I G_M G_B G_S
LIMIT	G_L G_I G_M G_I G_T
LIMITED	G_L G_I G_M G_I G_T G_E G_D
LIMITS	G_L G_I G_M G_I G_T G_S
LIMPID	G_L G_I G_M G_P G_I G_D
LIMPLY	G_L G_I G_M G_P G_L G_Y
LINCOLN	G_L G_I G_N G_C G_O G_L G_N
LINE	G_L G_I G_N G_E
LINEAGE	G_L G_I G_N G_E G_A G_G G_E
LINED	G_L G_I G_N G_E G_D
LINES	G_L G_I G_N G_E G_S
LINING	G_L G_I G_N G_I G_N G_G
LINKED	G_L G_I G_N G_K G_E G_D
LINNELL'S	G_L G_I G_N G_N G_E G_L G_L G_S
LIP	G_L G_I G_P
LIPS	G_L G_I G_P G_S
LIQUID	G_L G_I G_Q G_U G_I G_D
LIQUOR	G_L G_I G_Q G_U G_O G_R
LIQUORS	G_L G_I G_Q G_U G_O G_R G_S
LISHA	G_L G_I G_S G_H G_A
LIST	G_L G_I G_S G_T
LISTEN	G_L G_I G_S G_T G_E G_N
LISTENED	G_L G_I G_S G_T G_E G_N G_E G_D
LISTENERS	G_L G_I G_S G_T G_E G_N G_E G_R G_S
LISTENING	G_L G_I G_S G_T G_E G_N G_I G_N G_G
LISTS	G_L G_I G_S G_T G_S
LIT	G_L G_I G_T
LITERAL	G_L G_I G_T G_E G_R G_A G_L
LITERALITY	G_L G_I G_T G_E G_R G_A G_L G_I G_T G_Y
LITERALLY	G_L G_I G_T G_E G_R G_A G_L G_L G_Y
LITERARY	G_L G_I G_T G_E G_R G_A G_R G_Y
LITERATURE	G_L G_I G_T G_E G_R G_A G_T G_U G_R G_E
LITTER	G_L G_I G_T G_T G_E G_R
LITTLE	G_L G_I G_T G_T G_L G_E
LIVE	G_L G_I G_V G_E
LIVED	G_L G_I G_V G_E G_D
LIVELINESS	G_L G_I G_V G_E G_L G_I G_N G_E G_S G_S
LIVELY	G_L G_I G_V G_E G_L G_Y
LIVERYMAN	G_L G_I G_V G_E G_R G_Y G_M G_A G_N
LIVES	G_L G_I G_V G_E G_S
LIVING	G_L G_I G_V G_I G_N G_G
LIZARDS	G_L G_I G_Z G_A G_R G_D G_S
LIZY	G_L G_I G_Z G_Y
LO	G_L G_O
LOAD	G_L G_O G_A G_D
LOADED	G_L G_O G_A G_D G_E G_D
LOADING	G_L G_O G_A G_D G_I G_N G_G
LOAF	G_L G_O G_A G_F
LOAFING	G_L G_O G_A G_F G_I G_N G_G
LOATHE	G_L G_O G_A G_T G_H G_E
LOAVES	G_L G_O G_A G_V G_E G_S
LOBBY	G_L G_O G_B G_B G_Y
LOCAL	G_L G_O G_C G_A G_L
LOCK	G_L G_O G_C G_K
LOCKED	G_L G_O G_C G_K G_E G_D
LOCOMOTION	G_L G_O G_C G_O G_M G_O G_T G_I G_O G_N
LOCUSTS	G_L G_O G_C G_U G_S G_T G_S
LODGE	G_L G_O G_D G_G G_E
LODGED	G_L G_O G_D G_G G_E G_D
LODGING	G_L G_O G_D G_G G_I G_N G_G
LODGINGS	G_L G_O G_D G_G G_I G_N G_G G_S
LOFT	G_L G_O G_F G_T
LOFTIEST	G_L G_O G_F G_T G_I G_E G_S G_T
LOFTY	G_L G_O G_F G_T G_Y
LOG	G_L G_O G_G
LOGICAL	G_L G_O G_G G_I G_C G_A G_L
LOGOS	G_L G_O G_G G_O G_S
LOGS	G_L G_O G_G G_S
LOINCLOTH	G_L G_O G_I G_N G_C G_L G_O G_T G_H
LOITERERS	G_L G_O G_I G_T G_E G_R G_E G_R G_S
LOMBROSO	G_L G_O G_M G_B G_R G_O G_S G_O
LONDON	G_L G_O G_N G_D G_O G_N
LONELINESS	G_L G_O G_N G_E G_L G_I G_N G_E G_S G_S
LONELY	G_L G_O G_N G_E G_L G_Y
LONG	G_L G_O G_N G_G
LONGER	G_L G_O G_N G_G G_E G_R
LONGEST	G_L G_O G_N G_G G_E G_S G_T
LONGINGLY	G_L G_O G_N G_G G_I G_N G_G G_L G_Y
LONGINGS	G_L G_O G_N G_G G_I G_N G_G G_S
LONGUM	G_L G_O G_N G_G G_U G_M
LOOK	G_L G_O G_O G_K
LOOK'D	G_L G_O G_O G_K G_D
LOOKED	G_L G_O G_O G_K G_E G_D
LOOKETH	G_L G_O G_O G_K G_E G_T G_H
LOOKING	G_L G_O G_O G_K G_I G_N G_G
LOOKS	G_L G_O G_O G_K G_S
LOOMING	G_L G_O G_O G_M G_I G_N G_G
LOOMS	G_L G_O G_O G_M G_S
LOOP	G_L G_O G_O G_P
LOOSE	G_L G_O G_O G_S G_E
LOOSED	G_L G_O G_O G_S G_E G_D
LOOSELY	G_L G_O G_O G_S G_E G_L G_Y
LOOSENED	G_L G_O G_O G_S G_E G_N G_E G_D
LORD	G_L G_O G_R G_D
LOSE	G_L G_O G_S G_E
LOSING	G_L G_O G_S G_I G_N G_G
LOSS	G_L G_O G_S G_S
LOST	G_L G_O G_S G_T
LOT	G_L G_O G_T
LOTS	G_L G_O G_T G_S
LOUD	G_L G_O G_U G_D
LOUDER	G_L G_O G_U G_D G_E G_R
LOUDLY	G_L G_O G_U G_D G_L G_Y
LOVE	G_L G_O G_V G_E
LOVED	G_L G_O G_V G_E G_D
LOVELINESS	G_L G_O G_V G_E G_L G_I G_N G_E G_S G_S
LOVELY	G_L G_O G_V G_E G_L G_Y
LOVER	G_L G_O G_V G_E G_R
LOVERS	G_L G_O G_V G_E G_R G_S
LOVES	G_L G_O G_V G_E G_S
LOVEST	G_L G_O G_V G_E G_S G_T
LOVETH	G_L G_O G_V G_E G_T G_H
LOVING	G_L G_O G_V G_I G_N G_G
LOW	G_L G_O G_W
LOWER	G_L G_O G_W G_E G_R
LOWERED	G_L G_O G_W G_E G_R G_E G_D
LOWLANDS	G_L G_O G_W G_L G_A G_N G_D G_S
LOYAL	G_L G_O G_Y G_A G_L
LOYALLY	G_L G_O G_Y G_A G_L G_L G_Y
LOYALTY	G_L G_O G_Y G_A G_L G_T G_Y
LUCIDITY	G_L G_U G_C G_I G_D G_I G_T G_Y
LUCK	G_L G_U G_C G_K
LUCKY	G_L G_U G_C G_K G_Y
LUCY'S	G_L G_U G_C G_Y G_S
LUDICROUS	G_L G_U G_D G_I G_C G_R G_O G_U G_S
LUGGAGE	G_L G_U G_G G_G G_A G_G G_E
LUGUBRIOUS	G_L G_U G_G G_U G_B G_R G_I G_O G_U G_S
LUKEWARM	G_L G_U G_K G_E G_W G_A G_R G_M
LUMINOUS	G_L G_U G_M G_I G_N G_O G_U G_S
LUMPY	G_L G_U G_M G_P G_Y
LUNCH	G_L G_U G_N G_C G_H
LUNCHEON	G_L G_U G_N G_C G_H G_E G_O G_N
LUNGS	G_L G_U G_N G_G G_S
LURID	G_L G_U G_R G_I G_D
LURKED	G_L G_U G_R G_K G_E G_D
LUSCIOUS	G_L G_U G_S G_C G_I G_O G_U G_S
LUST	G_L G_U G_S G_T
LUTE	G_L G_U G_T G_E
LUXURIANTLY	G_L G_U G_X G_U G_R G_I G_A G_N G_T G_L G_Y
LUXURIATE	G_L G_U G_X G_U G_R G_I G_A G_T G_E
LUXURIOUS	G_L G_U G_X G_U G_R G_I G_O G_U G_S
LUXURIOUSLY	G_L G_U G_X G_U G_R G_I G_O G_U G_S G_L G_Y
LUXURY	G_L G_U G_X G_U G_R G_Y
LYCOPHRON	G_L G_Y G_C G_O G_P G_H G_R G_O G_N
LYING	G_L G_Y G_I G_N G_G
LYNX	G_L G_Y G_N G_X
LYRIC	G_L G_Y G_R G_I G_C
M	G_M
MAC	G_M G_A G_C
MACE	G_M G_A G_C G_E
MACHINE	G_M G_A G_C G_H G_I G_N G_E
MACHINES	G_M G_A G_C G_H G_I G_N G_E G_S
MACKEREL	G_M G_A G_C G_K G_E G_R G_E G_L
MACKLEWAIN	G_M G_A G_C G_K G_L G_E G_W G_A G_I G_N
MACKLEWAIN'S	G_M G_A G_C G_K G_L G_E G_W G_A G_I G_N G_S
MACPHERSON	G_M G_A G_C G_P G_H G_E G_R G_S G_O G_N
MAD	G_M G_A G_D
MADAM	G_M G_A G_D G_A G_M
MADAME	G_M G_A G_D G_A G_M G_E
MADE	G_M G_A G_D G_E
MADGE	G_M G_A G_D G_G G_E
MADISON	G_M G_A G_D G_I G_S G_O G_N
MAGAZZINO	G_M G_A G_G G_A G_Z G_Z G_I G_N G_O
MAGDALEN	G_M G_A G_G G_D G_A G_L G_E G_N
MAGIC	G_M G_A G_G G_I G_C
MAGICAL	G_M G_A G_G G_I G_C G_A G_L
MAGISTRATE	G_M G_A G_G G_I G_S G_T G_R G_A G_T G_E
MAGNETIC	G_M G_A G_G G_N G_E G_T G_I G_C
MAGNETISM	G_M G_A G_G G_N G_E G_T G_I G_S G_M
MAGNIFICENT	G_M G_A G_G G_N G_I G_F G_I G_C G_E G_N G_T
MAGNIFIED	G_M G_A G_G G_N G_I G_F G_I G_E G_D
MAGPIE	G_M G_A G_G G_P G_I G_E
MAID	G_M G_A G_I G_D
MAIDEN	G_M G_A G_I G_D G_E G_N
MAIDENLY	G_M G_A G_I G_D G_E G_N G_L G_Y
MAIDENS	G_M G_A G_I G_D G_E G_N G_S
MAIL	G_M G_A G_I G_L
MAIN	G_M G_A G_I G_N
MAINHALL	G_M G_A G_I G_N G_H G_A G_L G_L
MAINLY	G_M G_A G_I G_N G_L G_Y
MAINTAINED	G_M G_A G_I G_N G_T G_A G_I G_N G_E G_D
MAIZE	G_M G_A G_I G_Z G_E
MAJESTIC	G_M G_A G_J G_E G_S G_T G_I G_C
MAJESTY	G_M G_A G_J G_E G_S G_T G_Y
MAJOR	G_M G_A G_J G_O G_R
MAKE	G_M G_A G_K G_E
MAKERS	G_M G_A G_K G_E G_R G_S
MAKES	G_M G_A G_K G_E G_S
MAKEST	G_M G_A G_K G_E G_S G_T
MAKING	G_M G_A G_K G_I G_N G_G
MALE	G_M G_A G_L G_E
MALICE	G_M G_A G_L G_I G_C G_E
MALL	G_M G_A G_L G_L
MAMA	G_M G_A G_M G_A
MAMMA	G_M G_A G_M G_M G_A
MAMMAL	G_M G_A G_M G_M G_A G_L
MAN	G_M G_A G_N
MAN'S	G_M G_A G_N G_S
MANAGE	G_M G_A G_N G_A G_G G_E
MANAGED	G_M G_A G_N G_A G_G G_E G_D
MANAGER	G_M G_A G_N G_A G_G G_E G_R
MANAGERIAL	G_M G_A G_N G_A G_G G_E G_R G_I G_A G_L
MANDATE	G_M G_A G_N G_D G_A G_T G_E
MANE	G_M G_A G_N G_E
MANGLED	G_M G_A G_N G_G G_L G_E G_D
MANGLES	G_M G_A G_N G_G G_L G_E G_S
MANHOOD	G_M G_A G_N G_H G_O G_O G_D
MANICHAEANS	G_M G_A G_N G_I G_C G_H G_A G_E G_A G_N G_S
MANIFEST	G_M G_A G_N G_I G_F G_E G_S G_T
MANIFOLD	G_M G_A G_N G_I G_F G_O G_L G_D
MANIPULATION	G_M G_A G_N G_I G_P G_U G_L G_A G_T G_I G_O G_N
MANIPULATORS	G_M G_A G_N G_I G_P G_U G_L G_A G_T G_O G_R G_S
MANKIND	G_M G_A G_N G_K G_I G_N G_D
MANLY	G_M G_A G_N G_L G_Y
MANNER	G_M G_A G_N G_N G_E G_R
MANSION	G_M G_A G_N G_S G_I G_O G_N
MANTEL	G_M G_A G_N G_T G_E G_L
MANTLE	G_M G_A G_N G_T G_L G_E
MANUFACTURED	G_M G_A G_N G_U G_F G_A G_C G_T G_U G_R G_E G_D
MANUSCRIPT	G_M G_A G_N G_U G_S G_C G_R G_I G_P G_T
MANUSCRIPTS	G_M G_A G_N G_U G_S G_C G_R G_I G_P G_T G_S
MANY	G_M G_A G_N G_Y
MAP	G_M G_A G_P
MAPPED	G_M G_A G_P G_P G_E G_D
MARBLE	G_M G_A G_R G_B G_L G_E
MARCH	G_M G_A G_R G_C G_H
MARCHED	G_M G_A G_R G_C G_H G_E G_D
MARGARET	G_M G_A G_R G_G G_A G_R G_E G_T
MARGINS	G_M G_A G_R G_G G_I G_N G_S
MARJORAM	G_M G_A G_R G_J G_O G_R G_A G_M
MARK	G_M G_A G_R G_K
MARKED	G_M G_A G_R G_K G_E G_D
MARKET	G_M G_A G_R G_K G_E G_T
MARKING	G_M G_A G_R G_K G_I G_N G_G
MARKS	G_M G_A G_R G_K G_S
MARRIAGE	G_M G_A G_R G_R G_I G_A G_G G_E
MARRIED	G_M G_A G_R G_R G_I G_E G_D
MARRY	G_M G_A G_R G_R G_Y
MARTHA	G_M G_A G_R G_T G_H G_A
MARTIAN	G_M G_A G_R G_T G_I G_A G_N
MARTIANS	G_M G_A G_R G_T G_I G_A G_N G_S
MARTYR	G_M G_A G_R G_T G_Y G_R
MARVEL	G_M G_A G_R G_V G_E G_L
MARVELLING	G_M G_A G_R G_V G_E G_L G_L G_I G_N G_G
MARVELLOUSLY	G_M G_A G_R G_V G_E G_L G_L G_O G_U G_S G_L G_Y
MARVELOUS	G_M G_A G_R G_V G_E G_L G_O G_U G_S
MARY	G_M G_A G_R G_Y
MARY'S	G_M G_A G_R G_Y G_S
MARYLAND	G_M G_A G_R G_Y G_L G_A G_N G_D
MASK	G_M G_A G_S G_K
MASON'S	G_M G_A G_S G_O G_N G_S
MASS	G_M G_A G_S G_S
MASSES	G_M G_A G_S G_S G_E G_S
MASSIVE	G_M G_A G_S G_S G_I G_V G_E
MASTER	G_M G_A G_S G_T G_E G_R
MASTERPIECE	G_M G_A G_S G_T G_E G_R G_P G_I G_E G_C G_E
MASTERS	G_M G_A G_S G_T G_E G_R G_S
MASTS	G_M G_A G_S G_T G_S
MAT	G_M G_A G_T
MATCHED	G_M G_A G_T G_C G_H G_E G_D
MATCHMAKING	G_M G_A G_T G_C G_H G_M G_A G_K G_I G_N G_G
MATERIAL	G_M G_A G_T G_E G_R G_I G_A G_L
MATERIALISED	G_M G_A G_T G_E G_R G_I G_A G_L G_I G_S G_E G_D
MATERIALS	G_M G_A G_T G_E G_R G_I G_A G_L G_S
MATHEMATICS	G_M G_A G_T G_H G_E G_M G_A G_T G_I G_C G_S
MATING	G_M G_A G_T G_I G_N G_G
MATRON	G_M G_A G_T G_R G_O G_N
MATTER	G_M G_A G_T G_T G_E G_R
MATTERS	G_M G_A G_T G_T G_E G_R G_S
MATTING	G_M G_A G_T G_T G_I G_N G_G
MATURITY	G_M G_A G_T G_U G_R G_I G_T G_Y
MAY	G_M G_A G_Y
MAYBE	G_M G_A G_Y G_B G_E
MAYONNAISE	G_M G_A G_Y G_O G_N G_N G_A G_I G_S G_E
MC	G_M G_C
ME	G_M G_E
MEADOW	G_M G_E G_A G_D G_O G_W
MEADOWS	G_M G_E G_A G_D G_O G_W G_S
MEADS	G_M G_E G_A G_D G_S
MEAL	G_M G_E G_A G_L
MEALS	G_M G_E G_A G_L G_S
MEAN	G_M G_E G_A G_N
MEANER	G_M G_E G_A G_N G_E G_R
MEANING	G_M G_E G_A G_N G_I G_N G_G
MEANS	G_M G_E G_A G_N G_S
MEANT	G_M G_E G_A G_N G_T
MEANTIME	G_M G_E G_A G_N G_T G_I G_M G_E
MEANWHILE	G_M G_E G_A G_N G_W G_H G_I G_L G_E
MEASURE	G_M G_E G_A G_S G_U G_R G_E
MEASURED	G_M G_E G_A G_S G_U G_R G_E G_D
MEASURES	G_M G_E G_A G_S G_U G_R G_E G_S
MEAT	G_M G_E G_A G_T
MEATH	G_M G_E G_A G_T G_H
MEATS	G_M G_E G_A G_T G_S
MEBBY	G_M G_E G_B G_B G_Y
MECHANICALLY	G_M G_E G_C G_H G_A G_N G_I G_C G_A G_L G_L G_Y
MEDALS	G_M G_E G_D G_A G_L G_S
MEDDLE	G_M G_E G_D G_D G_L G_E
MEDDLING	G_M G_E G_D G_D G_L G_I G_N G_G
MEDICINE	G_M G_E G_D G_I G_C G_I G_N G_E
MEDIOCRITY	G_M G_E G_D G_I G_O G_C G_R G_I G_T G_Y
MEDITATES	G_M G_E G_D G_I G_T G_A G_T G_E G_S
MEDITATIONS	G_M G_E G_D G_I G_T G_A G_T G_I G_O G_N G_S
MEDITERRANEAN	G_M G_E G_D G_I G_T G_E G_R G_R G_A G_N G_E G_A G_N
MEDIUM	G_M G_E G_D G_I G_U G_M
MEEKIN	G_M G_E G_E G_K G_I G_N
MEET	G_M G_E G_E G_T
MEETING	G_M G_E G_E G_T G_I G_N G_G
MEGAPHONE	G_M G_E G_G G_A G_P G_H G_O G_N G_E
MELANCHOLY	G_M G_E G_L G_A G_N G_C G_H G_O G_L G_Y
MELL	G_M G_E G_L G_L
MELODY	G_M G_E G_L G_O G_D G_Y
MELTED	G_M G_E G_L G_T G_E G_D
MEMBER	G_M G_E G_M G_B G_E G_R
MEMBERS	G_M G_E G_M G_B G_E G_R G_S
MEMNON	G_M G_E G_M G_N G_O G_N
MEMORABLE	G_M G_E G_M G_O G_R G_A G_B G_L G_E
MEMORANDUM	G_M G_E G_M G_O G_R G_A G_N G_D G_U G_M
MEMORIES	G_M G_E G_M G_O G_R G_I G_E G_S
MEMORY	G_M G_E G_M G_O G_R G_Y
MEN	G_M G_E G_N
MEN'S	G_M G_E G_N G_S
MENDING	G_M G_E G_N G_D G_I G_N G_G
MENS	G_M G_E G_N G_S
MENTAL	G_M G_E G_N G_T G_A G_L
MENTALLY	G_M G_E G_N G_T G_A G_L G_L G_Y
MENTION	G_M G_E G_N G_T G_I G_O G_N
MENTIONED	G_M G_E G_N G_T G_I G_O G_N G_E G_D
MENUS	G_M G_E G_N G_U G_S
MERCANTILE	G_M G_E G_R G_C G_A G_N G_T G_I G_L G_E
MERCHANT	G_M G_E G_R G_C G_H G_A G_N G_T
MERCHANT'S	G_M G_E G_R G_C G_H G_A G_N G_T G_S
MERCURIAL	G_M G_E G_R G_C G_U G_R G_I G_A G_L
MERCURY	G_M G_E G_R G_C G_U G_R G_Y
MERCY	G_M G_E G_R G_C G_Y
MERE	G_M G_E G_R G_E
MERELY	G_M G_E G_R G_E G_L G_Y
MEREST	G_M G_E G_R G_E G_S G_T
MERITED	G_M G_E G_R G_I G_T G_E G_D
MERLIN	G_M G_E G_R G_L G_I G_N
MERRILY	G_M G_E G_R G_R G_I G_L G_Y
MERRY	G_M G_E G_R G_R G_Y
MESSAGE	G_M G_E G_S G_S G_A G_G G_E
MESSAGES	G_M G_E G_S G_S G_A G_G G_E G_S
MESSENGER	G_M G_E G_S G_S G_E G_N G_G G_E G_R
MESSENGERS	G_M G_E G_S G_S G_E G_N G_G G_E G_R G_S
MESSIAH	G_M G_E G_S G_S G_I G_A G_H
MESSRS	G_M G_E G_S G_S G_R G_S
MET	G_M G_E G_T
METAL	G_M G_E G_T G_A G_L
METAPHORICAL	G_M G_E G_T G_A G_P G_H G_O G_R G_I G_C G_A G_L
METAPHYSIC	G_M G_E G_T G_A G_P G_H G_Y G_S G_I G_C
METAPHYSICAL	G_M G_E G_T G_A G_P G_H G_Y G_S G_I G_C G_A G_L
METHOD	G_M G_E G_T G_H G_O G_D
METROPOLITAN	G_M G_E G_T G_R G_O G_P G_O G_L G_I G_T G_A G_N
METROPOLITANS	G_M G_E G_T G_R G_O G_P G_O G_L G_I G_T G_A G_N G_S
MEZZANINE	G_M G_E G_Z G_Z G_A G_N G_I G_N G_E
MICHAEL	G_M G_I G_C G_H G_A G_E G_L
MICHAELIS	G_M G_I G_C G_H G_A G_E G_L G_I G_S
MIDDLE	G_M G_I G_D G_D G_L G_E
MIDNIGHT	G_M G_I G_D G_N G_I G_G G_H G_T
MIDST	G_M G_I G_D G_S G_T
MIEN	G_M G_I G_E G_N
MIGHT	G_M G_I G_G G_H G_T
MIGHTY	G_M G_I G_G G_H G_T G_Y
MILBOROUGH	G_M G_I G_L G_B G_O G_R G_O G_U G_G G_H
MILDER	G_M G_I G_L G_D G_E G_R
MILDEW	G_M G_I G_L G_D G_E G_W
MILDLY	G_M G_I G_L G_D G_L G_Y
MILE	G_M G_I G_L G_E
MILES	G_M G_I G_L G_E G_S
MILK	G_M G_I G_L G_K
MILLET	G_M G_I G_L G_L G_E G_T
MILNER	G_M G_I G_L G_N G_E G_R
MINCE	G_M G_I G_N G_C G_E
MINCED	G_M G_I G_N G_C G_E G_D
MINCING	G_M G_I G_N G_C G_I G_N G_G
MIND	G_M G_I G_N G_D
MINDING	G_M G_I G_N G_D G_I G_N G_G
MINDS	G_M G_I G_N G_D G_S
MINE	G_M G_I G_N G_E
MINERAL	G_M G_I G_N G_E G_R G_A G_L
MINERVA	G_M G_I G_N G_E G_R G_V G_A
MINES	G_M G_I G_N G_E G_S
MINGLED	G_M G_I G_N G_G G_L G_E G_D
MINIATURE	G_M G_I G_N G_I G_A G_T G_U G_R G_E
MINISTER	G_M G_I G_N G_I G_S G_T G_E G_R
MINISTER'S	G_M G_I G_N G_I G_S G_T G_E G_R G_S
MINISTERS	G_M G_I G_N G_I G_S G_T G_E G_R G_S
MINNETAKI	G_M G_I G_N G_N G_E G_T G_A G_K G_I
MINNIE	G_M G_I G_N G_N G_I G_E
MINNIE'S	G_M G_I G_N G_N G_I G_E G_S
MINT	G_M G_I G_N G_T
MINUTE	G_M G_I G_N G_U G_T G_E
MINUTES	G_M G_I G_N G_U G_T G_E G_S
MIRABEL	G_M G_I G_R G_A G_B G_E G_L
MIRACULOUS	G_M G_I G_R G_A G_C G_U G_L G_O G_U G_S
MIRROR	G_M G_I G_R G_R G_O G_R
MIRRORS	G_M G_I G_R G_R G_O G_R G_S
MISCHIEF	G_M G_I G_S G_C G_H G_I G_E G_F
MISCHIEVOUS	G_M G_I G_S G_C G_H G_I G_E G_V G_O G_U G_S
MISERABLE	G_M G_I G_S G_E G_R G_A G_B G_L G_E
MISERY	G_M G_I G_S G_E G_R G_Y
MISFORTUNE	G_M G_I G_S G_F G_O G_R G_T G_U G_N G_E
MISGUIDED	G_M G_I G_S G_G G_U G_I G_D G_E G_D
MISHAPS	G_M G_I G_S G_H G_A G_P G_S
MISS	G_M G_I G_S G_S
MISSED	G_M G_I G_S G_S G_E G_D
MISSING	G_M G_I G_S G_S G_I G_N G_G
MISSIONARIES	G_M G_I G_S G_S G_I G_O G_N G_A G_R G_I G_E G_S
MISSIONARY	G_M G_I G_S G_S G_I G_O G_N G_A G_R G_Y
MISSISSIPPI	G_M G_I G_S G_S G_I G_S G_S G_I G_P G_P G_I
MISSOURI	G_M G_I G_S G_S G_O G_U G_R G_I
MISSUS	G_M G_I G_S G_S G_U G_S
MIST	G_M G_I G_S G_T
MISTAKE	G_M G_I G_S G_T G_A G_K G_E
MISTAKEN	G_M G_I G_S G_T G_A G_K G_E G_N
MISTER	G_M G_I G_S G_T G_E G_R
MISTRESS	G_M G_I G_S G_T G_R G_E G_S G_S
MISUNDERSTAND	G_M G_I G_S G_U G_N G_D G_E G_R G_S G_T G_A G_N G_D
MISUNDERSTANDING	G_M G_I G_S G_U G_N G_D G_E G_R G_S G_T G_A G_N G_D G_I G_N G_G
MISUSE	G_M G_I G_S G_U G_S G_E
MITTENS	G_M G_I G_T G_T G_E G_N G_S
MIX	G_M G_I G_X
MIXED	G_M G_I G_X G_E G_D
MIXING	G_M G_I G_X G_I G_N G_G
MIXTURE	G_M G_I G_X G_T G_U G_R G_E
MOAN	G_M G_O G_A G_N
MOANING	G_M G_O G_A G_N G_I G_N G_G
MOB	G_M G_O G_B
MOCCASINS	G_M G_O G_C G_C G_A G_S G_I G_N G_S
MODE	G_M G_O G_D G_E
MODEL	G_M G_O G_D G_E G_L
MODERATE	G_M G_O G_D G_E G_R G_A G_T G_E
MODERATION	G_M G_O G_D G_E G_R G_A G_T G_I G_O G_N
MODERN	G_M G_O G_D G_E G_R G_N
MODEST	G_M G_O G_D G_E G_S G_T
MODIFIED	G_M G_O G_D G_I G_F G_I G_E G_D
MODOC	G_M G_O G_D G_O G_C
MODOCS	G_M G_O G_D G_O G_C G_S
MOINES	G_M G_O G_I G_N G_E G_S
MOIRA	G_M G_O G_I G_R G_A
MOISTEN	G_M G_O G_I G_S G_T G_E G_N
MOISTENED	G_M G_O G_I G_S G_T G_E G_N G_E G_D
MOLASSES	G_M G_O G_L G_A G_S G_S G_E G_S
MOLING	G_M G_O G_L G_I G_N G_G
MOLUCCAS	G_M G_O G_L G_U G_C G_C G_A G_S
MOM	G_M G_O G_M
MOMENT	G_M G_O G_M G_E G_N G_T
MOMENT'S	G_M G_O G_M G_E G_N G_T G_S
MOMENTS	G_M G_O G_M G_E G_N G_T G_S
MONASTERY	G_M G_O G_N G_A G_S G_T G_E G_R G_Y
MONASTIC	G_M G_O G_N G_A G_S G_T G_I G_C
MONDAY	G_M G_O G_N G_D G_A G_Y
MONEY	G_M G_O G_N G_E G_Y
MONK	G_M G_O G_N G_K
MONOTONOUS	G_M G_O G_N G_O G_T G_O G_N G_O G_U G_S
MONSTROSITIES	G_M G_O G_N G_S G_T G_R G_O G_S G_I G_T G_I G_E G_S
MONSTROUSLY	G_M G_O G_N G_S G_T G_R G_O G_U G_S G_L G_Y
MONTE	G_M G_O G_N G_T G_E
MONTESINOS	G_M G_O G_N G_T G_E G_S G_I G_N G_O G_S
MONTGOMERY	G_M G_O G_N G_T G_G G_O G_M G_E G_R G_Y
MONTH	G_M G_O G_N G_T G_H
MONTHLY	G_M G_O G_N G_T G_H G_L G_Y
MONTHS	G_M G_O G_N G_T G_H G_S
MOOD	G_M G_O G_O G_D
MOODY	G_M G_O G_O G_D G_Y
MOON	G_M G_O G_O G_N
MOONLIGHT	G_M G_O G_O G_N G_L G_I G_G G_H G_T
MOORINGS	G_M G_O G_O G_R G_I G_N G_G G_S
MOP	G_M G_O G_P
MORAINE	G_M G_O G_R G_A G_I G_N G_E
MORAL	G_M G_O G_R G_A G_L
MORALITY	G_M G_O G_R G_A G_L G_I G_T G_Y
MORALS	G_M G_O G_R G_A G_L G_S
MORBID	G_M G_O G_R G_B G_I G_D
MORE	G_M G_O G_R G_E
MOREOVER	G_M G_O G_R G_E G_O G_V G_E G_R
MORIBUND	G_M G_O G_R G_I G_B G_U G_N G_D
MORNING	G_M G_O G_R G_N G_I G_N G_G
MOROCCO	G_M G_O G_R G_O G_C G_C G_O
MORREL	G_M G_O G_R G_R G_E G_L
MORROW	G_M G_O G_R G_R G_O G_W
MORSEL	G_M G_O G_R G_S G_E G_L
MORTAL	G_M G_O G_R G_T G_A G_L
MORTAR	G_M G_O G_R G_T G_A G_R
MORTGAGE	G_M G_O G_R G_T G_G G_A G_G G_E
MORTIFICATION	G_M G_O G_R G_T G_I G_F G_I G_C G_A G_T G_I G_O G_N
MORTON	G_M G_O G_R G_T G_O G_N
MORVEN	G_M G_O G_R G_V G_E G_N
MOSAIC	G_M G_O G_S G_A G_I G_C
MOSELLE	G_M G_O G_S G_E G_L G_L G_E
MOSSES	G_M G_O G_S G_S G_E G_S
MOSSY	G_M G_O G_S G_S G_Y
MOST	G_M G_O G_S G_T
MOTHER	G_M G_O G_T G_H G_E G_R
MOTHER'S	G_M G_O G_T G_H G_E G_R G_S
MOTHERHOOD	G_M G_O G_T G_H G_E G_R G_H G_O G_O G_D
MOTION	G_M G_O G_T G_I G_O G_N
MOTIONING	G_M G_O G_T G_I G_O G_N G_I G_N G_G
MOTIONLESS	G_M G_O G_T G_I G_O G_N G_L G_E G_S G_S
MOTIVE	G_M G_O G_T G_I G_V G_E
MOTIVES	G_M G_O G_T G_I G_V G_E G_S
MOULD	G_M G_O G_U G_L G_D
MOULDED	G_M G_O G_U G_L G_D G_E G_D
MOULDS	G_M G_O G_U G_L G_D G_S
MOUNT	G_M G_O G_U G_N G_T
MOUNTAIN	G_M G_O G_U G_N G_T G_A G_I G_N
MOUNTAINEERS	G_M G_O G_U G_N G_T G_A G_I G_N G_E G_E G_R G_S
MOUNTAINS	G_M G_O G_U G_N G_T G_A G_I G_N G_S
MOUNTEBANK	G_M G_O G_U G_N G_T G_E G_B G_A G_N G_K
MOUNTEBANKS	G_M G_O G_U G_N G_T G_E G_B G_A G_N G_K G_S
MOUNTED	G_M G_O G_U G_N G_T G_E G_D
MOUNTING	G_M G_O G_U G_N G_T G_I G_N G_G
MOURN	G_M G_O G_U G_R G_N
MOURNING	G_M G_O G_U G_R G_N G_I G_N G_G
MOUTH	G_M G_O G_U G_T G_H
MOUTHS	G_M G_O G_U G_T G_H G_S
MOVABLES	G_M G_O G_V G_A G_B G_L G_E G_S
MOVE	G_M G_O G_V G_E
MOVED	G_M G_O G_V G_E G_D
MOVEMENT	G_M G_O G_V G_E G_M G_E G_N G_T
MOVEMENTS	G_M G_O G_V G_E G_M G_E G_N G_T G_S
MOVES	G_M G_O G_V G_E G_S
MOVING	G_M G_O G_V G_I G_N G_G
MOWED	G_M G_O G_W G_E G_D
MUCH	G_M G_U G_C G_H
MUD	G_M G_U G_D
MUDDY	G_M G_U G_D G_D G_Y
MUFFINS	G_M G_U G_F G_F G_I G_N G_S
MULE	G_M G_U G_L G_E
MULE'S	G_M G_U G_L G_E G_S
MULETEERS	G_M G_U G_L G_E G_T G_E G_E G_R G_S
MULRADY	G_M G_U G_L G_R G_A G_D G_Y
MULTITUDE	G_M G_U G_L G_T G_I G_T G_U G_D G_E
MUMBLED	G_M G_U G_M G_B G_L G_E G_D
MUNCHING	G_M G_U G_N G_C G_H G_I G_N G_G
MUNDANE	G_M G_U G_N G_D G_A G_N G_E
MURAL	G_M G_U G_R G_A G_L
MURDERED	G_M G_U G_R G_D G_E G_R G_E G_D
MURDERER	G_M G_U G_R G_D G_E G_R G_E G_R
MURDEROUS	G_M G_U G_R G_D G_E G_R G_O G_U G_S
MURFREESBORO	G_M G_U G_R G_F G_R G_E G_E G_S G_B G_O G_R G_O
MURMUR	G_M G_U G_R G_M G_U G_R
MURMURED	G_M G_U G_R G_M G_U G_R G_E G_D
MURMURING	G_M G_U G_R G_M G_U G_R G_I G_N G_G
MURMURS	G_M G_U G_R G_M G_U G_R G_S
MUSCLES	G_M G_U G_S G_C G_L G_E G_S
MUSEUM	G_M G_U G_S G_E G_U G_M
MUSHROOMS	G_M G_U G_S G_H G_R G_O G_O G_M G_S
MUSIC	G_M G_U G_S G_I G_C
MUSICAL	G_M G_U G_S G_I G_C G_A G_L
MUSICIAN	G_M G_U G_S G_I G_C G_I G_A G_N
MUSICIANS	G_M G_U G_S G_I G_C G_I G_A G_N G_S
MUSINGLY	G_M G_U G_S G_I G_N G_G G_L G_Y
MUSINGS	G_M G_U G_S G_I G_N G_G G_S
MUSKETRY	G_M G_U G_S G_K G_E G_T G_R G_Y
MUST	G_M G_U G_S G_T
MUSTACHE	G_M G_U G_S G_T G_A G_C G_H G_E
MUSTARD	G_M G_U G_S G_T G_A G_R G_D
MUSTER	G_M G_U G_S G_T G_E G_R
MUSTERING	G_M G_U G_S G_T G_E G_R G_I G_N G_G
MUTE	G_M G_U G_T G_E
MUTTER	G_M G_U G_T G_T G_E G_R
MUTTERING	G_M G_U G_T G_T G_E G_R G_I G_N G_G
MY	G_M G_Y
MYRDALS	G_M G_Y G_R G_D G_A G_L G_S
MYSELF	G_M G_Y G_S G_E G_L G_F
MYSTERIES	G_M G_Y G_S G_T G_E G_R G_I G_E G_S
MYSTERIOUS	G_M G_Y G_S G_T G_E G_R G_I G_O G_U G_S
MYSTERY	G_M G_Y G_S G_T G_E G_R G_Y
MYSTIC	G_M G_Y G_S G_T G_I G_C
NAGER	G_N G_A G_G G_E G_R
NAIL	G_N G_A G_I G_L
NAILS	G_N G_A G_I G_L G_S
NAIVELY	G_N G_A G_I G_V G_E G_L G_Y
NAKED	G_N G_A G_K G_E G_D
NAME	G_N G_A G_M G_E
NAMED	G_N G_A G_M G_E G_D
NAMELESS	G_N G_A G_M G_E G_L G_E G_S G_S
NAMELY	G_N G_A G_M G_E G_L G_Y
NAMES	G_N G_A G_M G_E G_S
NANCY	G_N G_A G_N G_C G_Y
NAP	G_N G_A G_P
NAPLES	G_N G_A G_P G_L G_E G_S
NARRATING	G_N G_A G_R G_R G_A G_T G_I G_N G_G
NARRATIVE	G_N G_A G_R G_R G_A G_T G_I G_V G_E
NARROW	G_N G_A G_R G_R G_O G_W
NARROWED	G_N G_A G_R G_R G_O G_W G_E G_D
NASHVILLE	G_N G_A G_S G_H G_V G_I G_L G_L G_E
NATION	G_N G_A G_T G_I G_O G_N
NATIONAL	G_N G_A G_T G_I G_O G_N G_A G_L
NATIONS	G_N G_A G_T G_I G_O G_N G_S
NATIVE	G_N G_A G_T G_I G_V G_E
NATIVES	G_N G_A G_T G_I G_V G_E G_S
NATURAL	G_N G_A G_T G_U G_R G_A G_L
NATURALISTS	G_N G_A G_T G_U G_R G_A G_L G_I G_S G_T G_S
NATURALLY	G_N G_A G_T G_U G_R G_A G_L G_L G_Y
NATURE	G_N G_A G_T G_U G_R G_E
NATURE'S	G_N G_A G_T G_U G_R G_E G_S
NATURES	G_N G_A G_T G_U G_R G_E G_S
NAVIGATION	G_N G_A G_V G_I G_G G_A G_T G_I G_O G_N
NAZARENES	G_N G_A G_Z G_A G_R G_E G_N G_E G_S
NAZARETH	G_N G_A G_Z G_A G_R G_E G_T G_H
NEAR	G_N G_E G_A G_R
NEARBY	G_N G_E G_A G_R G_B G_Y
NEARER	G_N G_E G_A G_R G_E G_R
NEAREST	G_N G_E G_A G_R G_E G_S G_T
NEARLY	G_N G_E G_A G_R G_L G_Y
NEAT	G_N G_E G_A G_T
NEATH	G_N G_E G_A G_T G_H
NEATNESS	G_N G_E G_A G_T G_N G_E G_S G_S
NECESSARILY	G_N G_E G_C G_E G_S G_S G_A G_R G_I G_L G_Y
NECESSARY	G_N G_E G_C G_E G_S G_S G_A G_R G_Y
NECESSITY	G_N G_E G_C G_E G_S G_S G_I G_T G_Y
NECK	G_N G_E G_C G_K
NECKTIES	G_N G_E G_C G_K G_T G_I G_E G_S
NECROMANCY	G_N G_E G_C G_R G_O G_M G_A G_N G_C G_Y
NED	G_N G_E G_D
NEED	G_N G_E G_E G_D
NEED'ST	G_N G_E G_E G_D G_S G_T
NEEDED	G_N G_E G_E G_D G_E G_D
NEEDFUL	G_N G_E G_E G_D G_F G_U G_L
NEEDS	G_N G_E G_E G_D G_S
NEGOTIATIONS	G_N G_E G_G G_O G_T G_I G_A G_T G_I G_O G_N G_S
NEGRO	G_N G_E G_G G_R G_O
NEIGHBOR	G_N G_E G_I G_G G_H G_B G_O G_R
NEIGHBORLY	G_N G_E G_I G_G G_H G_B G_O G_R G_L G_Y
NEIGHBORS	G_N G_E G_I G_G G_H G_B G_O G_R G_S
NEIGHBOUR	G_N G_E G_I G_G G_H G_B G_O G_U G_R
NEIGHBOURS	G_N G_E G_I G_G G_H G_B G_O G_U G_R G_S
NEITHER	G_N G_E G_I G_T G_H G_E G_R
NERVES	G_N G_E G_R G_V G_E G_S
NERVOUS	G_N G_E G_R G_V G_O G_U G_S
NEST	G_N G_E G_S G_T
NESTLED	G_N G_E G_S G_T G_L G_E G_D
NESTORIUS	G_N G_E G_S G_T G_O G_R G_I G_U G_S
NESTS	G_N G_E G_S G_T G_S
NET	G_N G_E G_T
NETTLE	G_N G_E G_T G_T G_L G_E
NEVER	G_N G_E G_V G_E G_R
NEW	G_N G_E G_W
NEWBERG	G_N G_E G_W G_B G_E G_R G_G
NEWCOMER	G_N G_E G_W G_C G_O G_M G_E G_R
NEWLY	G_N G_E G_W G_L G_Y
NEWS	G_N G_E G_W G_S
NEWSCASTS	G_N G_E G_W G_S G_C G_A G_S G_T G_S
NEWSOME	G_N G_E G_W G_S G_O G_M G_E
NEWSOME'S	G_N G_E G_W G_S G_O G_M G_E G_S
NEWSPAPER	G_N G_E G_W G_S G_P G_A G_P G_E G_R
NEWSPAPERS	G_N G_E G_W G_S G_P G_A G_P G_E G_R G_S
NEXT	G_N G_E G_X G_T
NICE	G_N G_I G_C G_E
NICELY	G_N G_I G_C G_E G_L G_Y
NICLESS	G_N G_I G_C G_L G_E G_S G_S
NIECE	G_N G_I G_E G_C G_E
NIGHT	G_N G_I G_G G_H G_T
NIGHTFALL	G_N G_I G_G G_H G_T G_F G_A G_L G_L
NIGHTLY	G_N G_I G_G G_H G_T G_L G_Y
NIGHTS	G_N G_I G_G G_H G_T G_S
NILE	G_N G_I G_L G_E
NINE	G_N G_I G_N G_E
NINETEEN	G_N G_I G_N G_E G_T G_E G_E G_N
NINETY	G_N G_I G_N G_E G_T G_Y
NINTH	G_N G_I G_N G_T G_H
NO	G_N G_O
NOBILITY	G_N G_O G_B G_I G_L G_I G_T G_Y
NOBLE	G_N G_O G_B G_L G_E
NOBLEMAN	G_N G_O G_B G_L G_E G_M G_A G_N
NOBLENESS	G_N G_O G_B G_L G_E G_N G_E G_S G_S
NOBLY	G_N G_O G_B G_L G_Y
NOBODY	G_N G_O G_B G_O G_D G_Y
NOBODY'S	G_N G_O G_B G_O G_D G_Y G_S
NOCTURNAL	G_N G_O G_C G_T G_U G_R G_N G_A G_L
NODDED	G_N G_O G_D G_D G_E G_D
NODDING	G_N G_O G_D G_D G_I G_N G_G
NOIRTIER	G_N G_O G_I G_R G_T G_I G_E G_R
NOMES	G_N G_O G_M G_E G_S
NONE	G_N G_O G_N G_E
NONSENSE	G_N G_O G_N G_S G_E G_N G_S G_E
NOON	G_N G_O G_O G_N
NOONTIDE	G_N G_O G_O G_N G_T G_I G_D G_E
NOR	G_N G_O G_R
NORFOLK	G_N G_O G_R G_F G_O G_L G_K
NORMAN	G_N G_O G_R G_M G_A G_N
NORMAN'S	G_N G_O G_R G_M G_A G_N G_S
NORTH	G_N G_O G_R G_T G_H
NORTH'S	G_N G_O G_R G_T G_H G_S
NORTHERN	G_N G_O G_R G_T G_H G_E G_R G_N
NORTHUMBRIA	G_N G_O G_R G_T G_H G_U G_M G_B G_R G_I G_A
NORTHWESTWARD	G_N G_O G_R G_T G_H G_W G_E G_S G_T G_W G_A G_R G_D
NOSE	G_N G_O G_S G_E
NOSES	G_N G_O G_S G_E G_S
NOT	G_N G_O G_T
NOTABLE	G_N G_O G_T G_A G_B G_L G_E
NOTE	G_N G_O G_T G_E
NOTED	G_N G_O G_T G_E G_D
NOTES	G_N G_O G_T G_E G_S
NOTHING	G_N G_O G_T G_H G_I G_N G_G
NOTICE	G_N G_O G_T G_I G_C G_E
NOTICEABLE	G_N G_O G_T G_I G_C G_E G_A G_B G_L G_E
NOTICED	G_N G_O G_T G_I G_C G_E G_D
NOTION	G_N G_O G_T G_I G_O G_N
NOTIONS	G_N G_O G_T G_I G_O G_N G_S
NOTORIOUS	G_N G_O G_T G_O G_R G_I G_O G_U G_S
NOTWITHSTANDING	G_N G_O G_T G_W G_I G_T G_H G_S G_T G_A G_N G_D G_I G_N G_G
NOURISHED	G_N G_O G_U G_R G_I G_S G_H G_E G_D
NOURISHING	G_N G_O G_U G_R G_I G_S G_H G_I G_N G_G
NOURISHMENT	G_N G_O G_U G_R G_I G_S G_H G_M G_E G_N G_T
NOVATIANS	G_N G_O G_V G_A G_T G_I G_A G_N G_S
NOVEL	G_N G_O G_V G_E G_L
NOVEMBER	G_N G_O G_V G_E G_M G_B G_E G_R
NOW	G_N G_O G_W
NOWADAYS	G_N G_O G_W G_A G_D G_A G_Y G_S
NOWHERE	G_N G_O G_W G_H G_E G_R G_E
NUBIA	G_N G_U G_B G_I G_A
NUBIANS	G_N G_U G_B G_I G_A G_N G_S
NUMBER	G_N G_U G_M G_B G_E G_R
NUMBERS	G_N G_U G_M G_B G_E G_R G_S
NUMBNESS	G_N G_U G_M G_B G_N G_E G_S G_S
NUMERAL	G_N G_U G_M G_E G_R G_A G_L
NUOVA	G_N G_U G_O G_V G_A
NURSING	G_N G_U G_R G_S G_I G_N G_G
NUT	G_N G_U G_T
NUTTY	G_N G_U G_T G_T G_Y
NYMPH	G_N G_Y G_M G_P G_H
NYMPHS	G_N G_Y G_M G_P G_H G_S
O	G_O
O'CLOCK	G_O G_C G_L G_O G_C G_K
O'FARRELL	G_O G_F G_A G_R G_R G_E G_L G_L
OAK	G_O G_A G_K
OAKLEY	G_O G_A G_K G_L G_E G_Y
OARS	G_O G_A G_R G_S
OATH	G_O G_A G_T G_H
OBEDIENCE	G_O G_B G_E G_D G_I G_E G_N G_C G_E
OBEDIENT	G_O G_B G_E G_D G_I G_E G_N G_T
OBEDIENTLY	G_O G_B G_E G_D G_I G_E G_N G_T G_L G_Y
OBEY	G_O G_B G_E G_Y
OBEYED	G_O G_B G_E G_Y G_E G_D
OBEYING	G_O G_B G_E G_Y G_I G_N G_G
OBJECT	G_O G_B G_J G_E G_C G_T
OBJECTION	G_O G_B G_J G_E G_C G_T G_I G_O G_N
OBJECTIVE	G_O G_B G_J G_E G_C G_T G_I G_V G_E
OBJECTS	G_O G_B G_J G_E G_C G_T G_S
OBLATIONS	G_O G_B G_L G_A G_T G_I G_O G_N G_S
OBLIGE	G_O G_B G_L G_I G_G G_E
OBLIGED	G_O G_B G_L G_I G_G G_E G_D
OBLITERATED	G_O G_B G_L G_I G_T G_E G_R G_A G_T G_E G_D
OBSCURE	G_O G_B G_S G_C G_U G_R G_E
OBSCURED	G_O G_B G_S G_C G_U G_R G_E G_D
OBSERVATION	G_O G_B G_S G_E G_R G_V G_A G_T G_I G_O G_N
OBSERVE	G_O G_B G_S G_E G_R G_V G_E
OBSERVED	G_O G_B G_S G_E G_R G_V G_E G_D
OBSTACLE	G_O G_B G_S G_T G_A G_C G_L G_E
OBSTINATE	G_O G_B G_S G_T G_I G_N G_A G_T G_E
OBSTINATELY	G_O G_B G_S G_T G_I G_N G_A G_T G_E G_L G_Y
OBVIOUS	G_O G_B G_V G_I G_O G_U G_S
OBVIOUSLY	G_O G_B G_V G_I G_O G_U G_S G_L G_Y
OCCASION	G_O G_C G_C G_A G_S G_I G_O G_N
OCCASIONAL	G_O G_C G_C G_A G_S G_I G_O G_N G_A G_L
OCCASIONALLY	G_O G_C G_C G_A G_S G_I G_O G_N G_A G_L G_L G_Y
OCCULT	G_O G_C G_C G_U G_L G_T
OCCUPATION	G_O G_C G_C G_U G_P G_A G_T G_I G_O G_N
OCCUPIED	G_O G_C G_C G_U G_P G_I G_E G_D
OCCUPYING	G_O G_C G_C G_U G_P G_Y G_I G_N G_G
OCCUR	G_O G_C G_C G_U G_R
OCCURRED	G_O G_C G_C G_U G_R G_R G_E G_D
OCCURRENCES	G_O G_C G_C G_U G_R G_R G_E G_N G_C G_E G_S
OCCURRING	G_O G_C G_C G_U G_R G_R G_I G_N G_G
OCEAN	G_O G_C G_E G_A G_N
OCTOBER	G_O G_C G_T G_O G_B G_E G_R
ODD	G_O G_D G_D
ODDLY	G_O G_D G_D G_L G_Y
ODEON	G_O G_D G_E G_O G_N
ODIOUS	G_O G_D G_I G_O G_U G_S
ODORS	G_O G_D G_O G_R G_S
OF	G_O G_F
OFF	G_O G_F G_F
OFFENCES	G_O G_F G_F G_E G_N G_C G_E G_S
OFFENDING	G_O G_F G_F G_E G_N G_D G_I G_N G_G
OFFER	G_O G_F G_F G_E G_R
OFFERED	G_O G_F G_F G_E G_R G_E G_D
OFFERING	G_O G_F G_F G_E G_R G_I G_N G_G
OFFERINGS	G_O G_F G_F G_E G_R G_I G_N G_G G_S
OFFERS	G_O G_F G_F G_E G_R G_S
OFFICE	G_O G_F G_F G_I G_C G_E
OFFICER	G_O G_F G_F G_I G_C G_E G_R
OFFICERS	G_O G_F G_F G_I G_C G_E G_R G_S
OFFICES	G_O G_F G_F G_I G_C G_E G_S
OFFICIALS	G_O G_F G_F G_I G_C G_I G_A G_L G_S
OFFICINALE	G_O G_F G_F G_I G_C G_I G_N G_A G_L G_E
OFFICIOUS	G_O G_F G_F G_I G_C G_I G_O G_U G_S
OFFSPRING	G_O G_F G_F G_S G_P G_R G_I G_N G_G
OFTEN	G_O G_F G_T G_E G_N
OFTENTIMES	G_O G_F G_T G_E G_N G_T G_I G_M G_E G_S
OGDEN	G_O G_G G_D G_E G_N
OGRE	G_O G_G G_R G_E
OH	G_O G_H
OIL	G_O G_I G_L
OINTMENT	G_O G_I G_N G_T G_M G_E G_N G_T
OLBINETT	G_O G_L G_B G_I G_N G_E G_T G_T
OLD	G_O G_L G_D
OLDEN	G_O G_L G_D G_E G_N
OLDER	G_O G_L G_D G_E G_R
OMIT	G_O G_M G_I G_T
OMITTED	G_O G_M G_I G_T G_T G_E G_D
OMNIPOTENCE	G_O G_M G_N G_I G_P G_O G_T G_E G_N G_C G_E
ON	G_O G_N
ONCE	G_O G_N G_C G_E
ONE	G_O G_N G_E
ONE'S	G_O G_N G_E G_S
ONES	G_O G_N G_E G_S
ONION	G_O G_N G_I G_O G_N
ONIONS	G_O G_N G_I G_O G_N G_S
ONLY	G_O G_N G_L G_Y
ONWARD	G_O G_N G_W G_A G_R G_D
OOZED	G_O G_O G_Z G_E G_D
OOZING	G_O G_O G_Z G_I G_N G_G
OPEN	G_O G_P G_E G_N
OPENED	G_O G_P G_E G_N G_E G_D
OPENING	G_O G_P G_E G_N G_I G_N G_G
OPENINGS	G_O G_P G_E G_N G_I G_N G_G G_S
OPENLY	G_O G_P G_E G_N G_L G_Y
OPENS	G_O G_P G_E G_N G_S
OPERATION	G_O G_P G_E G_R G_A G_T G_I G_O G_N
OPINION	G_O G_P G_I G_N G_I G_O G_N
OPINIONS	G_O G_P G_I G_N G_I G_O G_N G_S
OPPONENT'S	G_O G_P G_P G_O G_N G_E G_N G_T G_S
OPPORTUNITIES	G_O G_P G_P G_O G_R G_T G_U G_N G_I G_T G_I G_E G_S
OPPORTUNITY	G_O G_P G_P G_O G_R G_T G_U G_N G_I G_T G_Y
OPPOSE	G_O G_P G_P G_O G_S G_E
OPPOSED	G_O G_P G_P G_O G_S G_E G_D
OPPOSING	G_O G_P G_P G_O G_S G_I G_N G_G
OPPOSITE	G_O G_P G_P G_O G_S G_I G_T G_E
OPPOSITION	G_O G_P G_P G_O G_S G_I G_T G_I G_O G_N
OPPRESSED	G_O G_P G_P G_R G_E G_S G_S G_E G_D
OPPRESSING	G_O G_P G_P G_R G_E G_S G_S G_I G_N G_G
OPPRESSIVE	G_O G_P G_P G_R G_E G_S G_S G_I G_V G_E
OPTIMIST	G_O G_P G_T G_I G_M G_I G_S G_T
OR	G_O G_R
ORACLES	G_O G_R G_A G_C G_L G_E G_S
ORANGE	G_O G_R G_A G_N G_G G_E
ORBIT	G_O G_R G_B G_I G_T
ORCHARD	G_O G_R G_C G_H G_A G_R G_D
ORCHESTRA	G_O G_R G_C G_H G_E G_S G_T G_R G_A
ORDEAL	G_O G_R G_D G_E G_A G_L
ORDER	G_O G_R G_D G_E G_R
ORDERED	G_O G_R G_D G_E G_R G_E G_D
ORDERLY	G_O G_R G_D G_E G_R G_L G_Y
ORDERS	G_O G_R G_D G_E G_R G_S
ORDINARY	G_O G_R G_D G_I G_N G_A G_R G_Y
OREGON	G_O G_R G_E G_G G_O G_N
ORESTES	G_O G_R G_E G_S G_T G_E G_S
ORGAN	G_O G_R G_G G_A G_N
ORGANIZATION	G_O G_R G_G G_A G_N G_I G_Z G_A G_T G_I G_O G_N
ORGANIZED	G_O G_R G_G G_A G_N G_I G_Z G_E G_D
ORGANS	G_O G_R G_G G_A G_N G_S
ORGY	G_O G_R G_G G_Y
ORIENTAL	G_O G_R G_I G_E G_N G_T G_A G_L
ORIGIN	G_O G_R G_I G_G G_I G_N
ORIGINAL	G_O G_R G_I G_G G_I G_N G_A G_L
ORIGINALLY	G_O G_R G_I G_G G_I G_N G_A G_L G_L G_Y
ORIGINALS	G_O G_R G_I G_G G_I G_N G_A G_L G_S
ORIGINATED	G_O G_R G_I G_G G_I G_N G_A G_T G_E G_D
ORIGINATES	G_O G_R G_I G_G G_I G_N G_A G_T G_E G_S
ORNAMENTAL	G_O G_R G_N G_A G_M G_E G_N G_T G_A G_L
ORNAMENTATION	G_O G_R G_N G_A G_M G_E G_N G_T G_A G_T G_I G_O G_N
ORNAMENTED	G_O G_R G_N G_A G_M G_E G_N G_T G_E G_D
ORNAMENTS	G_O G_R G_N G_A G_M G_E G_N G_T G_S
ORTHODOX	G_O G_R G_T G_H G_O G_D G_O G_X
OSSIPON	G_O G_S G_S G_I G_P G_O G_N
OSSIPON'S	G_O G_S G_S G_I G_P G_O G_N G_S
OSTENTATIOUS	G_O G_S G_T G_E G_N G_T G_A G_T G_I G_O G_U G_S
OSTENTATIOUSLY	G_O G_S G_T G_E G_N G_T G_A G_T G_I G_O G_U G_S G_L G_Y
OTHER	G_O G_T G_H G_E G_R
OTHER'S	G_O G_T G_H G_E G_R G_S
OTHERS	G_O G_T G_H G_E G_R G_S
OTHERWISE	G_O G_T G_H G_E G_R G_W G_I G_S G_E
OTTO	G_O G_T G_T G_O
OUGHT	G_O G_U G_G G_H G_T
OUGHTN'T	G_O G_U G_G G_H G_T G_N G_T
OUNCE	G_O G_U G_N G_C G_E
OUNCES	G_O G_U G_N G_C G_E G_S
OUR	G_O G_U G_R
OURS	G_O G_U G_R G_S
OURSELVES	G_O G_U G_R G_S G_E G_L G_V G_E G_S
OUT	G_O G_U G_T
OUTBUILDINGS	G_O G_U G_T G_B G_U G_I G_L G_D G_I G_N G_G G_S
OUTERMOST	G_O G_U G_T G_E G_R G_M G_O G_S G_T
OUTFIT	G_O G_U G_T G_F G_I G_T
OUTGROWTH	G_O G_U G_T G_G G_R G_O G_W G_T G_H
OUTNUMBERED	G_O G_U G_T G_N G_U G_M G_B G_E G_R G_E G_D
OUTRAGE	G_O G_U G_T G_R G_A G_G G_E
OUTSIDE	G_O G_U G_T G_S G_I G_D G_E
OUTWIT	G_O G_U G_T G_W G_I G_T
OVEN	G_O G_V G_E G_N
OVER	G_O G_V G_E G_R
OVERCOME	G_O G_V G_E G_R G_C G_O G_M G_E
OVERFLOWING	G_O G_V G_E G_R G_F G_L G_O G_W G_I G_N G_G
OVERHEAD	G_O G_V G_E G_R G_H G_E G_A G_D
OVERHEARD	G_O G_V G_E G_R G_H G_E G_A G_R G_D
OVERHEARING	G_O G_V G_E G_R G_H G_E G_A G_R G_I G_N G_G
OVERJOYED	G_O G_V G_E G_R G_J G_O G_Y G_E G_D
OVERLOOKING	G_O G_V G_E G_R G_L G_O G_O G_K G_I G_N G_G
OVERMASTERS	G_O G_V G_E G_R G_M G_A G_S G_T G_E G_R G_S
OVERNIGHT	G_O G_V G_E G_R G_N G_I G_G G_H G_T
OVERPOWERING	G_O G_V G_E G_R G_P G_O G_W G_E G_R G_I G_N G_G
OVERRUN	G_O G_V G_E G_R G_R G_U G_N
OVERSPREAD	G_O G_V G_E G_R G_S G_P G_R G_E G_A G_D
OVERSTRAINED	G_O G_V G_E G_R G_S G_T G_R G_A G_I G_N G_E G_D
OVERTAKE	G_O G_V G_E G_R G_T G_A G_K G_E
OVERTHROW	G_O G_V G_E G_R G_T G_H G_R G_O G_W
OVERTOOK	G_O G_V G_E G_R G_T G_O G_O G_K
OVERTURNED	G_O G_V G_E G_R G_T G_U G_R G_N G_E G_D
OVERWHELMING	G_O G_V G_E G_R G_W G_H G_E G_L G_M G_I G_N G_G
OWE	G_O G_W G_E
OWED	G_O G_W G_E G_D
OWES	G_O G_W G_E G_S
OWING	G_O G_W G_I G_N G_G
OWN	G_O G_W G_N
OWNER	G_O G_W G_N G_E G_R
OWNERS	G_O G_W G_N G_E G_R G_S
OWNERSHIP	G_O G_W G_N G_E G_R G_S G_H G_I G_P
OWNS	G_O G_W G_N G_S
OXYGEN	G_O G_X G_Y G_G G_E G_N
OYSTERS	G_O G_Y G_S G_T G_E G_R G_S
P	G_P
PACE	G_P G_A G_C G_E
PACED	G_P G_A G_C G_E G_D
PACES	G_P G_A G_C G_E G_S
PACK	G_P G_A G_C G_K
PACKED	G_P G_A G_C G_K G_E G_D
PAGANISM	G_P G_A G_G G_A G_N G_I G_S G_M
PAGES	G_P G_A G_G G_E G_S
PAID	G_P G_A G_I G_D
PAIN	G_P G_A G_I G_N
PAINFUL	G_P G_A G_I G_N G_F G_U G_L
PAINFULLY	G_P G_A G_I G_N G_F G_U G_L G_L G_Y
PAINTED	G_P G_A G_I G_N G_T G_E G_D
PAINTER	G_P G_A G_I G_N G_T G_E G_R
PAINTING	G_P G_A G_I G_N G_T G_I G_N G_G
PAINTINGS	G_P G_A G_I G_N G_T G_I G_N G_G G_S
PAINTS	G_P G_A G_I G_N G_T G_S
PAIR	G_P G_A G_I G_R
PAIRS	G_P G_A G_I G_R G_S
PALACE	G_P G_A G_L G_A G_C G_E
PALE	G_P G_A G_L G_E
PALENESS	G_P G_A G_L G_E G_N G_E G_S G_S
PALES	G_P G_A G_L G_E G_S
PALIMPSEST	G_P G_A G_L G_I G_M G_P G_S G_E G_S G_T
PALL	G_P G_A G_L G_L
PALM	G_P G_A G_L G_M
PALMS	G_P G_A G_L G_M G_S
PALPABLE	G_P G_A G_L G_P G_A G_B G_L G_E
PALTRY	G_P G_A G_L G_T G_R G_Y
PAMPAS	G_P G_A G_M G_P G_A G_S
PAMPHLET	G_P G_A G_M G_P G_H G_L G_E G_T
PAN	G_P G_A G_N
PANACEA	G_P G_A G_N G_A G_C G_E G_A
PANADA	G_P G_A G_N G_A G_D G_A
PANE	G_P G_A G_N G_E
PANG	G_P G_A G_N G_G
PANGS	G_P G_A G_N G_G G_S
PANIC	G_P G_A G_N G_I G_C
PANNIKIN	G_P G_A G_N G_N G_I G_K G_I G_N
PANTING	G_P G_A G_N G_T G_I G_N G_G
PANZA	G_P G_A G_N G_Z G_A
PAPA	G_P G_A G_P G_A
PAPA'S	G_P G_A G_P G_A G_S
PAPER	G_P G_A G_P G_E G_R
PAPERED	G_P G_A G_P G_E G_R G_E G_D
PAPERS	G_P G_A G_P G_E G_R G_S
PARADE	G_P G_A G_R G_A G_D G_E
PARAGRAPH	G_P G_A G_R G_A G_G G_R G_A G_P G_H
PARALLEL	G_P G_A G_R G_A G_L G_L G_E G_L
PARDON	G_P G_A G_R G_D G_O G_N
PARDONED	G_P G_A G_R G_D G_O G_N G_E G_D
PARE	G_P G_A G_R G_E
PARENT	G_P G_A G_R G_E G_N G_T
PARENTS	G_P G_A G_R G_E G_N G_T G_S
PARIS	G_P G_A G_R G_I G_S
PARISH	G_P G_A G_R G_I G_S G_H
PARISHES	G_P G_A G_R G_I G_S G_H G_E G_S
PARK	G_P G_A G_R G_K
PARLIAMENTARY	G_P G_A G_R G_L G_I G_A G_M G_E G_N G_T G_A G_R G_Y
PARLOR	G_P G_A G_R G_L G_O G_R
PARLOUR	G_P G_A G_R G_L G_O G_U G_R
PAROXYSMS	G_P G_A G_R G_O G_X G_Y G_S G_M G_S
PARRISHES	G_P G_A G_R G_R G_I G_S G_H G_E G_S
PARRY	G_P G_A G_R G_R G_Y
PART	G_P G_A G_R G_T
PARTAKE	G_P G_A G_R G_T G_A G_K G_E
PARTAKEN	G_P G_A G_R G_T G_A G_K G_E G_N
PARTED	G_P G_A G_R G_T G_E G_D
PARTIAL	G_P G_A G_R G_T G_I G_A G_L
PARTICULAR	G_P G_A G_R G_T G_I G_C G_U G_L G_A G_R
PARTICULARLY	G_P G_A G_R G_T G_I G_C G_U G_L G_A G_R G_L G_Y
PARTICULARS	G_P G_A G_R G_T G_I G_C G_U G_L G_A G_R G_S
PARTIES	G_P G_A G_R G_T G_I G_E G_S
PARTITIONED	G_P G_A G_R G_T G_I G_T G_I G_O G_N G_E G_D
PARTLY	G_P G_A G_R G_T G_L G_Y
PARTS	G_P G_A G_R G_T G_S
PARTY	G_P G_A G_R G_T G_Y
PASS	G_P G_A G_S G_S
PASSAGE	G_P G_A G_S G_S G_A G_G G_E
PASSED	G_P G_A G_S G_S G_E G_D
PASSER	G_P G_A G_S G_S G_E G_R
PASSES	G_P G_A G_S G_S G_E G_S
PASSING	G_P G_A G_S G_S G_I G_N G_G
PASSION	G_P G_A G_S G_S G_I G_O G_N
PASSIONS	G_P G_A G_S G_S G_I G_O G_N G_S
PASSIVE	G_P G_A G_S G_S G_I G_V G_E
PASSPORT	G_P G_A G_S G_S G_P G_O G_R G_T
PAST	G_P G_A G_S G_T
PASTE	G_P G_A G_S G_T G_E
PASTIME	G_P G_A G_S G_T G_I G_M G_E
PASTOR	G_P G_A G_S G_T G_O G_R
PASTRY	G_P G_A G_S G_T G_R G_Y
PASTY	G_P G_A G_S G_T G_Y
PATERNAL	G_P G_A G_T G_E G_R G_N G_A G_L
PATH	G_P G_A G_T G_H
PATHLESS	G_P G_A G_T G_H G_L G_E G_S G_S
PATHS	G_P G_A G_T G_H G_S
PATIENT	G_P G_A G_T G_I G_E G_N G_T
PATIENTLY	G_P G_A G_T G_I G_E G_N G_T G_L G_Y
PATIENTS	G_P G_A G_T G_I G_E G_N G_T G_S
PATRIARCH	G_P G_A G_T G_R G_I G_A G_R G_C G_H
PATRICK	G_P G_A G_T G_R G_I G_C G_K
PATRIOTIC	G_P G_A G_T G_R G_I G_O G_T G_I G_C
PATRONS	G_P G_A G_T G_R G_O G_N G_S
PAUL	G_P G_A G_U G_L
PAUL'S	G_P G_A G_U G_L G_S
PAUSE	G_P G_A G_U G_S G_E
PAUSED	G_P G_A G_U G_S G_E G_D
PAUSES	G_P G_A G_U G_S G_E G_S
PAVED	G_P G_A G_V G_E G_D
PAVEL	G_P G_A G_V G_E G_L
PAY	G_P G_A G_Y
PAYING	G_P G_A G_Y G_I G_N G_G
PAYS	G_P G_A G_Y G_S
PEACE	G_P G_E G_A G_C G_E
PEACEFUL	G_P G_E G_A G_C G_E G_F G_U G_L
PEAR	G_P G_E G_A G_R
PEARLS	G_P G_E G_A G_R G_L G_S
PEAS	G_P G_E G_A G_S
PEBBLE	G_P G_E G_B G_B G_L G_E
PEBBLES	G_P G_E G_B G_B G_L G_E G_S
PECULIAR	G_P G_E G_C G_U G_L G_I G_A G_R
PECUNIARY	G_P G_E G_C G_U G_N G_I G_A G_R G_Y
PEDESTRIANS	G_P G_E G_D G_E G_S G_T G_R G_I G_A G_N G_S
PEEL	G_P G_E G_E G_L
PEERING	G_P G_E G_E G_R G_I G_N G_G
PEGGY	G_P G_E G_G G_G G_Y
PELAGIA	G_P G_E G_L G_A G_G G_I G_A
PELL	G_P G_E G_L G_L
PELUSIUM	G_P G_E G_L G_U G_S G_I G_U G_M
PENALTIES	G_P G_E G_N G_A G_L G_T G_I G_E G_S
PENALTY	G_P G_E G_N G_A G_L G_T G_Y
PENANCE	G_P G_E G_N G_A G_N G_C G_E
PENANCES	G_P G_E G_N G_A G_N G_C G_E G_S
PENETRATE	G_P G_E G_N G_E G_T G_R G_A G_T G_E
PENINSULA	G_P G_E G_N G_I G_N G_S G_U G_L G_A
PENITENT	G_P G_E G_N G_I G_T G_E G_N G_T
PENITENTIARY	G_P G_E G_N G_I G_T G_E G_N G_T G_I G_A G_R G_Y
PENNED	G_P G_E G_N G_N G_E G_D
PENNONS	G_P G_E G_N G_N G_O G_N G_S
PENSION	G_P G_E G_N G_S G_I G_O G_N
PENSIVE	G_P G_E G_N G_S G_I G_V G_E
PENT	G_P G_E G_N G_T
PEOPLE	G_P G_E G_O G_P G_L G_E
PEOPLE'S	G_P G_E G_O G_P G_L G_E G_S
PEPPER	G_P G_E G_P G_P G_E G_R
PEPPERS	G_P G_E G_P G_P G_E G_R G_S
PERADVENTURE	G_P G_E G_R G_A G_D G_V G_E G_N G_T G_U G_R G_E
PERCEIVED	G_P G_E G_R G_C G_E G_I G_V G_E G_D
PERCEIVES	G_P G_E G_R G_C G_E G_I G_V G_E G_S
PERCEIVING	G_P G_E G_R G_C G_E G_I G_V G_I G_N G_G
PERCEPTIONS	G_P G_E G_R G_C G_E G_P G_T G_I G_O G_N G_S
PERCHED	G_P G_E G_R G_C G_H G_E G_D
PERDITION	G_P G_E G_R G_D G_I G_T G_I G_O G_N
PERFECT	G_P G_E G_R G_F G_E G_C G_T
PERFECTION	G_P G_E G_R G_F G_E G_C G_T G_I G_O G_N
PERFECTLY	G_P G_E G_R G_F G_E G_C G_T G_L G_Y
PERFIDY	G_P G_E G_R G_F G_I G_D G_Y
PERFORM	G_P G_E G_R G_F G_O G_R G_M
PERFORMANCE	G_P G_E G_R G_F G_O G_R G_M G_A G_N G_C G_E
PERFORMANCES	G_P G_E G_R G_F G_O G_R G_M G_A G_N G_C G_E G_S
PERFORMED	G_P G_E G_R G_F G_O G_R G_M G_E G_D
PERFUME	G_P G_E G_R G_F G_U G_M G_E
PERFUMERY	G_P G_E G_R G_F G_U G_M G_E G_R G_Y
PERFUMES	G_P G_E G_R G_F G_U G_M G_E G_S
PERFUNCTORILY	G_P G_E G_R G_F G_U G_N G_C G_T G_O G_R G_I G_L G_Y
PERHAPS	G_P G_E G_R G_H G_A G_P G_S
PERILS	G_P G_E G_R G_I G_L G_S
PERIOD	G_P G_E G_R G_I G_O G_D
PERIODICAL	G_P G_E G_R G_I G_O G_D G_I G_C G_A G_L
PERISHING	G_P G_E G_R G_I G_S G_H G_I G_N G_G
PERMANENT	G_P G_E G_R G_M G_A G_N G_E G_N G_T
PERMISSION	G_P G_E G_R G_M G_I G_S G_S G_I G_O G_N
PERMIT	G_P G_E G_R G_M G_I G_T
PERMITTED	G_P G_E G_R G_M G_I G_T G_T G_E G_D
PERPETUAL	G_P G_E G_R G_P G_E G_T G_U G_A G_L
PERPETUATE	G_P G_E G_R G_P G_E G_T G_U G_A G_T G_E
PERPLEXITY	G_P G_E G_R G_P G_L G_E G_X G_I G_T G_Y
PERSECUTORS	G_P G_E G_R G_S G_E G_C G_U G_T G_O G_R G_S
PERSEVERANCE	G_P G_E G_R G_S G_E G_V G_E G_R G_A G_N G_C G_E
PERSIANS	G_P G_E G_R G_S G_I G_A G_N G_S
PERSISTED	G_P G_E G_R G_S G_I G_S G_T G_E G_D
PERSON	G_P G_E G_R G_S G_O G_N
PERSONAL	G_P G_E G_R G_S G_O G_N G_A G_L
PERSONALLY	G_P G_E G_R G_S G_O G_N G_A G_L G_L G_Y
PERSONS	G_P G_E G_R G_S G_O G_N G_S
PERSUADE	G_P G_E G_R G_S G_U G_A G_D G_E
PERSUADED	G_P G_E G_R G_S G_U G_A G_D G_E G_D
PERSUADING	G_P G_E G_R G_S G_U G_A G_D G_I G_N G_G
PERUSED	G_P G_E G_R G_U G_S G_E G_D
PESSIMISTIC	G_P G_E G_S G_S G_I G_M G_I G_S G_T G_I G_C
PEST	G_P G_E G_S G_T
PESTLE	G_P G_E G_S G_T G_L G_E
PETER	G_P G_E G_T G_E G_R
PETER'S	G_P G_E G_T G_E G_R G_S
PETRIFYING	G_P G_E G_T G_R G_I G_F G_Y G_I G_N G_G
PETRONELS	G_P G_E G_T G_R G_O G_N G_E G_L G_S
PH	G_P G_H
PHANTASIES	G_P G_H G_A G_N G_T G_A G_S G_I G_E G_S
PHANTASY	G_P G_H G_A G_N G_T G_A G_S G_Y
PHANTOM	G_P G_H G_A G_N G_T G_O G_M
PHASES	G_P G_H G_A G_S G_E G_S
PHENOMENON	G_P G_H G_E G_N G_O G_M G_E G_N G_O G_N
PHIL	G_P G_H G_I G_L
PHILADELPHUS	G_P G_H G_I G_L G_A G_D G_E G_L G_P G_H G_U G_S
PHILLY'S	G_P G_H G_I G_L G_L G_Y G_S
PHILOSOPHER	G_P G_H G_I G_L G_O G_S G_O G_P G_H G_E G_R
PHILOSOPHER'S	G_P G_H G_I G_L G_O G_S G_O G_P G_H G_E G_R G_S
PHILOSOPHERS	G_P G_H G_I G_L G_O G_S G_O G_P G_H G_E G_R G_S
PHILOSOPHY	G_P G_H G_I G_L G_O G_S G_O G_P G_H G_Y
PHOEBE	G_P G_H G_O G_E G_B G_E
PHRASES	G_P G_H G_R G_A G_S G_E G_S
PHYSICAL	G_P G_H G_Y G_S G_I G_C G_A G_L
PHYSICALLY	G_P G_H G_Y G_S G_I G_C G_A G_L G_L G_Y
PHYSICIAN	G_P G_H G_Y G_S G_I G_C G_I G_A G_N
PHYSICIANS	G_P G_H G_Y G_S G_I G_C G_I G_A G_N G_S
PHYSIOGNOMY	G_P G_H G_Y G_S G_I G_O G_G G_N G_O G_M G_Y
PI	G_P G_I
PIANO	G_P G_I G_A G_N G_O
PICK	G_P G_I G_C G_K
PICKED	G_P G_I G_C G_K G_E G_D
PICKET	G_P G_I G_C G_K G_E G_T
PICKETS	G_P G_I G_C G_K G_E G_T G_S
PICKLE	G_P G_I G_C G_K G_L G_E
PICKLED	G_P G_I G_C G_K G_L G_E G_D
PICNIC	G_P G_I G_C G_N G_I G_C
PICTISH	G_P G_I G_C G_T G_I G_S G_H
PICTURE	G_P G_I G_C G_T G_U G_R G_E
PICTURED	G_P G_I G_C G_T G_U G_R G_E G_D
PICTURES	G_P G_I G_C G_T G_U G_R G_E G_S
PIECE	G_P G_I G_E G_C G_E
PIECES	G_P G_I G_E G_C G_E G_S
PIERCE	G_P G_I G_E G_R G_C G_E
PIERCED	G_P G_I G_E G_R G_C G_E G_D
PIES	G_P G_I G_E G_S
PIGEON	G_P G_I G_G G_E G_O G_N
PIGLIKE	G_P G_I G_G G_L G_I G_K G_E
PIGS	G_P G_I G_G G_S
PIGSTYE	G_P G_I G_G G_S G_T G_Y G_E
PIKE	G_P G_I G_K G_E
PILE	G_P G_I G_L G_E
PILED	G_P G_I G_L G_E G_D
PILGRIMS	G_P G_I G_L G_G G_R G_I G_M G_S
PILLARS	G_P G_I G_L G_L G_A G_R G_S
PILLOW	G_P G_I G_L G_L G_O G_W
PILLOWS	G_P G_I G_L G_L G_O G_W G_S
PIN	G_P G_I G_N
PINCERS	G_P G_I G_N G_C G_E G_R G_S
PINCH	G_P G_I G_N G_C G_H
PINE	G_P G_I G_N G_E
PINING	G_P G_I G_N G_I G_N G_G
PINK	G_P G_I G_N G_K
PINKIES	G_P G_I G_N G_K G_I G_E G_S
PINNED	G_P G_I G_N G_N G_E G_D
PINNING	G_P G_I G_N G_N G_I G_N G_G
PINT	G_P G_I G_N G_T
PINYON	G_P G_I G_N G_Y G_O G_N
PIONEER	G_P G_I G_O G_N G_E G_E G_R
PIOUSLY	G_P G_I G_O G_U G_S G_L G_Y
PIPED	G_P G_I G_P G_E G_D
PIPER	G_P G_I G_P G_E G_R
PIPES	G_P G_I G_P G_E G_S
PISTOLS	G_P G_I G_S G_T G_O G_L G_S
PIT	G_P G_I G_T
PITCHED	G_P G_I G_T G_C G_H G_E G_D
PITT	G_P G_I G_T G_T
PITY	G_P G_I G_T G_Y
PITYING	G_P G_I G_T G_Y G_I G_N G_G
PLACARD	G_P G_L G_A G_C G_A G_R G_D
PLACE	G_P G_L G_A G_C G_E
PLACED	G_P G_L G_A G_C G_E G_D
PLACES	G_P G_L G_A G_C G_E G_S
PLACING	G_P G_L G_A G_C G_I G_N G_G
PLAGUE	G_P G_L G_A G_G G_U G_E
PLAIN	G_P G_L G_A G_I G_N
PLAINLY	G_P G_L G_A G_I G_N G_L G_Y
PLAINS	G_P G_L G_A G_I G_N G_S
PLAITING	G_P G_L G_A G_I G_T G_I G_N G_G
PLAITS	G_P G_L G_A G_I G_T G_S
PLAN	G_P G_L G_A G_N
PLANE	G_P G_L G_A G_N G_E
PLANET	G_P G_L G_A G_N G_E G_T
PLANNED	G_P G_L G_A G_N G_N G_E G_D
PLANNING	G_P G_L G_A G_N G_N G_I G_N G_G
PLANS	G_P G_L G_A G_N G_S
PLANT	G_P G_L G_A G_N G_T
PLANTATION	G_P G_L G_A G_N G_T G_A G_T G_I G_O G_N
PLANTED	G_P G_L G_A G_N G_T G_E G_D
PLANTS	G_P G_L G_A G_N G_T G_S
PLASHING	G_P G_L G_A G_S G_H G_I G_N G_G
PLATFORM	G_P G_L G_A G_T G_F G_O G_R G_M
PLATO	G_P G_L G_A G_T G_O
PLAY	G_P G_L G_A G_Y
PLAYED	G_P G_L G_A G_Y G_E G_D
PLAYS	G_P G_L G_A G_Y G_S
PLAYWRIGHT	G_P G_L G_A G_Y G_W G_R G_I G_G G_H G_T
PLEADED	G_P G_L G_E G_A G_D G_E G_D
PLEASANT	G_P G_L G_E G_A G_S G_A G_N G_T
PLEASANTLY	G_P G_L G_E G_A G_S G_A G_N G_T G_L G_Y
PLEASE	G_P G_L G_E G_A G_S G_E
PLEASED	G_P G_L G_E G_A G_S G_E G_D
PLEASES	G_P G_L G_E G_A G_S G_E G_S
PLEASING	G_P G_L G_E G_A G_S G_I G_N G_G
PLEASURE	G_P G_L G_E G_A G_S G_U G_R G_E
PLEASURES	G_P G_L G_E G_A G_S G_U G_R G_E G_S
PLEBEIAN	G_P G_L G_E G_B G_E G_I G_A G_N
PLEBEIANISM	G_P G_L G_E G_B G_E G_I G_A G_N G_I G_S G_M
PLEDGED	G_P G_L G_E G_D G_G G_E G_D
PLENTIFUL	G_P G_L G_E G_N G_T G_I G_F G_U G_L
PLENTY	G_P G_L G_E G_N G_T G_Y
PLEROMA	G_P G_L G_E G_R G_O G_M G_A
PLIGHTED	G_P G_L G_I G_G G_H G_T G_E G_D
PLOT	G_P G_L G_O G_T
PLOUGHED	G_P G_L G_O G_U G_G G_H G_E G_D
PLUMB	G_P G_L G_U G_M G_B
PLUNDER	G_P G_L G_U G_N G_D G_E G_R
PLUNGING	G_P G_L G_U G_N G_G G_I G_N G_G
POCKET	G_P G_O G_C G_K G_E G_T
POEM	G_P G_O G_E G_M
POEMS	G_P G_O G_E G_M G_S
POET	G_P G_O G_E G_T
POETIC	G_P G_O G_E G_T G_I G_C
POETRY	G_P G_O G_E G_T G_R G_Y
POETS	G_P G_O G_E G_T G_S
POIGNANT	G_P G_O G_I G_G G_N G_A G_N G_T
POINT	G_P G_O G_I G_N G_T
POINTED	G_P G_O G_I G_N G_T G_E G_D
POINTS	G_P G_O G_I G_N G_T G_S
POISON	G_P G_O G_I G_S G_O G_N
POISONERS	G_P G_O G_I G_S G_O G_N G_E G_R G_S
POKED	G_P G_O G_K G_E G_D
POLAR	G_P G_O G_L G_A G_R
POLE	G_P G_O G_L G_E
POLES	G_P G_O G_L G_E G_S
POLICE	G_P G_O G_L G_I G_C G_E
POLICEMAN	G_P G_O G_L G_I G_C G_E G_M G_A G_N
POLITE	G_P G_O G_L G_I G_T G_E
POLITENESS	G_P G_O G_L G_I G_T G_E G_N G_E G_S G_S
POLITIC	G_P G_O G_L G_I G_T G_I G_C
POLITICAL	G_P G_O G_L G_I G_T G_I G_C G_A G_L
POLYCHROME	G_P G_O G_L G_Y G_C G_H G_R G_O G_M G_E
POLYTHEISTS	G_P G_O G_L G_Y G_T G_H G_E G_I G_S G_T G_S
POMMEL	G_P G_O G_M G_M G_E G_L
POMP	G_P G_O G_M G_P
PONG	G_P G_O G_N G_G
PONIARD	G_P G_O G_N G_I G_A G_R G_D
PONIES	G_P G_O G_N G_I G_E G_S
PONY	G_P G_O G_N G_Y
POODLE	G_P G_O G_O G_D G_L G_E
POOR	G_P G_O G_O G_R
POORER	G_P G_O G_O G_R G_E G_R
POP	G_P G_O G_P
POPCORN	G_P G_O G_P G_C G_O G_R G_N
POPE	G_P G_O G_P G_E
POPOLO	G_P G_O G_P G_O G_L G_O
POPPED	G_P G_O G_P G_P G_E G_D
POPULAR	G_P G_O G_P G_U G_L G_A G_R
POPULARITY	G_P G_O G_P G_U G_L G_A G_R G_I G_T G_Y
POPULATION	G_P G_O G_P G_U G_L G_A G_T G_I G_O G_N
PORES	G_P G_O G_R G_E G_S
PORING	G_P G_O G_R G_I G_N G_G
PORK	G_P G_O G_R G_K
POROUS	G_P G_O G_R G_O G_U G_S
PORPHYRY	G_P G_O G_R G_P G_H G_Y G_R G_Y
PORT	G_P G_O G_R G_T
PORTENTOUS	G_P G_O G_R G_T G_E G_N G_T G_O G_U G_S
PORTER	G_P G_O G_R G_T G_E G_R
PORTION	G_P G_O G_R G_T G_I G_O G_N
PORTIONS	G_P G_O G_R G_T G_I G_O G_N G_S
PORTLAND	G_P G_O G_R G_T G_L G_A G_N G_D
PORTMANTEAU	G_P G_O G_R G_T G_M G_A G_N G_T G_E G_A G_U
PORTRAIT	G_P G_O G_R G_T G_R G_A G_I G_T
PORTRAITS	G_P G_O G_R G_T G_R G_A G_I G_T G_S
PORTUGAL	G_P G_O G_R G_T G_U G_G G_A G_L
POSITION	G_P G_O G_S G_I G_T G_I G_O G_N
POSITIVELY	G_P G_O G_S G_I G_T G_I G_V G_E G_L G_Y
POSSESS	G_P G_O G_S G_S G_E G_S G_S
POSSESS'D	G_P G_O G_S G_S G_E G_S G_S G_D
POSSESSED	G_P G_O G_S G_S G_E G_S G_S G_E G_D
POSSESSES	G_P G_O G_S G_S G_E G_S G_S G_E G_S
POSSESSING	G_P G_O G_S G_S G_E G_S G_S G_I G_N G_G
POSSESSION	G_P G_O G_S G_S G_E G_S G_S G_I G_O G_N
POSSESSIONS	G_P G_O G_S G_S G_E G_S G_S G_I G_O G_N G_S
POSSESSORS	G_P G_O G_S G_S G_E G_S G_S G_O G_R G_S
POSSIBILITIES	G_P G_O G_S G_S G_I G_B G_I G_L G_I G_T G_I G_E G_S
POSSIBILITY	G_P G_O G_S G_S G_I G_B G_I G_L G_I G_T G_Y
POSSIBLE	G_P G_O G_S G_S G_I G_B G_L G_E
POSSIBLY	G_P G_O G_S G_S G_I G_B G_L G_Y
POST	G_P G_O G_S G_T
POSTED	G_P G_O G_S G_T G_E G_D
POSTSCRIPT	G_P G_O G_S G_T G_S G_C G_R G_I G_P G_T
POSTURE	G_P G_O G_S G_T G_U G_R G_E
POSTURING	G_P G_O G_S G_T G_U G_R G_I G_N G_G
POTATOES	G_P G_O G_T G_A G_T G_O G_E G_S
POTS	G_P G_O G_T G_S
POUND	G_P G_O G_U G_N G_D
POUNDED	G_P G_O G_U G_N G_D G_E G_D
POUNDING	G_P G_O G_U G_N G_D G_I G_N G_G
POUNDS	G_P G_O G_U G_N G_D G_S
POUR	G_P G_O G_U G_R
POURING	G_P G_O G_U G_R G_I G_N G_G
POUT	G_P G_O G_U G_T
POVERTY	G_P G_O G_V G_E G_R G_T G_Y
POWDER	G_P G_O G_W G_D G_E G_R
POWELL	G_P G_O G_W G_E G_L G_L
POWER	G_P G_O G_W G_E G_R
POWERFUL	G_P G_O G_W G_E G_R G_F G_U G_L
POWERLESS	G_P G_O G_W G_E G_R G_L G_E G_S G_S
POWERS	G_P G_O G_W G_E G_R G_S
PRACTICAL	G_P G_R G_A G_C G_T G_I G_C G_A G_L
PRACTICE	G_P G_R G_A G_C G_T G_I G_C G_E
PRAEFECT	G_P G_R G_A G_E G_F G_E G_C G_T
PRAIRIE	G_P G_R G_A G_I G_R G_I G_E
PRAISE	G_P G_R G_A G_I G_S G_E
PRAISED	G_P G_R G_A G_I G_S G_E G_D
PRANCING	G_P G_R G_A G_N G_C G_I G_N G_G
PRANKS	G_P G_R G_A G_N G_K G_S
PRATTLE	G_P G_R G_A G_T G_T G_L G_E
PRAVITY	G_P G_R G_A G_V G_I G_T G_Y
PRAY	G_P G_R G_A G_Y
PRAYED	G_P G_R G_A G_Y G_E G_D
PRAYER	G_P G_R G_A G_Y G_E G_R
PRAYERS	G_P G_R G_A G_Y G_E G_R G_S
PRE	G_P G_R G_E
PREACH	G_P G_R G_E G_A G_C G_H
PREACHERS	G_P G_R G_E G_A G_C G_H G_E G_R G_S
PRECAUTION	G_P G_R G_E G_C G_A G_U G_T G_I G_O G_N
PRECEDING	G_P G_R G_E G_C G_E G_D G_I G_N G_G
PRECIOUS	G_P G_R G_E G_C G_I G_O G_U G_S
PRECISELY	G_P G_R G_E G_C G_I G_S G_E G_L G_Y
PREDECESSOR	G_P G_R G_E G_D G_E G_C G_E G_S G_S G_O G_R
PREDICTION	G_P G_R G_E G_D G_I G_C G_T G_I G_O G_N
PREDICTIONS	G_P G_R G_E G_D G_I G_C G_T G_I G_O G_N G_S
PREDILECTION	G_P G_R G_E G_D G_I G_L G_E G_C G_T G_I G_O G_N
PREFACE	G_P G_R G_E G_F G_A G_C G_E
PREFECT	G_P G_R G_E G_F G_E G_C G_T
PREFER	G_P G_R G_E G_F G_E G_R
PREFIGURED	G_P G_R G_E G_F G_I G_G G_U G_R G_E G_D
PRELATE	G_P G_R G_E G_L G_A G_T G_E
PREMATURE	G_P G_R G_E G_M G_A G_T G_U G_R G_E
PREMEDITATION	G_P G_R G_E G_M G_E G_D G_I G_T G_A G_T G_I G_O G_N
PREOCCUPIED	G_P G_R G_E G_O G_C G_C G_U G_P G_I G_E G_D
PREPARATION	G_P G_R G_E G_P G_A G_R G_A G_T G_I G_O G_N
PREPARATIONS	G_P G_R G_E G_P G_A G_R G_A G_T G_I G_O G_N G_S
PREPARE	G_P G_R G_E G_P G_A G_R G_E
PREPARED	G_P G_R G_E G_P G_A G_R G_E G_D
PREPARES	G_P G_R G_E G_P G_A G_R G_E G_S
PREPARING	G_P G_R G_E G_P G_A G_R G_I G_N G_G
PREPOSTEROUS	G_P G_R G_E G_P G_O G_S G_T G_E G_R G_O G_U G_S
PRESAGED	G_P G_R G_E G_S G_A G_G G_E G_D
PRESCRIBED	G_P G_R G_E G_S G_C G_R G_I G_B G_E G_D
PRESENCE	G_P G_R G_E G_S G_E G_N G_C G_E
PRESENT	G_P G_R G_E G_S G_E G_N G_T
PRESENTING	G_P G_R G_E G_S G_E G_N G_T G_I G_N G_G
PRESENTLY	G_P G_R G_E G_S G_E G_N G_T G_L G_Y
PRESENTS	G_P G_R G_E G_S G_E G_N G_T G_S
PRESERVE	G_P G_R G_E G_S G_E G_R G_V G_E
PRESERVED	G_P G_R G_E G_S G_E G_R G_V G_E G_D
PRESIDED	G_P G_R G_E G_S G_I G_D G_E G_D
PRESIDENT	G_P G_R G_E G_S G_I G_D G_E G_N G_T
PRESIDENTS	G_P G_R G_E G_S G_I G_D G_E G_N G_T G_S
PRESIDING	G_P G_R G_E G_S G_I G_D G_I G_N G_G
PRESS	G_P G_R G_E G_S G_S
PRESSED	G_P G_R G_E G_S G_S G_E G_D
PRESSING	G_P G_R G_E G_S G_S G_I G_N G_G
PRESTY	G_P G_R G_E G_S G_T G_Y
PRESUMED	G_P G_R G_E G_S G_U G_M G_E G_D
PRETENCE	G_P G_R G_E G_T G_E G_N G_C G_E
PRETEND	G_P G_R G_E G_T G_E G_N G_D
PRETENDER	G_P G_R G_E G_T G_E G_N G_D G_E G_R
PRETENSIONS	G_P G_R G_E G_T G_E G_N G_S G_I G_O G_N G_S
PRETTY	G_P G_R G_E G_T G_T G_Y
PREVAILED	G_P G_R G_E G_V G_A G_I G_L G_E G_D
PREVAILING	G_P G_R G_E G_V G_A G_I G_L G_I G_N G_G
PREVENT	G_P G_R G_E G_V G_E G_N G_T
PREVENTED	G_P G_R G_E G_V G_E G_N G_T G_E G_D
PREVIOUSLY	G_P G_R G_E G_V G_I G_O G_U G_S G_L G_Y
PREY	G_P G_R G_E G_Y
PRICE	G_P G_R G_I G_C G_E
PRICES	G_P G_R G_I G_C G_E G_S
PRIDE	G_P G_R G_I G_D G_E
PRIEST	G_P G_R G_I G_E G_S G_T
PRIMARY	G_P G_R G_I G_M G_A G_R G_Y
PRIMAVERA	G_P G_R G_I G_M G_A G_V G_E G_R G_A
PRIME	G_P G_R G_I G_M G_E
PRIMITIVE	G_P G_R G_I G_M G_I G_T G_I G_V G_E
PRIMROSES	G_P G_R G_I G_M G_R G_O G_S G_E G_S
PRINCE	G_P G_R G_I G_N G_C G_E
PRINCELY	G_P G_R G_I G_N G_C G_E G_L G_Y
PRINCESS	G_P G_R G_I G_N G_C G_E G_S G_S
PRINCIPAL	G_P G_R G_I G_N G_C G_I G_P G_A G_L
PRINCIPALLY	G_P G_R G_I G_N G_C G_I G_P G_A G_L G_L G_Y
PRINCIPLE	G_P G_R G_I G_N G_C G_I G_P G_L G_E
PRINCIPLES	G_P G_R G_I G_N G_C G_I G_P G_L G_E G_S
PRINT	G_P G_R G_I G_N G_T
PRINTED	G_P G_R G_I G_N G_T G_E G_D
PRINTER	G_P G_R G_I G_N G_T G_E G_R
PRISON	G_P G_R G_I G_S G_O G_N
PRISONER	G_P G_R G_I G_S G_O G_N G_E G_R
PRISONERS	G_P G_R G_I G_S G_O G_N G_E G_R G_S
PRIVATE	G_P G_R G_I G_V G_A G_T G_E
PRIVATELY	G_P G_R G_I G_V G_A G_T G_E G_L G_Y
PRIVATIONS	G_P G_R G_I G_V G_A G_T G_I G_O G_N G_S
PRIVILEGE	G_P G_R G_I G_V G_I G_L G_E G_G G_E
PRIVILEGES	G_P G_R G_I G_V G_I G_L G_E G_G G_E G_S
PRIZE	G_P G_R G_I G_Z G_E
PRIZED	G_P G_R G_I G_Z G_E G_D
PROBABLY	G_P G_R G_O G_B G_A G_B G_L G_Y
PROBLEM	G_P G_R G_O G_B G_L G_E G_M
PROBLEMS	G_P G_R G_O G_B G_L G_E G_M G_S
PROCEED	G_P G_R G_O G_C G_E G_E G_D
PROCEEDING	G_P G_R G_O G_C G_E G_E G_D G_I G_N G_G
PROCEEDINGS	G_P G_R G_O G_C G_E G_E G_D G_I G_N G_G G_S
PROCEEDS	G_P G_R G_O G_C G_E G_E G_D G_S
PROCESS	G_P G_R G_O G_C G_E G_S G_S
PROCESSES	G_P G_R G_O G_C G_E G_S G_S G_E G_S
PROCESSION	G_P G_R G_O G_C G_E G_S G_S G_I G_O G_N
PROCURE	G_P G_R G_O G_C G_U G_R G_E
PRODIGIOUS	G_P G_R G_O G_D G_I G_G G_I G_O G_U G_S
PRODUCE	G_P G_R G_O G_D G_U G_C G_E
PRODUCED	G_P G_R G_O G_D G_U G_C G_E G_D
PRODUCES	G_P G_R G_O G_D G_U G_C G_E G_S
PRODUCING	G_P G_R G_O G_D G_U G_C G_I G_N G_G
PRODUCTIVE	G_P G_R G_O G_D G_U G_C G_T G_I G_V G_E
PROFANE	G_P G_R G_O G_F G_A G_N G_E
PROFESSES	G_P G_R G_O G_F G_E G_S G_S G_E G_S
PROFESSION	G_P G_R G_O G_F G_E G_S G_S G_I G_O G_N
PROFESSIONAL	G_P G_R G_O G_F G_E G_S G_S G_I G_O G_N G_A G_L
PROFESSOR	G_P G_R G_O G_F G_E G_S G_S G_O G_R
PROFESSOR'S	G_P G_R G_O G_F G_E G_S G_S G_O G_R G_S
PROFIT	G_P G_R G_O G_F G_I G_T
PROFOUND	G_P G_R G_O G_F G_O G_U G_N G_D
PROGRAM	G_P G_R G_O G_G G_R G_A G_M
PROGRAMS	G_P G_R G_O G_G G_R G_A G_M G_S
PROGRESS	G_P G_R G_O G_G G_R G_E G_S G_S
PROJECTING	G_P G_R G_O G_J G_E G_C G_T G_I G_N G_G
PROLETARIAT	G_P G_R G_O G_L G_E G_T G_A G_R G_I G_A G_T
PROLIFIC	G_P G_R G_O G_L G_I G_F G_I G_C
PROLONGED	G_P G_R G_O G_L G_O G_N G_G G_E G_D
PROMETHEUS	G_P G_R G_O G_M G_E G_T G_H G_E G_U G_S
PROMISCUOUS	G_P G_R G_O G_M G_I G_S G_C G_U G_O G_U G_S
PROMISE	G_P G_R G_O G_M G_I G_S G_E
PROMISED	G_P G_R G_O G_M G_I G_S G_E G_D
PROMISES	G_P G_R G_O G_M G_I G_S G_E G_S
PROMPT	G_P G_R G_O G_M G_P G_T
PROMPTLY	G_P G_R G_O G_M G_P G_T G_L G_Y
PRONE	G_P G_R G_O G_N G_E
PRONOUNCED	G_P G_R G_O G_N G_O G_U G_N G_C G_E G_D
PRONUNCIATION	G_P G_R G_O G_N G_U G_N G_C G_I G_A G_T G_I G_O G_N
PROP	G_P G_R G_O G_P
PROPENSITIES	G_P G_R G_O G_P G_E G_N G_S G_I G_T G_I G_E G_S
PROPENSITY	G_P G_R G_O G_P G_E G_N G_S G_I G_T G_Y
PROPER	G_P G_R G_O G_P G_E G_R
PROPERLY	G_P G_R G_O G_P G_E G_R G_L G_Y
PROPERTIES	G_P G_R G_O G_P G_E G_R G_T G_I G_E G_S
PROPERTY	G_P G_R G_O G_P G_E G_R G_T G_Y
PROPHECIES	G_P G_R G_O G_P G_H G_E G_C G_I G_E G_S
PROPHET	G_P G_R G_O G_P G_H G_E G_T
PROPHETIC	G_P G_R G_O G_P G_H G_E G_T G_I G_C
PROPHETS	G_P G_R G_O G_P G_H G_E G_T G_S
PROPORTIONS	G_P G_R G_O G_P G_O G_R G_T G_I G_O G_N G_S
PROPOSALS	G_P G_R G_O G_P G_O G_S G_A G_L G_S
PROPPED	G_P G_R G_O G_P G_P G_E G_D
PROPRIETOR	G_P G_R G_O G_P G_R G_I G_E G_T G_O G_R
PROPRIETORS	G_P G_R G_O G_P G_R G_I G_E G_T G_O G_R G_S
PROSE	G_P G_R G_O G_S G_E
PROSECUTION	G_P G_R G_O G_S G_E G_C G_U G_T G_I G_O G_N
PROSELYTE	G_P G_R G_O G_S G_E G_L G_Y G_T G_E
PROSELYTES	G_P G_R G_O G_S G_E G_L G_Y G_T G_E G_S
PROSERPINA	G_P G_R G_O G_S G_E G_R G_P G_I G_N G_A
PROSPECT	G_P G_R G_O G_S G_P G_E G_C G_T
PROSPECTS	G_P G_R G_O G_S G_P G_E G_C G_T G_S
PROSPERITY	G_P G_R G_O G_S G_P G_E G_R G_I G_T G_Y
PROSTRATION	G_P G_R G_O G_S G_T G_R G_A G_T G_I G_O G_N
PROTECT	G_P G_R G_O G_T G_E G_C G_T
PROTECTED	G_P G_R G_O G_T G_E G_C G_T G_E G_D
PROTECTING	G_P G_R G_O G_T G_E G_C G_T G_I G_N G_G
PROTECTION	G_P G_R G_O G_T G_E G_C G_T G_I G_O G_N
PROTEGES	G_P G_R G_O G_T G_E G_G G_E G_S
PROTEST	G_P G_R G_O G_T G_E G_S G_T
PROTESTED	G_P G_R G_O G_T G_E G_S G_T G_E G_D
PROTRUDED	G_P G_R G_O G_T G_R G_U G_D G_E G_D
PROUD	G_P G_R G_O G_U G_D
PROVE	G_P G_R G_O G_V G_E
PROVED	G_P G_R G_O G_V G_E G_D
PROVIDE	G_P G_R G_O G_V G_I G_D G_E
PROVIDED	G_P G_R G_O G_V G_I G_D G_E G_D
PROVINCE	G_P G_R G_O G_V G_I G_N G_C G_E
PROVINCES	G_P G_R G_O G_V G_I G_N G_C G_E G_S
PROVINCIAL	G_P G_R G_O G_V G_I G_N G_C G_I G_A G_L
PROVING	G_P G_R G_O G_V G_I G_N G_G
PROVOKE	G_P G_R G_O G_V G_O G_K G_E
PROWLED	G_P G_R G_O G_W G_L G_E G_D
PROWLING	G_P G_R G_O G_W G_L G_I G_N G_G
PROXIMITY	G_P G_R G_O G_X G_I G_M G_I G_T G_Y
PRUDENCE	G_P G_R G_U G_D G_E G_N G_C G_E
PSALM	G_P G_S G_A G_L G_M
PTOLEMY	G_P G_T G_O G_L G_E G_M G_Y
PUBLIC	G_P G_U G_B G_L G_I G_C
PUBLISHED	G_P G_U G_B G_L G_I G_S G_H G_E G_D
PUDDINGS	G_P G_U G_D G_D G_I G_N G_G G_S
PUERILE	G_P G_U G_E G_R G_I G_L G_E
PUFFY	G_P G_U G_F G_F G_Y
PULL	G_P G_U G_L G_L
PULLED	G_P G_U G_L G_L G_E G_D
PULLING	G_P G_U G_L G_L G_I G_N G_G
PULP	G_P G_U G_L G_P
PULSE	G_P G_U G_L G_S G_E
PUMPKIN	G_P G_U G_M G_P G_K G_I G_N
PUNGENT	G_P G_U G_N G_G G_E G_N G_T
PUNISHMENT	G_P G_U G_N G_I G_S G_H G_M G_E G_N G_T
PUPILS	G_P G_U G_P G_I G_L G_S
PURE	G_P G_U G_R G_E
PUREST	G_P G_U G_R G_E G_S G_T
PURGING	G_P G_U G_R G_G G_I G_N G_G
PURITAN	G_P G_U G_R G_I G_T G_A G_N
PURITY	G_P G_U G_R G_I G_T G_Y
PURPLE	G_P G_U G_R G_P G_L G_E
PURPOSE	G_P G_U G_R G_P G_O G_S G_E
PURPOSELY	G_P G_U G_R G_P G_O G_S G_E G_L G_Y
PURPOSES	G_P G_U G_R G_P G_O G_S G_E G_S
PURSUES	G_P G_U G_R G_S G_U G_E G_S
PUSHING	G_P G_U G_S G_H G_I G_N G_G
PUT	G_P G_U G_T
PUTS	G_P G_U G_T G_S
PUTTING	G_P G_U G_T G_T G_I G_N G_G
PUZZLED	G_P G_U G_Z G_Z G_L G_E G_D
PYNCHEON	G_P G_Y G_N G_C G_H G_E G_O G_N
PYRE	G_P G_Y G_R G_E
PYRRHA	G_P G_Y G_R G_R G_H G_A
QUAFFED	G_Q G_U G_A G_F G_F G_E G_D
QUAKERISH	G_Q G_U G_A G_K G_E G_R G_I G_S G_H
QUALITIES	G_Q G_U G_A G_L G_I G_T G_I G_E G_S
QUALITY	G_Q G_U G_A G_L G_I G_T G_Y
QUANDARY	G_Q G_U G_A G_N G_D G_A G_R G_Y
QUANTITY	G_Q G_U G_A G_N G_T G_I G_T G_Y
QUARREL	G_Q G_U G_A G_R G_R G_E G_L
QUARTER	G_Q G_U G_A G_R G_T G_E G_R
QUARTERED	G_Q G_U G_A G_R G_T G_E G_R G_E G_D
QUARTERS	G_Q G_U G_A G_R G_T G_E G_R G_S
QUEEN	G_Q G_U G_E G_E G_N
QUEENS	G_Q G_U G_E G_E G_N G_S
QUEER	G_Q G_U G_E G_E G_R
QUENELLES	G_Q G_U G_E G_N G_E G_L G_L G_E G_S
QUERIED	G_Q G_U G_E G_R G_I G_E G_D
QUEST	G_Q G_U G_E G_S G_T
QUESTION	G_Q G_U G_E G_S G_T G_I G_O G_N
QUESTIONABLE	G_Q G_U G_E G_S G_T G_I G_O G_N G_A G_B G_L G_E
QUESTIONED	G_Q G_U G_E G_S G_T G_I G_O G_N G_E G_D
QUESTIONS	G_Q G_U G_E G_S G_T G_I G_O G_N G_S
QUICK	G_Q G_U G_I G_C G_K
QUICKENED	G_Q G_U G_I G_C G_K G_E G_N G_E G_D
QUICKENING	G_Q G_U G_I G_C G_K G_E G_N G_I G_N G_G
QUICKER	G_Q G_U G_I G_C G_K G_E G_R
QUICKLY	G_Q G_U G_I G_C G_K G_L G_Y
QUIET	G_Q G_U G_I G_E G_T
QUIETEST	G_Q G_U G_I G_E G_T G_E G_S G_T
QUIETLY	G_Q G_U G_I G_E G_T G_L G_Y
QUILTER	G_Q G_U G_I G_L G_T G_E G_R
QUILTER'S	G_Q G_U G_I G_L G_T G_E G_R G_S
QUINCI	G_Q G_U G_I G_N G_C G_I
QUITE	G_Q G_U G_I G_T G_E
QUITTED	G_Q G_U G_I G_T G_T G_E G_D
QUIVER	G_Q G_U G_I G_V G_E G_R
QUIVERED	G_Q G_U G_I G_V G_E G_R G_E G_D
QUIVERING	G_Q G_U G_I G_V G_E G_R G_I G_N G_G
QUIXOTE	G_Q G_U G_I G_X G_O G_T G_E
RABBIT	G_R G_A G_B G_B G_I G_T
RACE	G_R G_A G_C G_E
RACES	G_R G_A G_C G_E G_S
RACKED	G_R G_A G_C G_K G_E G_D
RACKS	G_R G_A G_C G_K G_S
RADIANCE	G_R G_A G_D G_I G_A G_N G_C G_E
RADICALLY	G_R G_A G_D G_I G_C G_A G_L G_L G_Y
RADIOPHONE	G_R G_A G_D G_I G_O G_P G_H G_O G_N G_E
RAG	G_R G_A G_G
RAGE	G_R G_A G_G G_E
RAGED	G_R G_A G_G G_E G_D
RAGGED	G_R G_A G_G G_G G_E G_D
RAGS	G_R G_A G_G G_S
RAILS	G_R G_A G_I G_L G_S
RAILWAY	G_R G_A G_I G_L G_W G_A G_Y
RAIMENTED	G_R G_A G_I G_M G_E G_N G_T G_E G_D
RAIN	G_R G_A G_I G_N
RAINBOW'S	G_R G_A G_I G_N G_B G_O G_W G_S
RAINING	G_R G_A G_I G_N G_I G_N G_G
RAINSTORMS	G_R G_A G_I G_N G_S G_T G_O G_R G_M G_S
RAISED	G_R G_A G_I G_S G_E G_D
RAISING	G_R G_A G_I G_S G_I G_N G_G
RAISINS	G_R G_A G_I G_S G_I G_N G_S
RALLY	G_R G_A G_L G_L G_Y
RAMBLE	G_R G_A G_M G_B G_L G_E
RAMBLES	G_R G_A G_M G_B G_L G_E G_S
RAMBLING	G_R G_A G_M G_B G_L G_I G_N G_G
RAMPARTS	G_R G_A G_M G_P G_A G_R G_T G_S
RAN	G_R G_A G_N
RANCOROUS	G_R G_A G_N G_C G_O G_R G_O G_U G_S
RANDAL	G_R G_A G_N G_D G_A G_L
RANDAL'S	G_R G_A G_N G_D G_A G_L G_S
RANG	G_R G_A G_N G_G
RANGE	G_R G_A G_N G_G G_E
RANGES	G_R G_A G_N G_G G_E G_S
RANGITATA	G_R G_A G_N G_G G_I G_T G_A G_T G_A
RANK	G_R G_A G_N G_K
RANKS	G_R G_A G_N G_K G_S
RAPID	G_R G_A G_P G_I G_D
RAPIDITY	G_R G_A G_P G_I G_D G_I G_T G_Y
RAPIDLY	G_R G_A G_P G_I G_D G_L G_Y
RAPINE	G_R G_A G_P G_I G_N G_E
RAPS	G_R G_A G_P G_S
RARE	G_R G_A G_R G_E
RARELY	G_R G_A G_R G_E G_L G_Y
RARER	G_R G_A G_R G_E G_R
RASCAL	G_R G_A G_S G_C G_A G_L
RASCALS	G_R G_A G_S G_C G_A G_L G_S
RASHNESS	G_R G_A G_S G_H G_N G_E G_S G_S
RATE	G_R G_A G_T G_E
RATH	G_R G_A G_T G_H
RATHER	G_R G_A G_T G_H G_E G_R
RATHSKELLERS	G_R G_A G_T G_H G_S G_K G_E G_L G_L G_E G_R G_S
RATIONAL	G_R G_A G_T G_I G_O G_N G_A G_L
RATTLED	G_R G_A G_T G_T G_L G_E G_D
RATTLING	G_R G_A G_T G_T G_L G_I G_N G_G
RAVE	G_R G_A G_V G_E
RAVED	G_R G_A G_V G_E G_D
RAVINE	G_R G_A G_V G_I G_N G_E
RAVISHMENT	G_R G_A G_V G_I G_S G_H G_M G_E G_N G_T
RAW	G_R G_A G_W
RAZETTA	G_R G_A G_Z G_E G_T G_T G_A
RE	G_R G_E
REACH	G_R G_E G_A G_C G_H
REACHED	G_R G_E G_A G_C G_H G_E G_D
REACHES	G_R G_E G_A G_C G_H G_E G_S
REACHING	G_R G_E G_A G_C G_H G_I G_N G_G
READ	G_R G_E G_A G_D
READER	G_R G_E G_A G_D G_E G_R
READERS	G_R G_E G_A G_D G_E G_R G_S
READILY	G_R G_E G_A G_D G_I G_L G_Y
READING	G_R G_E G_A G_D G_I G_N G_G
READS	G_R G_E G_A G_D G_S
READY	G_R G_E G_A G_D G_Y
REAL	G_R G_E G_A G_L
REALISE	G_R G_E G_A G_L G_I G_S G_E
REALITIES	G_R G_E G_A G_L G_I G_T G_I G_E G_S
REALITY	G_R G_E G_A G_L G_I G_T G_Y
REALIZED	G_R G_E G_A G_L G_I G_Z G_E G_D
REALLY	G_R G_E G_A G_L G_L G_Y
REALS	G_R G_E G_A G_L G_S
REAP	G_R G_E G_A G_P
REAPPEAR	G_R G_E G_A G_P G_P G_E G_A G_R
REAR	G_R G_E G_A G_R
REARED	G_R G_E G_A G_R G_E G_D
REARWARD	G_R G_E G_A G_R G_W G_A G_R G_D
REASON	G_R G_E G_A G_S G_O G_N
REASONABLE	G_R G_E G_A G_S G_O G_N G_A G_B G_L G_E
REASONING	G_R G_E G_A G_S G_O G_N G_I G_N G_G
REASONS	G_R G_E G_A G_S G_O G_N G_S
REBEL	G_R G_E G_B G_E G_L
REBELLION	G_R G_E G_B G_E G_L G_L G_I G_O G_N
REBELS	G_R G_E G_B G_E G_L G_S
RECALL	G_R G_E G_C G_A G_L G_L
RECALLING	G_R G_E G_C G_A G_L G_L G_I G_N G_G
RECEIPT	G_R G_E G_C G_E G_I G_P G_T
RECEIVE	G_R G_E G_C G_E G_I G_V G_E
RECEIVED	G_R G_E G_C G_E G_I G_V G_E G_D
RECENT	G_R G_E G_C G_E G_N G_T
RECEPTION	G_R G_E G_C G_E G_P G_T G_I G_O G_N
RECEPTIVE	G_R G_E G_C G_E G_P G_T G_I G_V G_E
RECESSES	G_R G_E G_C G_E G_S G_S G_E G_S
RECIPE	G_R G_E G_C G_I G_P G_E
RECKLESS	G_R G_E G_C G_K G_L G_E G_S G_S
RECKON	G_R G_E G_C G_K G_O G_N
RECOGNISE	G_R G_E G_C G_O G_G G_N G_I G_S G_E
RECOGNISING	G_R G_E G_C G_O G_G G_N G_I G_S G_I G_N G_G
RECOGNIZE	G_R G_E G_C G_O G_G G_N G_I G_Z G_E
RECOGNIZED	G_R G_E G_C G_O G_G G_N G_I G_Z G_E G_D
RECOGNIZES	G_R G_E G_C G_O G_G G_N G_I G_Z G_E G_S
RECOLLECT	G_R G_E G_C G_O G_L G_L G_E G_C G_T
RECOLLECTION	G_R G_E G_C G_O G_L G_L G_E G_C G_T G_I G_O G_N
RECOMMENDING	G_R G_E G_C G_O G_M G_M G_E G_N G_D G_I G_N G_G
RECOMMENDS	G_R G_E G_C G_O G_M G_M G_E G_N G_D G_S
RECONCILE	G_R G_E G_C G_O G_N G_C G_I G_L G_E
RECONCILED	G_R G_E G_C G_O G_N G_C G_I G_L G_E G_D
RECONCILIATION	G_R G_E G_C G_O G_N G_C G_I G_L G_I G_A G_T G_I G_O G_N
RECORDS	G_R G_E G_C G_O G_R G_D G_S
RECOVERING	G_R G_E G_C G_O G_V G_E G_R G_I G_N G_G
RECRIMINATING	G_R G_E G_C G_R G_I G_M G_I G_N G_A G_T G_I G_N G_G
RECRUIT	G_R G_E G_C G_R G_U G_I G_T
RECTOR'S	G_R G_E G_C G_T G_O G_R G_S
RECUPERATIONS	G_R G_E G_C G_U G_P G_E G_R G_A G_T G_I G_O G_N G_S
RED	G_R G_E G_D
REDDENED	G_R G_E G_D G_D G_E G_N G_E G_D
REDEEMED	G_R G_E G_D G_E G_E G_M G_E G_D
REDUCE	G_R G_E G_D G_U G_C G_E
REDUCED	G_R G_E G_D G_U G_C G_E G_D
REELING	G_R G_E G_E G_L G_I G_N G_G
REFER	G_R G_E G_F G_E G_R
REFERENCE	G_R G_E G_F G_E G_R G_E G_N G_C G_E
REFINED	G_R G_E G_F G_I G_N G_E G_D
REFLECT	G_R G_E G_F G_L G_E G_C G_T
REFLECTION	G_R G_E G_F G_L G_E G_C G_T G_I G_O G_N
REFORM	G_R G_E G_F G_O G_R G_M
REFRACTORY	G_R G_E G_F G_R G_A G_C G_T G_O G_R G_Y
REFUGE	G_R G_E G_F G_U G_G G_E
REFUSE	G_R G_E G_F G_U G_S G_E
REFUSED	G_R G_E G_F G_U G_S G_E G_D
REFUSING	G_R G_E G_F G_U G_S G_I G_N G_G
REGAINING	G_R G_E G_G G_A G_I G_N G_I G_N G_G
REGARD	G_R G_E G_G G_A G_R G_D
REGARDED	G_R G_E G_G G_A G_R G_D G_E G_D
REGARDING	G_R G_E G_G G_A G_R G_D G_I G_N G_G
REGARDLESS	G_R G_E G_G G_A G_R G_D G_L G_E G_S G_S
REGARDS	G_R G_E G_G G_A G_R G_D G_S
REGENT'S	G_R G_E G_G G_E G_N G_T G_S
REGIMENT	G_R G_E G_G G_I G_M G_E G_N G_T
REGIMENTS	G_R G_E G_G G_I G_M G_E G_N G_T G_S
REGION	G_R G_E G_G G_I G_O G_N
REGRET	G_R G_E G_G G_R G_E G_T
REGRETTED	G_R G_E G_G G_R G_E G_T G_T G_E G_D
REGULAR	G_R G_E G_G G_U G_L G_A G_R
REGULARLY	G_R G_E G_G G_U G_L G_A G_R G_L G_Y
REIGN	G_R G_E G_I G_G G_N
REIGNED	G_R G_E G_I G_G G_N G_E G_D
REIGNS	G_R G_E G_I G_G G_N G_S
REIN	G_R G_E G_I G_N
REINCARNATION	G_R G_E G_I G_N G_C G_A G_R G_N G_A G_T G_I G_O G_N
REJECTION	G_R G_E G_J G_E G_C G_T G_I G_O G_N
REJECTS	G_R G_E G_J G_E G_C G_T G_S
REJOICE	G_R G_E G_J G_O G_I G_C G_E
REJOICED	G_R G_E G_J G_O G_I G_C G_E G_D
REJOINED	G_R G_E G_J G_O G_I G_N G_E G_D
RELATED	G_R G_E G_L G_A G_T G_E G_D
RELATING	G_R G_E G_L G_A G_T G_I G_N G_G
RELATION	G_R G_E G_L G_A G_T G_I G_O G_N
RELATIONS	G_R G_E G_L G_A G_T G_I G_O G_N G_S
RELATIVE	G_R G_E G_L G_A G_T G_I G_V G_E
RELATIVES	G_R G_E G_L G_A G_T G_I G_V G_E G_S
RELAXATION	G_R G_E G_L G_A G_X G_A G_T G_I G_O G_N
RELAXED	G_R G_E G_L G_A G_X G_E G_D
RELEASE	G_R G_E G_L G_E G_A G_S G_E
RELENT	G_R G_E G_L G_E G_N G_T
RELENTLESSLY	G_R G_E G_L G_E G_N G_T G_L G_E G_S G_S G_L G_Y
RELIANCE	G_R G_E G_L G_I G_A G_N G_C G_E
RELIEF	G_R G_E G_L G_I G_E G_F
RELIEVED	G_R G_E G_L G_I G_E G_V G_E G_D
RELIGION	G_R G_E G_L G_I G_G G_I G_O G_N
RELIGIOUS	G_R G_E G_L G_I G_G G_I G_O G_U G_S
RELINQUISH	G_R G_E G_L G_I G_N G_Q G_U G_I G_S G_H
RELY	G_R G_E G_L G_Y
REMAIN	G_R G_E G_M G_A G_I G_N
REMAINDER	G_R G_E G_M G_A G_I G_N G_D G_E G_R
REMAINED	G_R G_E G_M G_A G_I G_N G_E G_D
REMAINING	G_R G_E G_M G_A G_I G_N G_I G_N G_G
REMAINS	G_R G_E G_M G_A G_I G_N G_S
REMARK	G_R G_E G_M G_A G_R G_K
REMARKABLE	G_R G_E G_M G_A G_R G_K G_A G_B G_L G_E
REMARKABLY	G_R G_E G_M G_A G_R G_K G_A G_B G_L G_Y
REMARKED	G_R G_E G_M G_A G_R G_K G_E G_D
REMARKS	G_R G_E G_M G_A G_R G_K G_S
REMEDY	G_R G_E G_M G_E G_D G_Y
REMEMBER	G_R G_E G_M G_E G_M G_B G_E G_R
REMEMBERED	G_R G_E G_M G_E G_M G_B G_E G_R G_E G_D
REMEMBRANCE	G_R G_E G_M G_E G_M G_B G_R G_A G_N G_C G_E
REMIND	G_R G_E G_M G_I G_N G_D
REMINDED	G_R G_E G_M G_I G_N G_D G_E G_D
REMINDERS	G_R G_E G_M G_I G_N G_D G_E G_R G_S
REMINDS	G_R G_E G_M G_I G_N G_D G_S
REMONSTRANCES	G_R G_E G_M G_O G_N G_S G_T G_R G_A G_N G_C G_E G_S
REMORSE	G_R G_E G_M G_O G_R G_S G_E
REMORSELESS	G_R G_E G_M G_O G_R G_S G_E G_L G_E G_S G_S
REMOTE	G_R G_E G_M G_O G_T G_E
REMOTER	G_R G_E G_M G_O G_T G_E G_R
REMOVE	G_R G_E G_M G_O G_V G_E
REMOVED	G_R G_E G_M G_O G_V G_E G_D
REMOVING	G_R G_E G_M G_O G_V G_I G_N G_G
RENDER	G_R G_E G_N G_D G_E G_R
RENDERED	G_R G_E G_N G_D G_E G_R G_E G_D
RENDERING	G_R G_E G_N G_D G_E G_R G_I G_N G_G
RENDING	G_R G_E G_N G_D G_I G_N G_G
RENEWED	G_R G_E G_N G_E G_W G_E G_D
RENEWING	G_R G_E G_N G_E G_W G_I G_N G_G
RENT	G_R G_E G_N G_T
REPAID	G_R G_E G_P G_A G_I G_D
REPAIR	G_R G_E G_P G_A G_I G_R
REPAIRED	G_R G_E G_P G_A G_I G_R G_E G_D
REPAIRING	G_R G_E G_P G_A G_I G_R G_I G_N G_G
REPEATED	G_R G_E G_P G_E G_A G_T G_E G_D
REPEATEDLY	G_R G_E G_P G_E G_A G_T G_E G_D G_L G_Y
REPEATING	G_R G_E G_P G_E G_A G_T G_I G_N G_G
REPERTORY	G_R G_E G_P G_E G_R G_T G_O G_R G_Y
REPETITIONS	G_R G_E G_P G_E G_T G_I G_T G_I G_O G_N G_S
REPLIED	G_R G_E G_P G_L G_I G_E G_D
REPLIES	G_R G_E G_P G_L G_I G_E G_S
REPLY	G_R G_E G_P G_L G_Y
REPORT	G_R G_E G_P G_O G_R G_T
REPORTED	G_R G_E G_P G_O G_R G_T G_E G_D
REPOSING	G_R G_E G_P G_O G_S G_I G_N G_G
REPRESENT	G_R G_E G_P G_R G_E G_S G_E G_N G_T
REPRESENTATIONS	G_R G_E G_P G_R G_E G_S G_E G_N G_T G_A G_T G_I G_O G_N G_S
REPRESENTATIVES	G_R G_E G_P G_R G_E G_S G_E G_N G_T G_A G_T G_I G_V G_E G_S
REPTILE	G_R G_E G_P G_T G_I G_L G_E
REPUBLICS	G_R G_E G_P G_U G_B G_L G_I G_C G_S
REPUDIATE	G_R G_E G_P G_U G_D G_I G_A G_T G_E
REPUGNANCE	G_R G_E G_P G_U G_G G_N G_A G_N G_C G_E
REPULSED	G_R G_E G_P G_U G_L G_S G_E G_D
REPUTATION	G_R G_E G_P G_U G_T G_A G_T G_I G_O G_N
REQUESTED	G_R G_E G_Q G_U G_E G_S G_T G_E G_D
REQUIRE	G_R G_E G_Q G_U G_I G_R G_E
REQUIRED	G_R G_E G_Q G_U G_I G_R G_E G_D
REQUIREMENT	G_R G_E G_Q G_U G_I G_R G_E G_M G_E G_N G_T
REQUIRES	G_R G_E G_Q G_U G_I G_R G_E G_S
REQUIRING	G_R G_E G_Q G_U G_I G_R G_I G_N G_G
RESCUE	G_R G_E G_S G_C G_U G_E
RESEMBLANCE	G_R G_E G_S G_E G_M G_B G_L G_A G_N G_C G_E
RESEMBLED	G_R G_E G_S G_E G_M G_B G_L G_E G_D
RESEMBLES	G_R G_E G_S G_E G_M G_B G_L G_E G_S
RESENTED	G_R G_E G_S G_E G_N G_T G_E G_D
RESERVE	G_R G_E G_S G_E G_R G_V G_E
RESERVED	G_R G_E G_S G_E G_R G_V G_E G_D
RESERVES	G_R G_E G_S G_E G_R G_V G_E G_S
RESIDE	G_R G_E G_S G_I G_D G_E
RESIDENCE	G_R G_E G_S G_I G_D G_E G_N G_C G_E
RESIDENCES	G_R G_E G_S G_I G_D G_E G_N G_C G_E G_S
RESIDENT	G_R G_E G_S G_I G_D G_E G_N G_T
RESIGN'D	G_R G_E G_S G_I G_G G_N G_D
RESIST	G_R G_E G_S G_I G_S G_T
RESOLUTELY	G_R G_E G_S G_O G_L G_U G_T G_E G_L G_Y
RESOLUTION	G_R G_E G_S G_O G_L G_U G_T G_I G_O G_N
RESORT	G_R G_E G_S G_O G_R G_T
RESOUNDING	G_R G_E G_S G_O G_U G_N G_D G_I G_N G_G
RESOURCES	G_R G_E G_S G_O G_U G_R G_C G_E G_S
RESPECT	G_R G_E G_S G_P G_E G_C G_T
RESPECTABLE	G_R G_E G_S G_P G_E G_C G_T G_A G_B G_L G_E
RESPECTS	G_R G_E G_S G_P G_E G_C G_T G_S
RESPONSIBILITIES	G_R G_E G_S G_P G_O G_N G_S G_I G_B G_I G_L G_I G_T G_I G_E G_S
RESPONSIBILITY	G_R G_E G_S G_P G_O G_N G_S G_I G_B G_I G_L G_I G_T G_Y
RESPONSIVE	G_R G_E G_S G_P G_O G_N G_S G_I G_V G_E
REST	G_R G_E G_S G_T
RESTAURANT	G_R G_E G_S G_T G_A G_U G_R G_A G_N G_T
RESTAURANTS	G_R G_E G_S G_T G_A G_U G_R G_A G_N G_T G_S
RESTING	G_R G_E G_S G_T G_I G_N G_G
RESTLESS	G_R G_E G_S G_T G_L G_E G_S G_S
RESTORATIVE	G_R G_E G_S G_T G_O G_R G_A G_T G_I G_V G_E
RESTORE	G_R G_E G_S G_T G_O G_R G_E
RESTORED	G_R G_E G_S G_T G_O G_R G_E G_D
RESTORING	G_R G_E G_S G_T G_O G_R G_I G_N G_G
RESTRAINED	G_R G_E G_S G_T G_R G_A G_I G_N G_E G_D
RESTRAINT	G_R G_E G_S G_T G_R G_A G_I G_N G_T
RESTS	G_R G_E G_S G_T G_S
RESULT	G_R G_E G_S G_U G_L G_T
RESULTS	G_R G_E G_S G_U G_L G_T G_S
RETIRED	G_R G_E G_T G_I G_R G_E G_D
RETREAT	G_R G_E G_T G_R G_E G_A G_T
RETREATED	G_R G_E G_T G_R G_E G_A G_T G_E G_D
RETREATING	G_R G_E G_T G_R G_E G_A G_T G_I G_N G_G
RETURN	G_R G_E G_T G_U G_R G_N
RETURNED	G_R G_E G_T G_U G_R G_N G_E G_D
RETURNING	G_R G_E G_T G_U G_R G_N G_I G_N G_G
REVEAL	G_R G_E G_V G_E G_A G_L
REVEALED	G_R G_E G_V G_E G_A G_L G_E G_D
REVELLING	G_R G_E G_V G_E G_L G_L G_I G_N G_G
REVENGE	G_R G_E G_V G_E G_N G_G G_E
REVERBERATED	G_R G_E G_V G_E G_R G_B G_E G_R G_A G_T G_E G_D
REVERED	G_R G_E G_V G_E G_R G_E G_D
REVERENCE	G_R G_E G_V G_E G_R G_E G_N G_C G_E
REVERENCED	G_R G_E G_V G_E G_R G_E G_N G_C G_E G_D
REVEREND	G_R G_E G_V G_E G_R G_E G_N G_D
REVERENTLY	G_R G_E G_V G_E G_R G_E G_N G_T G_L G_Y
REVERIE	G_R G_E G_V G_E G_R G_I G_E
REVERIES	G_R G_E G_V G_E G_R G_I G_E G_S
REVERSE	G_R G_E G_V G_E G_R G_S G_E
REVERSED	G_R G_E G_V G_E G_R G_S G_E G_D
REVIEWER	G_R G_E G_V G_I G_E G_W G_E G_R
REVIEWERS	G_R G_E G_V G_I G_E G_W G_E G_R G_S
REVIEWS	G_R G_E G_V G_I G_E G_W G_S
REVISES	G_R G_E G_V G_I G_S G_E G_S
REVISING	G_R G_E G_V G_I G_S G_I G_N G_G
REVIVING	G_R G_E G_V G_I G_V G_I G_N G_G
REVOLT	G_R G_E G_V G_O G_L G_T
REVOLTED	G_R G_E G_V G_O G_L G_T G_E G_D
REVOLUTION	G_R G_E G_V G_O G_L G_U G_T G_I G_O G_N
REVOLVED	G_R G_E G_V G_O G_L G_V G_E G_D
REWARD	G_R G_E G_W G_A G_R G_D
REWARDED	G_R G_E G_W G_A G_R G_D G_E G_D
REWRITTEN	G_R G_E G_W G_R G_I G_T G_T G_E G_N
REX	G_R G_E G_X
RHEIN	G_R G_H G_E G_I G_N
RHEUMATIC	G_R G_H G_E G_U G_M G_A G_T G_I G_C
RHODES	G_R G_H G_O G_D G_E G_S
RHYME	G_R G_H G_Y G_M G_E
RHYMES	G_R G_H G_Y G_M G_E G_S
RHYTHM	G_R G_H G_Y G_T G_H G_M
RHYTHMICAL	G_R G_H G_Y G_T G_H G_M G_I G_C G_A G_L
RHYTHMICALLY	G_R G_H G_Y G_T G_H G_M G_I G_C G_A G_L G_L G_Y
RICE	G_R G_I G_C G_E
RICH	G_R G_I G_C G_H
RICHES	G_R G_I G_C G_H G_E G_S
RICHLY	G_R G_I G_C G_H G_L G_Y
RICTUS	G_R G_I G_C G_T G_U G_S
RID	G_R G_I G_D
RIDE	G_R G_I G_D G_E
RIDER	G_R G_I G_D G_E G_R
RIDERS	G_R G_I G_D G_E G_R G_S
RIDICULE	G_R G_I G_D G_I G_C G_U G_L G_E
RIDING	G_R G_I G_D G_I G_N G_G
RIFLE	G_R G_I G_F G_L G_E
RIGHT	G_R G_I G_G G_H G_T
RIGHTLY	G_R G_I G_G G_H G_T G_L G_Y
RIGHTS	G_R G_I G_G G_H G_T G_S
RIGID	G_R G_I G_G G_I G_D
RIGOR	G_R G_I G_G G_O G_R
RIM	G_R G_I G_M
RING	G_R G_I G_N G_G
RINGING	G_R G_I G_N G_G G_I G_N G_G
RINGLEADER	G_R G_I G_N G_G G_L G_E G_A G_D G_E G_R
RINGS	G_R G_I G_N G_G G_S
RIPE	G_R G_I G_P G_E
RIPENED	G_R G_I G_P G_E G_N G_E G_D
RIPPLING	G_R G_I G_P G_P G_L G_I G_N G_G
RISE	G_R G_I G_S G_E
RISEN	G_R G_I G_S G_E G_N
RISES	G_R G_I G_S G_E G_S
RISING	G_R G_I G_S G_I G_N G_G
RISK	G_R G_I G_S G_K
RITES	G_R G_I G_T G_E G_S
RIVALRY	G_R G_I G_V G_A G_L G_R G_Y
RIVER	G_R G_I G_V G_E G_R
RIVERLIKE	G_R G_I G_V G_E G_R G_L G_I G_K G_E
RIVERS	G_R G_I G_V G_E G_R G_S
ROAD	G_R G_O G_A G_D
ROADS	G_R G_O G_A G_D G_S
ROAMED	G_R G_O G_A G_M G_E G_D
ROAR	G_R G_O G_A G_R
ROARED	G_R G_O G_A G_R G_E G_D
ROAST	G_R G_O G_A G_S G_T
ROASTING	G_R G_O G_A G_S G_T G_I G_N G_G
ROBBER	G_R G_O G_B G_B G_E G_R
ROBBERS	G_R G_O G_B G_B G_E G_R G_S
ROBBING	G_R G_O G_B G_B G_I G_N G_G
ROBE	G_R G_O G_B G_E
ROBERT	G_R G_O G_B G_E G_R G_T
ROBES	G_R G_O G_B G_E G_S
ROBS	G_R G_O G_B G_S
ROBUST	G_R G_O G_B G_U G_S G_T
ROCK	G_R G_O G_C G_K
ROCKET	G_R G_O G_C G_K G_E G_T
ROCKING	G_R G_O G_C G_K G_I G_N G_G
ROCKS	G_R G_O G_C G_K G_S
ROCKY	G_R G_O G_C G_K G_Y
ROD	G_R G_O G_D
RODE	G_R G_O G_D G_E
RODS	G_R G_O G_D G_S
ROGUISH	G_R G_O G_G G_U G_I G_S G_H
ROLL	G_R G_O G_L G_L
ROLLED	G_R G_O G_L G_L G_E G_D
ROLLS	G_R G_O G_L G_L G_S
ROMAN	G_R G_O G_M G_A G_N
ROMANCE	G_R G_O G_M G_A G_N G_C G_E
ROMANCES	G_R G_O G_M G_A G_N G_C G_E G_S
ROMANS	G_R G_O G_M G_A G_N G_S
ROMANTIC	G_R G_O G_M G_A G_N G_T G_I G_C
ROME	G_R G_O G_M G_E
ROOF	G_R G_O G_O G_F
ROOFED	G_R G_O G_O G_F G_E G_D
ROOM	G_R G_O G_O G_M
ROOMS	G_R G_O G_O G_M G_S
ROOT	G_R G_O G_O G_T
ROOTED	G_R G_O G_O G_T G_E G_D
ROOTS	G_R G_O G_O G_T G_S
ROPE	G_R G_O G_P G_E
ROPES	G_R G_O G_P G_E G_S
ROSE	G_R G_O G_S G_E
ROSEBUSH	G_R G_O G_S G_E G_B G_U G_S G_H
ROSECRANS	G_R G_O G_S G_E G_C G_R G_A G_N G_S
ROSES	G_R G_O G_S G_E G_S
ROSSETTI	G_R G_O G_S G_S G_E G_T G_T G_I
ROSY	G_R G_O G_S G_Y
ROUGH	G_R G_O G_U G_G G_H
ROUGHLY	G_R G_O G_U G_G G_H G_L G_Y
ROUND	G_R G_O G_U G_N G_D
ROUNDED	G_R G_O G_U G_N G_D G_E G_D
ROUNDEL	G_R G_O G_U G_N G_D G_E G_L
ROUSE	G_R G_O G_U G_S G_E
ROUSING	G_R G_O G_U G_S G_I G_N G_G
ROUT	G_R G_O G_U G_T
ROUTE	G_R G_O G_U G_T G_E
ROUTINE	G_R G_O G_U G_T G_I G_N G_E
ROW	G_R G_O G_W
ROWS	G_R G_O G_W G_S
ROYAL	G_R G_O G_Y G_A G_L
RUBBED	G_R G_U G_B G_B G_E G_D
RUBBING	G_R G_U G_B G_B G_I G_N G_G
RUBBISH	G_R G_U G_B G_B G_I G_S G_H
RUBBLE	G_R G_U G_B G_B G_L G_E
RUBY	G_R G_U G_B G_Y
RUDE	G_R G_U G_D G_E
RUDELY	G_R G_U G_D G_E G_L G_Y
RUFFLED	G_R G_U G_F G_F G_L G_E G_D
RUFUS	G_R G_U G_F G_U G_S
RUG	G_R G_U G_G
RUGGED	G_R G_U G_G G_G G_E G_D
RUGGEDO	G_R G_U G_G G_G G_E G_D G_O
RUGGEDO'S	G_R G_U G_G G_G G_E G_D G_O G_S
RUIN	G_R G_U G_I G_N
RUINED	G_R G_U G_I G_N G_E G_D
RUINS	G_R G_U G_I G_N G_S
RULE	G_R G_U G_L G_E
RULED	G_R G_U G_L G_E G_D
RULERS	G_R G_U G_L G_E G_R G_S
RULES	G_R G_U G_L G_E G_S
RULING	G_R G_U G_L G_I G_N G_G
RUM	G_R G_U G_M
RUMBLING	G_R G_U G_M G_B G_L G_I G_N G_G
RUMINATED	G_R G_U G_M G_I G_N G_A G_T G_E G_D
RUMOR	G_R G_U G_M G_O G_R
RUN	G_R G_U G_N
RUNNING	G_R G_U G_N G_N G_I G_N G_G
RUNS	G_R G_U G_N G_S
RUSH	G_R G_U G_S G_H
RUSHED	G_R G_U G_S G_H G_E G_D
RUSHES	G_R G_U G_S G_H G_E G_S
RUSHING	G_R G_U G_S G_H G_I G_N G_G
RUSKIN	G_R G_U G_S G_K G_I G_N
RUSKS	G_R G_U G_S G_K G_S
RUSSIAN	G_R G_U G_S G_S G_I G_A G_N
RUST	G_R G_U G_S G_T
RUT	G_R G_U G_T
S	G_S
SABBATH	G_S G_A G_B G_B G_A G_T G_H
SACK	G_S G_A G_C G_K
SACRAMENTO	G_S G_A G_C G_R G_A G_M G_E G_N G_T G_O
SACRED	G_S G_A G_C G_R G_E G_D
SACRIFICE	G_S G_A G_C G_R G_I G_F G_I G_C G_E
SACRIFICES	G_S G_A G_C G_R G_I G_F G_I G_C G_E G_S
SAD	G_S G_A G_D
SADDLE	G_S G_A G_D G_D G_L G_E
SADLY	G_S G_A G_D G_L G_Y
SADNESS	G_S G_A G_D G_N G_E G_S G_S
SAFELY	G_S G_A G_F G_E G_L G_Y
SAFETY	G_S G_A G_F G_E G_T G_Y
SAGE	G_S G_A G_G G_E
SAGGING	G_S G_A G_G G_G G_I G_N G_G
SAID	G_S G_A G_I G_D
SAIL	G_S G_A G_I G_L
SAILING	G_S G_A G_I G_L G_I G_N G_G
SAILOR	G_S G_A G_I G_L G_O G_R
SAILOR'S	G_S G_A G_I G_L G_O G_R G_S
SAINT	G_S G_A G_I G_N G_T
SAINTS	G_S G_A G_I G_N G_T G_S
SAITH	G_S G_A G_I G_T G_H
SAKE	G_S G_A G_K G_E
SAKNUSSEMM	G_S G_A G_K G_N G_U G_S G_S G_E G_M G_M
SALAD	G_S G_A G_L G_A G_D
SALADS	G_S G_A G_L G_A G_D G_S
SALMON	G_S G_A G_L G_M G_O G_N
SALT	G_S G_A G_L G_T
SALTED	G_S G_A G_L G_T G_E G_D
SALTING	G_S G_A G_L G_T G_I G_N G_G
SALUTED	G_S G_A G_L G_U G_T G_E G_D
SALVATION	G_S G_A G_L G_V G_A G_T G_I G_O G_N
SALVIAN	G_S G_A G_L G_V G_I G_A G_N
SAME	G_S G_A G_M G_E
SAMUEL	G_S G_A G_M G_U G_E G_L
SAN	G_S G_A G_N
SANA	G_S G_A G_N G_A
SANCHO	G_S G_A G_N G_C G_H G_O
SANCTUARY	G_S G_A G_N G_C G_T G_U G_A G_R G_Y
SANDALS	G_S G_A G_N G_D G_A G_L G_S
SANDWICHES	G_S G_A G_N G_D G_W G_I G_C G_H G_E G_S
SANDY	G_S G_A G_N G_D G_Y
SANDYSEAL	G_S G_A G_N G_D G_Y G_S G_E G_A G_L
SANG	G_S G_A G_N G_G
SANGUINARY	G_S G_A G_N G_G G_U G_I G_N G_A G_R G_Y
SANK	G_S G_A G_N G_K
SANUM	G_S G_A G_N G_U G_M
SAP	G_S G_A G_P
SARAH	G_S G_A G_R G_A G_H
SAT	G_S G_A G_T
SATISFACTION	G_S G_A G_T G_I G_S G_F G_A G_C G_T G_I G_O G_N
SATISFACTORILY	G_S G_A G_T G_I G_S G_F G_A G_C G_T G_O G_R G_I G_L G_Y
SATISFIED	G_S G_A G_T G_I G_S G_F G_I G_E G_D
SATISFIER	G_S G_A G_T G_I G_S G_F G_I G_E G_R
SATISFY	G_S G_A G_T G_I G_S G_F G_Y
SATURDAY	G_S G_A G_T G_U G_R G_D G_A G_Y
SATURDAY'S	G_S G_A G_T G_U G_R G_D G_A G_Y G_S
SATURNALIA	G_S G_A G_T G_U G_R G_N G_A G_L G_I G_A
SAUCE	G_S G_A G_U G_C G_E
SAUCEPAN	G_S G_A G_U G_C G_E G_P G_A G_N
SAUNTER	G_S G_A G_U G_N G_T G_E G_R
SAUNTERED	G_S G_A G_U G_N G_T G_E G_R G_E G_D
SAUNTERS	G_S G_A G_U G_N G_T G_E G_R G_S
SAUTERNE	G_S G_A G_U G_T G_E G_R G_N G_E
SAVAGE	G_S G_A G_V G_A G_G G_E
SAVAGELY	G_S G_A G_V G_A G_G G_E G_L G_Y
SAVAGES	G_S G_A G_V G_A G_G G_E G_S
SAVE	G_S G_A G_V G_E
SAVED	G_S G_A G_V G_E G_D
SAVING	G_S G_A G_V G_I G_N G_G
SAVOUR	G_S G_A G_V G_O G_U G_R
SAVOURY	G_S G_A G_V G_O G_U G_R G_Y
SAVOY	G_S G_A G_V G_O G_Y
SAW	G_S G_A G_W
SAXON	G_S G_A G_X G_O G_N
SAXONS	G_S G_A G_X G_O G_N G_S
SAY	G_S G_A G_Y
SAYING	G_S G_A G_Y G_I G_N G_G
SAYS	G_S G_A G_Y G_S
SCALE	G_S G_C G_A G_L G_E
SCALP	G_S G_C G_A G_L G_P
SCANDAL	G_S G_C G_A G_N G_D G_A G_L
SCANDALOUS	G_S G_C G_A G_N G_D G_A G_L G_O G_U G_S
SCANNED	G_S G_C G_A G_N G_N G_E G_D
SCANTILY	G_S G_C G_A G_N G_T G_I G_L G_Y
SCANTY	G_S G_C G_A G_N G_T G_Y
SCAR	G_S G_C G_A G_R
SCARCELY	G_S G_C G_A G_R G_C G_E G_L G_Y
SCARED	G_S G_C G_A G_R G_E G_D
SCARF	G_S G_C G_A G_R G_F
SCATTERED	G_S G_C G_A G_T G_T G_E G_R G_E G_D
SCATTERING	G_S G_C G_A G_T G_T G_E G_R G_I G_N G_G
SCENE	G_S G_C G_E G_N G_E
SCENERY	G_S G_C G_E G_N G_E G_R G_Y
SCENES	G_S G_C G_E G_N G_E G_S
SCEPTRE	G_S G_C G_E G_P G_T G_R G_E
SCHEILER	G_S G_C G_H G_E G_I G_L G_E G_R
SCHISMATICS	G_S G_C G_H G_I G_S G_M G_A G_T G_I G_C G_S
SCHISMS	G_S G_C G_H G_I G_S G_M G_S
SCHLOSS	G_S G_C G_H G_L G_O G_S G_S
SCHOLAR	G_S G_C G_H G_O G_L G_A G_R
SCHOOL	G_S G_C G_H G_O G_O G_L
SCHOOLS	G_S G_C G_H G_O G_O G_L G_S
SCIENCE	G_S G_C G_I G_E G_N G_C G_E
SCIENTIFIC	G_S G_C G_I G_E G_N G_T G_I G_F G_I G_C
SCIENTIST	G_S G_C G_I G_E G_N G_T G_I G_S G_T
SCOLDED	G_S G_C G_O G_L G_D G_E G_D
SCORE	G_S G_C G_O G_R G_E
SCORN	G_S G_C G_O G_R G_N
SCORNED	G_S G_C G_O G_R G_N G_E G_D
SCOTTISH	G_S G_C G_O G_T G_T G_I G_S G_H
SCOUNDREL	G_S G_C G_O G_U G_N G_D G_R G_E G_L
SCRAPED	G_S G_C G_R G_A G_P G_E G_D
SCREAMED	G_S G_C G_R G_E G_A G_M G_E G_D
SCREAMING	G_S G_C G_R G_E G_A G_M G_I G_N G_G
SCRIPTURES	G_S G_C G_R G_I G_P G_T G_U G_R G_E G_S
SCRUBBED	G_S G_C G_R G_U G_B G_B G_E G_D
SCRUPLES	G_S G_C G_R G_U G_P G_L G_E G_S
SCRUPULOUSLY	G_S G_C G_R G_U G_P G_U G_L G_O G_U G_S G_L G_Y
SCULPTURING	G_S G_C G_U G_L G_P G_T G_U G_R G_I G_N G_G
SCUM	G_S G_C G_U G_M
SEA	G_S G_E G_A
SEALED	G_S G_E G_A G_L G_E G_D
SEALING	G_S G_E G_A G_L G_I G_N G_G
SEAR	G_S G_E G_A G_R
SEARCH	G_S G_E G_A G_R G_C G_H
SEARCHINGLY	G_S G_E G_A G_R G_C G_H G_I G_N G_G G_L G_Y
SEAS	G_S G_E G_A G_S
SEASON	G_S G_E G_A G_S G_O G_N
SEASONABLE	G_S G_E G_A G_S G_O G_N G_A G_B G_L G_E
SEASONED	G_S G_E G_A G_S G_O G_N G_E G_D
SEASONING	G_S G_E G_A G_S G_O G_N G_I G_N G_G
SEAT	G_S G_E G_A G_T
SEATED	G_S G_E G_A G_T G_E G_D
SEATS	G_S G_E G_A G_T G_S
SECESH	G_S G_E G_C G_E G_S G_H
SECLUDED	G_S G_E G_C G_L G_U G_D G_E G_D
SECOND	G_S G_E G_C G_O G_N G_D
SECOND'S	G_S G_E G_C G_O G_N G_D G_S
SECONDARY	G_S G_E G_C G_O G_N G_D G_A G_R G_Y
SECONDS	G_S G_E G_C G_O G_N G_D G_S
SECRET	G_S G_E G_C G_R G_E G_T
SECRETS	G_S G_E G_C G_R G_E G_T G_S
SECTARIES	G_S G_E G_C G_T G_A G_R G_I G_E G_S
SECTIONS	G_S G_E G_C G_T G_I G_O G_N G_S
SECURE	G_S G_E G_C G_U G_R G_E
SECURELY	G_S G_E G_C G_U G_R G_E G_L G_Y
SECURITY	G_S G_E G_C G_U G_R G_I G_T G_Y
SEDATELY	G_S G_E G_D G_A G_T G_E G_L G_Y
SEDITIOUS	G_S G_E G_D G_I G_T G_I G_O G_U G_S
SEE	G_S G_E G_E
SEEDS	G_S G_E G_E G_D G_S
SEEDY	G_S G_E G_E G_D G_Y
SEEING	G_S G_E G_E G_I G_N G_G
SEEK	G_S G_E G_E G_K
SEEKING	G_S G_E G_E G_K G_I G_N G_G
SEEKS	G_S G_E G_E G_K G_S
SEEM	G_S G_E G_E G_M
SEEMED	G_S G_E G_E G_M G_E G_D
SEEMING	G_S G_E G_E G_M G_I G_N G_G
SEEMINGLY	G_S G_E G_E G_M G_I G_N G_G G_L G_Y
SEEMS	G_S G_E G_E G_M G_S
SEEN	G_S G_E G_E G_N
SEES	G_S G_E G_E G_S
SEIZE	G_S G_E G_I G_Z G_E
SEIZED	G_S G_E G_I G_Z G_E G_D
SEIZES	G_S G_E G_I G_Z G_E G_S
SEIZING	G_S G_E G_I G_Z G_I G_N G_G
SELDOM	G_S G_E G_L G_D G_O G_M
SELECT	G_S G_E G_L G_E G_C G_T
SELECTED	G_S G_E G_L G_E G_C G_T G_E G_D
SELF	G_S G_E G_L G_F
SELFISH	G_S G_E G_L G_F G_I G_S G_H
SELFISHNESS	G_S G_E G_L G_F G_I G_S G_H G_N G_E G_S G_S
SELL	G_S G_E G_L G_L
SELVES	G_S G_E G_L G_V G_E G_S
SEMBLANCE	G_S G_E G_M G_B G_L G_A G_N G_C G_E
SEMESTER	G_S G_E G_M G_E G_S G_T G_E G_R
SEMI	G_S G_E G_M G_I
SEND	G_S G_E G_N G_D
SENDING	G_S G_E G_N G_D G_I G_N G_G
SENOR	G_S G_E G_N G_O G_R
SENSATION	G_S G_E G_N G_S G_A G_T G_I G_O G_N
SENSATIONS	G_S G_E G_N G_S G_A G_T G_I G_O G_N G_S
SENSE	G_S G_E G_N G_S G_E
SENSED	G_S G_E G_N G_S G_E G_D
SENSELESS	G_S G_E G_N G_S G_E G_L G_E G_S G_S
SENSES	G_S G_E G_N G_S G_E G_S
SENSITIVE	G_S G_E G_N G_S G_I G_T G_I G_V G_E
SENT	G_S G_E G_N G_T
SENTENCE	G_S G_E G_N G_T G_E G_N G_C G_E
SENTIMENT	G_S G_E G_N G_T G_I G_M G_E G_N G_T
SENTINELS	G_S G_E G_N G_T G_I G_N G_E G_L G_S
SEPARATE	G_S G_E G_P G_A G_R G_A G_T G_E
SEPARATES	G_S G_E G_P G_A G_R G_A G_T G_E G_S
SEPARATION	G_S G_E G_P G_A G_R G_A G_T G_I G_O G_N
SEPTEMBER	G_S G_E G_P G_T G_E G_M G_B G_E G_R
SEQUINS	G_S G_E G_Q G_U G_I G_N G_S
SERAPION	G_S G_E G_R G_A G_P G_I G_O G_N
SERENA	G_S G_E G_R G_E G_N G_A
SERGE	G_S G_E G_R G_G G_E
SERIOUS	G_S G_E G_R G_I G_O G_U G_S
SERIOUSLY	G_S G_E G_R G_I G_O G_U G_S G_L G_Y
SERIOUSNESS	G_S G_E G_R G_I G_O G_U G_S G_N G_E G_S G_S
SERPENT	G_S G_E G_R G_P G_E G_N G_T
SERVANT	G_S G_E G_R G_V G_A G_N G_T
SERVANTS	G_S G_E G_R G_V G_A G_N G_T G_S
SERVE	G_S G_E G_R G_V G_E
SERVED	G_S G_E G_R G_V G_E G_D
SERVICE	G_S G_E G_R G_V G_I G_C G_E
SERVICES	G_S G_E G_R G_V G_I G_C G_E G_S
SERVING	G_S G_E G_R G_V G_I G_N G_G
SERVITUDE	G_S G_E G_R G_V G_I G_T G_U G_D G_E
SET	G_S G_E G_T
SETS	G_S G_E G_T G_S
SETTEE	G_S G_E G_T G_T G_E G_E
SETTING	G_S G_E G_T G_T G_I G_N G_G
SETTLE	G_S G_E G_T G_T G_L G_E
SETTLED	G_S G_E G_T G_T G_L G_E G_D
SETTLER	G_S G_E G_T G_T G_L G_E G_R
SEVEN	G_S G_E G_V G_E G_N
SEVENFOLD	G_S G_E G_V G_E G_N G_F G_O G_L G_D
SEVENTEEN	G_S G_E G_V G_E G_N G_T G_E G_E G_N
SEVENTEENTH	G_S G_E G_V G_E G_N G_T G_E G_E G_N G_T G_H
SEVENTY	G_S G_E G_V G_E G_N G_T G_Y
SEVERAL	G_S G_E G_V G_E G_R G_A G_L
SEVERE	G_S G_E G_V G_E G_R G_E
SEVERITY	G_S G_E G_V G_E G_R G_I G_T G_Y
SEWED	G_S G_E G_W G_E G_D
SEX	G_S G_E G_X
SHADE	G_S G_H G_A G_D G_E
SHADED	G_S G_H G_A G_D G_E G_D
SHADOW	G_S G_H G_A G_D G_O G_W
SHADOWS	G_S G_H G_A G_D G_O G_W G_S
SHADOWY	G_S G_H G_A G_D G_O G_W G_Y
SHADY	G_S G_H G_A G_D G_Y
SHAGGY	G_S G_H G_A G_G G_G G_Y
SHAKE	G_S G_H G_A G_K G_E
SHAKEN	G_S G_H G_A G_K G_E G_N
SHAKESPEARE	G_S G_H G_A G_K G_E G_S G_P G_E G_A G_R G_E
SHAKESPEARE'S	G_S G_H G_A G_K G_E G_S G_P G_E G_A G_R G_E G_S
SHAKING	G_S G_H G_A G_K G_I G_N G_G
SHALL	G_S G_H G_A G_L G_L
SHALLOP	G_S G_H G_A G_L G_L G_O G_P
SHALLOW	G_S G_H G_A G_L G_L G_O G_W
SHALT	G_S G_H G_A G_L G_T
SHAME	G_S G_H G_A G_M G_E
SHAMPOOER	G_S G_H G_A G_M G_P G_O G_O G_E G_R
SHAPE	G_S G_H G_A G_P G_E
SHAPED	G_S G_H G_A G_P G_E G_D
SHARE	G_S G_H G_A G_R G_E
SHARED	G_S G_H G_A G_R G_E G_D
SHARKS	G_S G_H G_A G_R G_K G_S
SHARP	G_S G_H G_A G_R G_P
SHARPER	G_S G_H G_A G_R G_P G_E G_R
SHARPLY	G_S G_H G_A G_R G_P G_L G_Y
SHARPNESS	G_S G_H G_A G_R G_P G_N G_E G_S G_S
SHASTA	G_S G_H G_A G_S G_T G_A
SHAVE	G_S G_H G_A G_V G_E
SHAVED	G_S G_H G_A G_V G_E G_D
SHE	G_S G_H G_E
SHE'D	G_S G_H G_E G_D
SHE'S	G_S G_H G_E G_S
SHED	G_S G_H G_E G_D
SHEDS	G_S G_H G_E G_D G_S
SHEEP	G_S G_H G_E G_E G_P
SHEEP'S	G_S G_H G_E G_E G_P G_S
SHEEPSKINS	G_S G_H G_E G_E G_P G_S G_K G_I G_N G_S
SHEET	G_S G_H G_E G_E G_T
SHELL	G_S G_H G_E G_L G_L
SHELLS	G_S G_H G_E G_L G_L G_S
SHELTER	G_S G_H G_E G_L G_T G_E G_R
SHELTERED	G_S G_H G_E G_L G_T G_E G_R G_E G_D
SHELVES	G_S G_H G_E G_L G_V G_E G_S
SHEW	G_S G_H G_E G_W
SHIFT	G_S G_H G_I G_F G_T
SHIFTED	G_S G_H G_I G_F G_T G_E G_D
SHIFTING	G_S G_H G_I G_F G_T G_I G_N G_G
SHILOH	G_S G_H G_I G_L G_O G_H
SHIMERDA	G_S G_H G_I G_M G_E G_R G_D G_A
SHIMERDAS	G_S G_H G_I G_M G_E G_R G_D G_A G_S
SHINE	G_S G_H G_I G_N G_E
SHINING	G_S G_H G_I G_N G_I G_N G_G
SHIP	G_S G_H G_I G_P
SHIP'S	G_S G_H G_I G_P G_S
SHIRKING	G_S G_H G_I G_R G_K G_I G_N G_G
SHIRT	G_S G_H G_I G_R G_T
SHOCK	G_S G_H G_O G_C G_K
SHOES	G_S G_H G_O G_E G_S
SHONE	G_S G_H G_O G_N G_E
SHOOK	G_S G_H G_O G_O G_K
SHOOT	G_S G_H G_O G_O G_T
SHOP	G_S G_H G_O G_P
SHOPLETS	G_S G_H G_O G_P G_L G_E G_T G_S
SHOPS	G_S G_H G_O G_P G_S
SHORE	G_S G_H G_O G_R G_E
SHORT	G_S G_H G_O G_R G_T
SHORTEN	G_S G_H G_O G_R G_T G_E G_N
SHORTLY	G_S G_H G_O G_R G_T G_L G_Y
SHOT	G_S G_H G_O G_T
SHOULD	G_S G_H G_O G_U G_L G_D
SHOULDER	G_S G_H G_O G_U G_L G_D G_E G_R
SHOULDERED	G_S G_H G_O G_U G_L G_D G_E G_R G_E G_D
SHOULDERS	G_S G_H G_O G_U G_L G_D G_E G_R G_S
SHOULDN'T	G_S G_H G_O G_U G_L G_D G_N G_T
SHOULDST	G_S G_H G_O G_U G_L G_D G_S G_T
SHOUT	G_S G_H G_O G_U G_T
SHOUTED	G_S G_H G_O G_U G_T G_E G_D
SHOUTING	G_S G_H G_O G_U G_T G_I G_N G_G
SHOUTS	G_S G_H G_O G_U G_T G_S
SHOW	G_S G_H G_O G_W
SHOWED	G_S G_H G_O G_W G_E G_D
SHOWERED	G_S G_H G_O G_W G_E G_R G_E G_D
SHOWING	G_S G_H G_O G_W G_I G_N G_G
SHOWN	G_S G_H G_O G_W G_N
SHOWS	G_S G_H G_O G_W G_S
SHREDDED	G_S G_H G_R G_E G_D G_D G_E G_D
SHREWDNESS	G_S G_H G_R G_E G_W G_D G_N G_E G_S G_S
SHRIEKS	G_S G_H G_R G_I G_E G_K G_S
SHRILL	G_S G_H G_R G_I G_L G_L
SHRILLY	G_S G_H G_R G_I G_L G_L G_Y
SHRIMPS	G_S G_H G_R G_I G_M G_P G_S
SHRUG	G_S G_H G_R G_U G_G
SHRUGGED	G_S G_H G_R G_U G_G G_G G_E G_D
SHUFFLING	G_S G_H G_U G_F G_F G_L G_I G_N G_G
SHUT	G_S G_H G_U G_T
SHUTS	G_S G_H G_U G_T G_S
SIBYL	G_S G_I G_B G_Y G_L
SICK	G_S G_I G_C G_K
SICKENING	G_S G_I G_C G_K G_E G_N G_I G_N G_G
SICKNESS	G_S G_I G_C G_K G_N G_E G_S G_S
SID	G_S G_I G_D
SIDE	G_S G_I G_D G_E
SIDELONG	G_S G_I G_D G_E G_L G_O G_N G_G
SIDES	G_S G_I G_D G_E G_S
SIDEWAYS	G_S G_I G_D G_E G_W G_A G_Y G_S
SIERRA	G_S G_I G_E G_R G_R G_A
SIFTED	G_S G_I G_F G_T G_E G_D
SIGH	G_S G_I G_G G_H
SIGHED	G_S G_I G_G G_H G_E G_D
SIGHS	G_S G_I G_G G_H G_S
SIGHT	G_S G_I G_G G_H G_T
SIGHTED	G_S G_I G_G G_H G_T G_E G_D
SIGHTS	G_S G_I G_G G_H G_T G_S
SIGN	G_S G_I G_G G_N
SIGNAL	G_S G_I G_G G_N G_A G_L
SIGNALIZES	G_S G_I G_G G_N G_A G_L G_I G_Z G_E G_S
SIGNIFICATIONS	G_S G_I G_G G_N G_I G_F G_I G_C G_A G_T G_I G_O G_N G_S
SIGNS	G_S G_I G_G G_N G_S
SILENCE	G_S G_I G_L G_E G_N G_C G_E
SILENCED	G_S G_I G_L G_E G_N G_C G_E G_D
SILENT	G_S G_I G_L G_E G_N G_T
SILENTLY	G_S G_I G_L G_E G_N G_T G_L G_Y
SILK	G_S G_I G_L G_K
SILLY	G_S G_I G_L G_L G_Y
SILVER	G_S G_I G_L G_V G_E G_R
SILVERY	G_S G_I G_L G_V G_E G_R G_Y
SIMILAR	G_S G_I G_M G_I G_L G_A G_R
SIMILARITY	G_S G_I G_M G_I G_L G_A G_R G_I G_T G_Y
SIMILES	G_S G_I G_M G_I G_L G_E G_S
SIMMER	G_S G_I G_M G_M G_E G_R
SIMMONDS	G_S G_I G_M G_M G_O G_N G_D G_S
SIMPLE	G_S G_I G_M G_P G_L G_E
SIMPLETON	G_S G_I G_M G_P G_L G_E G_T G_O G_N
SIMPLIFY	G_S G_I G_M G_P G_L G_I G_F G_Y
SIMPLY	G_S G_I G_M G_P G_L G_Y
SIMULTANEOUSNESS	G_S G_I G_M G_U G_L G_T G_A G_N G_E G_O G_U G_S G_N G_E G_S G_S
SIN	G_S G_I G_N
SINCE	G_S G_I G_N G_C G_E
SINCERE	G_S G_I G_N G_C G_E G_R G_E
SINCERELY	G_S G_I G_N G_C G_E G_R G_E G_L G_Y
SINCERITY	G_S G_I G_N G_C G_E G_R G_I G_T G_Y
SINEWY	G_S G_I G_N G_E G_W G_Y
SINFUL	G_S G_I G_N G_F G_U G_L
SING	G_S G_I G_N G_G
SINGER	G_S G_I G_N G_G G_E G_R
SINGING	G_S G_I G_N G_G G_I G_N G_G
SINGLE	G_S G_I G_N G_G G_L G_E
SINGLY	G_S G_I G_N G_G G_L G_Y
SINGULAR	G_S G_I G_N G_G G_U G_L G_A G_R
SINS	G_S G_I G_N G_S
SIOUX	G_S G_I G_O G_U G_X
SIPPET	G_S G_I G_P G_P G_E G_T
SIPPETS	G_S G_I G_P G_P G_E G_T G_S
SIR	G_S G_I G_R
SISTER	G_S G_I G_S G_T G_E G_R
SISTER'S	G_S G_I G_S G_T G_E G_R G_S
SISTERS	G_S G_I G_S G_T G_E G_R G_S
SIT	G_S G_I G_T
SITE	G_S G_I G_T G_E
SITS	G_S G_I G_T G_S
SITTER	G_S G_I G_T G_T G_E G_R
SITTING	G_S G_I G_T G_T G_I G_N G_G
SITUATED	G_S G_I G_T G_U G_A G_T G_E G_D
SITUATION	G_S G_I G_T G_U G_A G_T G_I G_O G_N
SIX	G_S G_I G_X
SIXTEEN	G_S G_I G_X G_T G_E G_E G_N
SIXTY	G_S G_I G_X G_T G_Y
SIZE	G_S G_I G_Z G_E
SIZED	G_S G_I G_Z G_E G_D
SIZZLED	G_S G_I G_Z G_Z G_L G_E G_D
SKELLY	G_S G_K G_E G_L G_L G_Y
SKETCHES	G_S G_K G_E G_T G_C G_H G_E G_S
SKIES	G_S G_K G_I G_E G_S
SKILL	G_S G_K G_I G_L G_L
SKIN	G_S G_K G_I G_N
SKINNY	G_S G_K G_I G_N G_N G_Y
SKINT	G_S G_K G_I G_N G_T
SKIPPING	G_S G_K G_I G_P G_P G_I G_N G_G
SKIRMISH	G_S G_K G_I G_R G_M G_I G_S G_H
SKIRTS	G_S G_K G_I G_R G_T G_S
SKY	G_S G_K G_Y
SLACK	G_S G_L G_A G_C G_K
SLAIN	G_S G_L G_A G_I G_N
SLAKED	G_S G_L G_A G_K G_E G_D
SLANT	G_S G_L G_A G_N G_T
SLAP	G_S G_L G_A G_P
SLAPS	G_S G_L G_A G_P G_S
SLATER	G_S G_L G_A G_T G_E G_R
SLAUGHTER	G_S G_L G_A G_U G_G G_H G_T G_E G_R
SLAVE	G_S G_L G_A G_V G_E
SLAVERY	G_S G_L G_A G_V G_E G_R G_Y
SLAVES	G_S G_L G_A G_V G_E G_S
SLEDGE	G_S G_L G_E G_D G_G G_E
SLEDGES	G_S G_L G_E G_D G_G G_E G_S
SLEEP	G_S G_L G_E G_E G_P
SLEEPING	G_S G_L G_E G_E G_P G_I G_N G_G
SLEEPLESS	G_S G_L G_E G_E G_P G_L G_E G_S G_S
SLEEPS	G_S G_L G_E G_E G_P G_S
SLEEPY	G_S G_L G_E G_E G_P G_Y
SLEEVE	G_S G_L G_E G_E G_V G_E
SLEEVED	G_S G_L G_E G_E G_V G_E G_D
SLENDER	G_S G_L G_E G_N G_D G_E G_R
SLEPT	G_S G_L G_E G_P G_T
SLICE	G_S G_L G_I G_C G_E
SLICED	G_S G_L G_I G_C G_E G_D
SLICES	G_S G_L G_I G_C G_E G_S
SLID	G_S G_L G_I G_D
SLIDING	G_S G_L G_I G_D G_I G_N G_G
SLIGHT	G_S G_L G_I G_G G_H G_T
SLIGHTEST	G_S G_L G_I G_G G_H G_T G_E G_S G_T
SLIGHTLY	G_S G_L G_I G_G G_H G_T G_L G_Y
SLIPPED	G_S G_L G_I G_P G_P G_E G_D
SLIPPERS	G_S G_L G_I G_P G_P G_E G_R G_S
SLITS	G_S G_L G_I G_T G_S
SLOPE	G_S G_L G_O G_P G_E
SLOPES	G_S G_L G_O G_P G_E G_S
SLOPING	G_S G_L G_O G_P G_I G_N G_G
SLOW	G_S G_L G_O G_W
SLOWLY	G_S G_L G_O G_W G_L G_Y
SLUICING	G_S G_L G_U G_I G_C G_I G_N G_G
SLUMBERS	G_S G_L G_U G_M G_B G_E G_R G_S
SLUNG	G_S G_L G_U G_N G_G
SLUSH	G_S G_L G_U G_S G_H
SLY	G_S G_L G_Y
SMALL	G_S G_M G_A G_L G_L
SMALLER	G_S G_M G_A G_L G_L G_E G_R
SMALLEST	G_S G_M G_A G_L G_L G_E G_S G_T
SMART	G_S G_M G_A G_R G_T
SMELL	G_S G_M G_E G_L G_L
SMELLED	G_S G_M G_E G_L G_L G_E G_D
SMELLING	G_S G_M G_E G_L G_L G_I G_N G_G
SMELLS	G_S G_M G_E G_L G_L G_S
SMELT	G_S G_M G_E G_L G_T
SMILAX	G_S G_M G_I G_L G_A G_X
SMILE	G_S G_M G_I G_L G_E
SMILED	G_S G_M G_I G_L G_E G_D
SMILES	G_S G_M G_I G_L G_E G_S
SMILING	G_S G_M G_I G_L G_I G_N G_G
SMITHY	G_S G_M G_I G_T G_H G_Y
SMOKE	G_S G_M G_O G_K G_E
SMOKED	G_S G_M G_O G_K G_E G_D
SMOKING	G_S G_M G_O G_K G_I G_N G_G
SMOOTH	G_S G_M G_O G_O G_T G_H
SMOOTHLY	G_S G_M G_O G_O G_T G_H G_L G_Y
SMOTE	G_S G_M G_O G_T G_E
SNAKE	G_S G_N G_A G_K G_E
SNAP	G_S G_N G_A G_P
SNAPPED	G_S G_N G_A G_P G_P G_E G_D
SNAPPING	G_S G_N G_A G_P G_P G_I G_N G_G
SNAPS	G_S G_N G_A G_P G_S
SNATCH	G_S G_N G_A G_T G_C G_H
SNATCHING	G_S G_N G_A G_T G_C G_H G_I G_N G_G
SNEFFELS	G_S G_N G_E G_F G_F G_E G_L G_S
SNELLINGS	G_S G_N G_E G_L G_L G_I G_N G_G G_S
SNIGGERED	G_S G_N G_I G_G G_G G_E G_R G_E G_D
SNORTS	G_S G_N G_O G_R G_T G_S
SNOW	G_S G_N G_O G_W
SNOWS	G_S G_N G_O G_W G_S
SNUGLY	G_S G_N G_U G_G G_L G_Y
SO	G_S G_O
SOAKED	G_S G_O G_A G_K G_E G_D
SOARING	G_S G_O G_A G_R G_I G_N G_G
SOB	G_S G_O G_B
SOBER	G_S G_O G_B G_E G_R
SOBS	G_S G_O G_B G_S
SOCIAL	G_S G_O G_C G_I G_A G_L
SOCIETY	G_S G_O G_C G_I G_E G_T G_Y
SOCRATES	G_S G_O G_C G_R G_A G_T G_E G_S
SODA	G_S G_O G_D G_A
SOFA	G_S G_O G_F G_A
SOFT	G_S G_O G_F G_T
SOFTER	G_S G_O G_F G_T G_E G_R
SOFTLY	G_S G_O G_F G_T G_L G_Y
SOFTNESS	G_S G_O G_F G_T G_N G_E G_S G_S
SOIL	G_S G_O G_I G_L
SOILS	G_S G_O G_I G_L G_S
SOJOURNED	G_S G_O G_J G_O G_U G_R G_N G_E G_D
SOLD	G_S G_O G_L G_D
SOLDIER	G_S G_O G_L G_D G_I G_E G_R
SOLDIERS	G_S G_O G_L G_D G_I G_E G_R G_S
SOLE	G_S G_O G_L G_E
SOLEMN	G_S G_O G_L G_E G_M G_N
SOLID	G_S G_O G_L G_I G_D
SOLITARY	G_S G_O G_L G_I G_T G_A G_R G_Y
SOLITUDE	G_S G_O G_L G_I G_T G_U G_D G_E
SOLUTION	G_S G_O G_L G_U G_T G_I G_O G_N
SOLVE	G_S G_O G_L G_V G_E
SOLVED	G_S G_O G_L G_V G_E G_D
SOLVING	G_S G_O G_L G_V G_I G_N G_G
SOMBRERO	G_S G_O G_M G_B G_R G_E G_R G_O
SOME	G_S G_O G_M G_E
SOMEBODY	G_S G_O G_M G_E G_B G_O G_D G_Y
SOMEBODY'S	G_S G_O G_M G_E G_B G_O G_D G_Y G_S
SOMEHOW	G_S G_O G_M G_E G_H G_O G_W
SOMEONE	G_S G_O G_M G_E G_O G_N G_E
SOMETHING	G_S G_O G_M G_E G_T G_H G_I G_N G_G
SOMETIMES	G_S G_O G_M G_E G_T G_I G_M G_E G_S
SOMEWHAT	G_S G_O G_M G_E G_W G_H G_A G_T
SOMEWHERE	G_S G_O G_M G_E G_W G_H G_E G_R G_E
SON	G_S G_O G_N
SONG	G_S G_O G_N G_G
SONGS	G_S G_O G_N G_G G_S
SONNET	G_S G_O G_N G_N G_E G_T
SONNETS	G_S G_O G_N G_N G_E G_T G_S
SONS	G_S G_O G_N G_S
SOON	G_S G_O G_O G_N
SOONER	G_S G_O G_O G_N G_E G_R
SOOTH	G_S G_O G_O G_T G_H
SOOTHING	G_S G_O G_O G_T G_H G_I G_N G_G
SOPHISTS	G_S G_O G_P G_H G_I G_S G_T G_S
SORCERY	G_S G_O G_R G_C G_E G_R G_Y
SORGHUM	G_S G_O G_R G_G G_H G_U G_M
SORROW	G_S G_O G_R G_R G_O G_W
SORROWFUL	G_S G_O G_R G_R G_O G_W G_F G_U G_L
SORROWS	G_S G_O G_R G_R G_O G_W G_S
SORRY	G_S G_O G_R G_R G_Y
SORT	G_S G_O G_R G_T
SORTS	G_S G_O G_R G_T G_S
SOUGHT	G_S G_O G_U G_G G_H G_T
SOUL	G_S G_O G_U G_L
SOULS	G_S G_O G_U G_L G_S
SOUND	G_S G_O G_U G_N G_D
SOUNDED	G_S G_O G_U G_N G_D G_E G_D
SOUNDING	G_S G_O G_U G_N G_D G_I G_N G_G
SOUNDLY	G_S G_O G_U G_N G_D G_L G_Y
SOUNDS	G_S G_O G_U G_N G_D G_S
SOUP	G_S G_O G_U G_P
SOUPS	G_S G_O G_U G_P G_S
SOUR	G_S G_O G_U G_R
SOURCE	G_S G_O G_U G_R G_C G_E
SOURCES	G_S G_O G_U G_R G_C G_E G_S
SOUTH	G_S G_O G_U G_T G_H
SOUTHERN	G_S G_O G_U G_T G_H G_E G_R G_N
SOUTHWARK	G_S G_O G_U G_T G_H G_W G_A G_R G_K
SOUTHWEST	G_S G_O G_U G_T G_H G_W G_E G_S G_T
SOW	G_S G_O G_W
SOWERBY	G_S G_O G_W G_E G_R G_B G_Y
SOYER	G_S G_O G_Y G_E G_R
SPACE	G_S G_P G_A G_C G_E
SPACIOUS	G_S G_P G_A G_C G_I G_O G_U G_S
SPADE	G_S G_P G_A G_D G_E
SPAIN	G_S G_P G_A G_I G_N
SPAKE	G_S G_P G_A G_K G_E
SPANGLES	G_S G_P G_A G_N G_G G_L G_E G_S
SPANISH	G_S G_P G_A G_N G_I G_S G_H
SPARE	G_S G_P G_A G_R G_E
SPARK	G_S G_P G_A G_R G_K
SPARKLING	G_S G_P G_A G_R G_K G_L G_I G_N G_G
SPARSE	G_S G_P G_A G_R G_S G_E
SPARTA	G_S G_P G_A G_R G_T G_A
SPEAK	G_S G_P G_E G_A G_K
SPEAKING	G_S G_P G_E G_A G_K G_I G_N G_G
SPEAKS	G_S G_P G_E G_A G_K G_S
SPEAR	G_S G_P G_E G_A G_R
SPECIAL	G_S G_P G_E G_C G_I G_A G_L
SPECIALISTS	G_S G_P G_E G_C G_I G_A G_L G_I G_S G_T G_S
SPECIALLY	G_S G_P G_E G_C G_I G_A G_L G_L G_Y
SPECIALTY	G_S G_P G_E G_C G_I G_A G_L G_T G_Y
SPECIES	G_S G_P G_E G_C G_I G_E G_S
SPECIOUS	G_S G_P G_E G_C G_I G_O G_U G_S
SPECTACLE	G_S G_P G_E G_C G_T G_A G_C G_L G_E
SPECTATOR	G_S G_P G_E G_C G_T G_A G_T G_O G_R
SPECTATORS	G_S G_P G_E G_C G_T G_A G_T G_O G_R G_S
SPECULATIVE	G_S G_P G_E G_C G_U G_L G_A G_T G_I G_V G_E
SPEECH	G_S G_P G_E G_E G_C G_H
SPEEDILY	G_S G_P G_E G_E G_D G_I G_L G_Y
SPEND	G_S G_P G_E G_N G_D
SPENT	G_S G_P G_E G_N G_T
SPHERE	G_S G_P G_H G_E G_R G_E
SPICE	G_S G_P G_I G_C G_E
SPIDERS	G_S G_P G_I G_D G_E G_R G_S
SPILTH	G_S G_P G_I G_L G_T G_H
SPINDLE	G_S G_P G_I G_N G_D G_L G_E
SPINNING	G_S G_P G_I G_N G_N G_I G_N G_G
SPIRIT	G_S G_P G_I G_R G_I G_T
SPIRITS	G_S G_P G_I G_R G_I G_T G_S
SPIRITUAL	G_S G_P G_I G_R G_I G_T G_U G_A G_L
SPIRITUALIZATION	G_S G_P G_I G_R G_I G_T G_U G_A G_L G_I G_Z G_A G_T G_I G_O G_N
SPIT	G_S G_P G_I G_T
SPITE	G_S G_P G_I G_T G_E
SPLENDID	G_S G_P G_L G_E G_N G_D G_I G_D
SPLENDOUR	G_S G_P G_L G_E G_N G_D G_O G_U G_R
SPLIT	G_S G_P G_L G_I G_T
SPOILS	G_S G_P G_O G_I G_L G_S
SPOKE	G_S G_P G_O G_K G_E
SPOKEN	G_S G_P G_O G_K G_E G_N
SPONGE	G_S G_P G_O G_N G_G G_E
SPONSA	G_S G_P G_O G_N G_S G_A
SPOOK	G_S G_P G_O G_O G_K
SPOON	G_S G_P G_O G_O G_N
SPOT	G_S G_P G_O G_T
SPOTS	G_S G_P G_O G_T G_S
SPOTTED	G_S G_P G_O G_T G_T G_E G_D
SPOUSE	G_S G_P G_O G_U G_S G_E
SPRANG	G_S G_P G_R G_A G_N G_G
SPRAWLING	G_S G_P G_R G_A G_W G_L G_I G_N G_G
SPREAD	G_S G_P G_R G_E G_A G_D
SPREADING	G_S G_P G_R G_E G_A G_D G_I G_N G_G
SPRING	G_S G_P G_R G_I G_N G_G
SPRINGS	G_S G_P G_R G_I G_N G_G G_S
SPRINKLE	G_S G_P G_R G_I G_N G_K G_L G_E
SPRINKLED	G_S G_P G_R G_I G_N G_K G_L G_E G_D
SPRINKLING	G_S G_P G_R G_I G_N G_K G_L G_I G_N G_G
SPRUCE	G_S G_P G_R G_U G_C G_E
SPRUCEWOOD	G_S G_P G_R G_U G_C G_E G_W G_O G_O G_D
SPUR	G_S G_P G_U G_R
SPURRED	G_S G_P G_U G_R G_R G_E G_D
SQUARE	G_S G_Q G_U G_A G_R G_E
SQUARES	G_S G_Q G_U G_A G_R G_E G_S
SQUASHES	G_S G_Q G_U G_A G_S G_H G_E G_S
SQUEEZE	G_S G_Q G_U G_E G_E G_Z G_E
SQUEEZED	G_S G_Q G_U G_E G_E G_Z G_E G_D
SQUINT	G_S G_Q G_U G_I G_N G_T
SQUIRES	G_S G_Q G_U G_I G_R G_E G_S
STAB	G_S G_T G_A G_B
STABLES	G_S G_T G_A G_B G_L G_E G_S
STACY	G_S G_T G_A G_C G_Y
STAFF	G_S G_T G_A G_F G_F
STAGE	G_S G_T G_A G_G G_E
STAGGERING	G_S G_T G_A G_G G_G G_E G_R G_I G_N G_G
STAINED	G_S G_T G_A G_I G_N G_E G_D
STAIR	G_S G_T G_A G_I G_R
STAIRCASE	G_S G_T G_A G_I G_R G_C G_A G_S G_E
STAIRS	G_S G_T G_A G_I G_R G_S
STAIRWAY	G_S G_T G_A G_I G_R G_W G_A G_Y
STAKED	G_S G_T G_A G_K G_E G_D
STALLS	G_S G_T G_A G_L G_L G_S
STAMPING	G_S G_T G_A G_M G_P G_I G_N G_G
STAND	G_S G_T G_A G_N G_D
STANDARD	G_S G_T G_A G_N G_D G_A G_R G_D
STANDARDS	G_S G_T G_A G_N G_D G_A G_R G_D G_S
STANDING	G_S G_T G_A G_N G_D G_I G_N G_G
STANDISH	G_S G_T G_A G_N G_D G_I G_S G_H
STANDS	G_S G_T G_A G_N G_D G_S
STANZA	G_S G_T G_A G_N G_Z G_A
STARE	G_S G_T G_A G_R G_E
STARED	G_S G_T G_A G_R G_E G_D
STARING	G_S G_T G_A G_R G_I G_N G_G
STARS	G_S G_T G_A G_R G_S
START	G_S G_T G_A G_R G_T
STARTED	G_S G_T G_A G_R G_T G_E G_D
STARTING	G_S G_T G_A G_R G_T G_I G_N G_G
STARTLED	G_S G_T G_A G_R G_T G_L G_E G_D
STATE	G_S G_T G_A G_T G_E
STATED	G_S G_T G_A G_T G_E G_D
STATEMENT	G_S G_T G_A G_T G_E G_M G_E G_N G_T
STATES	G_S G_T G_A G_T G_E G_S
STATION	G_S G_T G_A G_T G_I G_O G_N
STATIONMASTER	G_S G_T G_A G_T G_I G_O G_N G_M G_A G_S G_T G_E G_R
STATIONS	G_S G_T G_A G_T G_I G_O G_N G_S
STATUE	G_S G_T G_A G_T G_U G_E
STATUES	G_S G_T G_A G_T G_U G_E G_S
STATURE	G_S G_T G_A G_T G_U G_R G_E
STAY	G_S G_T G_A G_Y
STAYED	G_S G_T G_A G_Y G_E G_D
STAYING	G_S G_T G_A G_Y G_I G_N G_G
STEADFAST	G_S G_T G_E G_A G_D G_F G_A G_S G_T
STEADILY	G_S G_T G_E G_A G_D G_I G_L G_Y
STEADY	G_S G_T G_E G_A G_D G_Y
STEAL	G_S G_T G_E G_A G_L
STEAM	G_S G_T G_E G_A G_M
STEAMY	G_S G_T G_E G_A G_M G_Y
STEELY	G_S G_T G_E G_E G_L G_Y
STEEP	G_S G_T G_E G_E G_P
STEERING	G_S G_T G_E G_E G_R G_I G_N G_G
STEM	G_S G_T G_E G_M
STEP	G_S G_T G_E G_P
STEPHEN	G_S G_T G_E G_P G_H G_E G_N
STEPMOTHER	G_S G_T G_E G_P G_M G_O G_T G_H G_E G_R
STEPP'D	G_S G_T G_E G_P G_P G_D
STEPPED	G_S G_T G_E G_P G_P G_E G_D
STEPS	G_S G_T G_E G_P G_S
STEPT	G_S G_T G_E G_P G_T
STEREOS	G_S G_T G_E G_R G_E G_O G_S
STERLING	G_S G_T G_E G_R G_L G_I G_N G_G
STERN	G_S G_T G_E G_R G_N
STEVIE	G_S G_T G_E G_V G_I G_E
STEVIE'S	G_S G_T G_E G_V G_I G_E G_S
STEW	G_S G_T G_E G_W
STEWPAN	G_S G_T G_E G_W G_P G_A G_N
STICK	G_S G_T G_I G_C G_K
STICKING	G_S G_T G_I G_C G_K G_I G_N G_G
STICKS	G_S G_T G_I G_C G_K G_S
STICKY	G_S G_T G_I G_C G_K G_Y
STIFF	G_S G_T G_I G_F G_F
STIFFEN	G_S G_T G_I G_F G_F G_E G_N
STIFFNESS	G_S G_T G_I G_F G_F G_N G_E G_S G_S
STILL	G_S G_T G_I G_L G_L
STIR	G_S G_T G_I G_R
STIRRED	G_S G_T G_I G_R G_R G_E G_D
STIRRING	G_S G_T G_I G_R G_R G_I G_N G_G
STIRRUP	G_S G_T G_I G_R G_R G_U G_P
STIRRUPS	G_S G_T G_I G_R G_R G_U G_P G_S
STOCK	G_S G_T G_O G_C G_K
STOCKINGS	G_S G_T G_O G_C G_K G_I G_N G_G G_S
STOIC	G_S G_T G_O G_I G_C
STOKE	G_S G_T G_O G_K G_E
STOLE	G_S G_T G_O G_L G_E
STOLEN	G_S G_T G_O G_L G_E G_N
STOLIDLY	G_S G_T G_O G_L G_I G_D G_L G_Y
STOMACH	G_S G_T G_O G_M G_A G_C G_H
STOMMICK	G_S G_T G_O G_M G_M G_I G_C G_K
STONE	G_S G_T G_O G_N G_E
STONE'S	G_S G_T G_O G_N G_E G_S
STONES	G_S G_T G_O G_N G_E G_S
STONY	G_S G_T G_O G_N G_Y
STOOD	G_S G_T G_O G_O G_D
STOOP	G_S G_T G_O G_O G_P
STOOPED	G_S G_T G_O G_O G_P G_E G_D
STOP	G_S G_T G_O G_P
STOPPED	G_S G_T G_O G_P G_P G_E G_D
STOPPING	G_S G_T G_O G_P G_P G_I G_N G_G
STOPS	G_S G_T G_O G_P G_S
STORE	G_S G_T G_O G_R G_E
STORED	G_S G_T G_O G_R G_E G_D
STOREHOUSE	G_S G_T G_O G_R G_E G_H G_O G_U G_S G_E
STORIES	G_S G_T G_O G_R G_I G_E G_S
STORM	G_S G_T G_O G_R G_M
STORY	G_S G_T G_O G_R G_Y
STOUT	G_S G_T G_O G_U G_T
STRAGGLING	G_S G_T G_R G_A G_G G_G G_L G_I G_N G_G
STRAIGHT	G_S G_T G_R G_A G_I G_G G_H G_T
STRAIGHTENS	G_S G_T G_R G_A G_I G_G G_H G_T G_E G_N G_S
STRAIN	G_S G_T G_R G_A G_I G_N
STRAINED	G_S G_T G_R G_A G_I G_N G_E G_D
STRAINS	G_S G_T G_R G_A G_I G_N G_S
STRAITS	G_S G_T G_R G_A G_I G_T G_S
STRANGE	G_S G_T G_R G_A G_N G_G G_E
STRANGELY	G_S G_T G_R G_A G_N G_G G_E G_L G_Y
STRANGENESS	G_S G_T G_R G_A G_N G_G G_E G_N G_E G_S G_S
STRANGER	G_S G_T G_R G_A G_N G_G G_E G_R
STRANGERS	G_S G_T G_R G_A G_N G_G G_E G_R G_S
STRANGEST	G_S G_T G_R G_A G_N G_G G_E G_S G_T
STRATUM	G_S G_T G_R G_A G_T G_U G_M
STRAW	G_S G_T G_R G_A G_W
STRAWBERRY	G_S G_T G_R G_A G_W G_B G_E G_R G_R G_Y
STRAY	G_S G_T G_R G_A G_Y
STRAYING	G_S G_T G_R G_A G_Y G_I G_N G_G
STREAM	G_S G_T G_R G_E G_A G_M
STREAMS	G_S G_T G_R G_E G_A G_M G_S
STREET	G_S G_T G_R G_E G_E G_T
STREETS	G_S G_T G_R G_E G_E G_T G_S
STRENGTH	G_S G_T G_R G_E G_N G_G G_T G_H
STRENGTHENED	G_S G_T G_R G_E G_N G_G G_T G_H G_E G_N G_E G_D
STRENGTHENS	G_S G_T G_R G_E G_N G_G G_T G_H G_E G_N G_S
STRETCHED	G_S G_T G_R G_E G_T G_C G_H G_E G_D
STRETCHING	G_S G_T G_R G_E G_T G_C G_H G_I G_N G_G
STREWED	G_S G_T G_R G_E G_W G_E G_D
STREWN	G_S G_T G_R G_E G_W G_N
STRICT	G_S G_T G_R G_I G_C G_T
STRICTLY	G_S G_T G_R G_I G_C G_T G_L G_Y
STRIKE	G_S G_T G_R G_I G_K G_E
STRIKING	G_S G_T G_R G_I G_K G_I G_N G_G
STRIKINGLY	G_S G_T G_R G_I G_K G_I G_N G_G G_L G_Y
STRING	G_S G_T G_R G_I G_N G_G
STRIPS	G_S G_T G_R G_I G_P G_S
STRIVE	G_S G_T G_R G_I G_V G_E
STRIVING	G_S G_T G_R G_I G_V G_I G_N G_G
STRODE	G_S G_T G_R G_O G_D G_E
STROLLED	G_S G_T G_R G_O G_L G_L G_E G_D
STRONG	G_S G_T G_R G_O G_N G_G
STRONGER	G_S G_T G_R G_O G_N G_G G_E G_R
STRONGHOLD	G_S G_T G_R G_O G_N G_G G_H G_O G_L G_D
STRONGLY	G_S G_T G_R G_O G_N G_G G_L G_Y
STROVE	G_S G_T G_R G_O G_V G_E
STRUCK	G_S G_T G_R G_U G_C G_K
STRUCTURE	G_S G_T G_R G_U G_C G_T G_U G_R G_E
STRUGGLE	G_S G_T G_R G_U G_G G_G G_L G_E
STRUGGLING	G_S G_T G_R G_U G_G G_G G_L G_I G_N G_G
STUBE	G_S G_T G_U G_B G_E
STUCK	G_S G_T G_U G_C G_K
STUDENT	G_S G_T G_U G_D G_E G_N G_T
STUDIED	G_S G_T G_U G_D G_I G_E G_D
STUDIES	G_S G_T G_U G_D G_I G_E G_S
STUDY	G_S G_T G_U G_D G_Y
STUFF	G_S G_T G_U G_F G_F
STUMBLED	G_S G_T G_U G_M G_B G_L G_E G_D
STUNG	G_S G_T G_U G_N G_G
STUNNED	G_S G_T G_U G_N G_N G_E G_D
STUNTED	G_S G_T G_U G_N G_T G_E G_D
STUPEFIED	G_S G_T G_U G_P G_E G_F G_I G_E G_D
STUPID	G_S G_T G_U G_P G_I G_D
STUPIDITY	G_S G_T G_U G_P G_I G_D G_I G_T G_Y
STUPIRTI	G_S G_T G_U G_P G_I G_R G_T G_I
STURDY	G_S G_T G_U G_R G_D G_Y
STURGEON	G_S G_T G_U G_R G_G G_E G_O G_N
SUBJECT	G_S G_U G_B G_J G_E G_C G_T
SUBJECTED	G_S G_U G_B G_J G_E G_C G_T G_E G_D
SUBJECTS	G_S G_U G_B G_J G_E G_C G_T G_S
SUBJUGATION	G_S G_U G_B G_J G_U G_G G_A G_T G_I G_O G_N
SUBLIME	G_S G_U G_B G_L G_I G_M G_E
SUBMISSION	G_S G_U G_B G_M G_I G_S G_S G_I G_O G_N
SUBMITTED	G_S G_U G_B G_M G_I G_T G_T G_E G_D
SUBORDINATE	G_S G_U G_B G_O G_R G_D G_I G_N G_A G_T G_E
SUBSTANCE	G_S G_U G_B G_S G_T G_A G_N G_C G_E
SUBSTANTIAL	G_S G_U G_B G_S G_T G_A G_N G_T G_I G_A G_L
SUBSTITUTED	G_S G_U G_B G_S G_T G_I G_T G_U G_T G_E G_D
SUBTLE	G_S G_U G_B G_T G_L G_E
SUBTLETY	G_S G_U G_B G_T G_L G_E G_T G_Y
SUBURBS	G_S G_U G_B G_U G_R G_B G_S
SUCCEED	G_S G_U G_C G_C G_E G_E G_D
SUCCEEDED	G_S G_U G_C G_C G_E G_E G_D G_E G_D
SUCCEEDING	G_S G_U G_C G_C G_E G_E G_D G_I G_N G_G
SUCCESS	G_S G_U G_C G_C G_E G_S G_S
SUCCESSFUL	G_S G_U G_C G_C G_E G_S G_S G_F G_U G_L
SUCCESSFULLY	G_S G_U G_C G_C G_E G_S G_S G_F G_U G_L G_L G_Y
SUCCESSIVELY	G_S G_U G_C G_C G_E G_S G_S G_I G_V G_E G_L G_Y
SUCH	G_S G_U G_C G_H
SUCKLE	G_S G_U G_C G_K G_L G_E
SUDDEN	G_S G_U G_D G_D G_E G_N
SUDDENLY	G_S G_U G_D G_D G_E G_N G_L G_Y
SUDVESTR	G_S G_U G_D G_V G_E G_S G_T G_R
SUE	G_S G_U G_E
SUFFER	G_S G_U G_F G_F G_E G_R
SUFFERED	G_S G_U G_F G_F G_E G_R G_E G_D
SUFFERIN	G_S G_U G_F G_F G_E G_R G_I G_N
SUFFERING	G_S G_U G_F G_F G_E G_R G_I G_N G_G
SUFFICE	G_S G_U G_F G_F G_I G_C G_E
SUFFICIENT	G_S G_U G_F G_F G_I G_C G_I G_E G_N G_T
SUFFICIENTLY	G_S G_U G_F G_F G_I G_C G_I G_E G_N G_T G_L G_Y
SUFFOCATE	G_S G_U G_F G_F G_O G_C G_A G_T G_E
SUGAR	G_S G_U G_G G_A G_R
SUGGESTED	G_S G_U G_G G_G G_E G_S G_T G_E G_D
SUGGESTION	G_S G_U G_G G_G G_E G_S G_T G_I G_O G_N
SUGGESTIONS	G_S G_U G_G G_G G_E G_S G_T G_I G_O G_N G_S
SUICIDE	G_S G_U G_I G_C G_I G_D G_E
SUIT	G_S G_U G_I G_T
SUITABLE	G_S G_U G_I G_T G_A G_B G_L G_E
SUITED	G_S G_U G_I G_T G_E G_D
SUMMER	G_S G_U G_M G_M G_E G_R
SUMMIT	G_S G_U G_M G_M G_I G_T
SUMMONED	G_S G_U G_M G_M G_O G_N G_E G_D
SUMMONING	G_S G_U G_M G_M G_O G_N G_I G_N G_G
SUMMONS	G_S G_U G_M G_M G_O G_N G_S
SUMTER	G_S G_U G_M G_T G_E G_R
SUN	G_S G_U G_N
SUN'S	G_S G_U G_N G_S
SUNBURNT	G_S G_U G_N G_B G_U G_R G_N G_T
SUNDAY	G_S G_U G_N G_D G_A G_Y
SUNDRY	G_S G_U G_N G_D G_R G_Y
SUNK	G_S G_U G_N G_K
SUNLIGHT	G_S G_U G_N G_L G_I G_G G_H G_T
SUNNY	G_S G_U G_N G_N G_Y
SUNRISE	G_S G_U G_N G_R G_I G_S G_E
SUNS	G_S G_U G_N G_S
SUNSET	G_S G_U G_N G_S G_E G_T
SUNSHINE	G_S G_U G_N G_S G_H G_I G_N G_E
SUPERFLUOUS	G_S G_U G_P G_E G_R G_F G_L G_U G_O G_U G_S
SUPERINTENDENT	G_S G_U G_P G_E G_R G_I G_N G_T G_E G_N G_D G_E G_N G_T
SUPERIOR	G_S G_U G_P G_E G_R G_I G_O G_R
SUPERIORITY	G_S G_U G_P G_E G_R G_I G_O G_R G_I G_T G_Y
SUPERIORS	G_S G_U G_P G_E G_R G_I G_O G_R G_S
SUPERSEDED	G_S G_U G_P G_E G_R G_S G_E G_D G_E G_D
SUPERSTITION	G_S G_U G_P G_E G_R G_S G_T G_I G_T G_I G_O G_N
SUPERSTITIOUS	G_S G_U G_P G_E G_R G_S G_T G_I G_T G_I G_O G_U G_S
SUPPER	G_S G_U G_P G_P G_E G_R
SUPPLIED	G_S G_U G_P G_P G_L G_I G_E G_D
SUPPLY	G_S G_U G_P G_P G_L G_Y
SUPPORT	G_S G_U G_P G_P G_O G_R G_T
SUPPORTED	G_S G_U G_P G_P G_O G_R G_T G_E G_D
SUPPORTING	G_S G_U G_P G_P G_O G_R G_T G_I G_N G_G
SUPPOSE	G_S G_U G_P G_P G_O G_S G_E
SUPPOSED	G_S G_U G_P G_P G_O G_S G_E G_D
SUPPOSING	G_S G_U G_P G_P G_O G_S G_I G_N G_G
SUPPOSITION	G_S G_U G_P G_P G_O G_S G_I G_T G_I G_O G_N
SUPPRESS	G_S G_U G_P G_P G_R G_E G_S G_S
SUPPRESSED	G_S G_U G_P G_P G_R G_E G_S G_S G_E G_D
SUPPRESSING	G_S G_U G_P G_P G_R G_E G_S G_S G_I G_N G_G
SUPREME	G_S G_U G_P G_R G_E G_M G_E
SURE	G_S G_U G_R G_E
SURELY	G_S G_U G_R G_E G_L G_Y
SURFACE	G_S G_U G_R G_F G_A G_C G_E
SURGEON	G_S G_U G_R G_G G_E G_O G_N
SURGERY	G_S G_U G_R G_G G_E G_R G_Y
SURNAMED	G_S G_U G_R G_N G_A G_M G_E G_D
SURPASSED	G_S G_U G_R G_P G_A G_S G_S G_E G_D
SURPRISE	G_S G_U G_R G_P G_R G_I G_S G_E
SURPRISED	G_S G_U G_R G_P G_R G_I G_S G_E G_D
SURPRISING	G_S G_U G_R G_P G_R G_I G_S G_I G_N G_G
SURROUND	G_S G_U G_R G_R G_O G_U G_N G_D
SURROUNDED	G_S G_U G_R G_R G_O G_U G_N G_D G_E G_D
SURROUNDINGS	G_S G_U G_R G_R G_O G_U G_N G_D G_I G_N G_G G_S
SURROUNDS	G_S G_U G_R G_R G_O G_U G_N G_D G_S
SURVEY	G_S G_U G_R G_V G_E G_Y
SURVIVED	G_S G_U G_R G_V G_I G_V G_E G_D
SURVIVES	G_S G_U G_R G_V G_I G_V G_E G_S
SUSPECTED	G_S G_U G_S G_P G_E G_C G_T G_E G_D
SUSPENDERS	G_S G_U G_S G_P G_E G_N G_D G_E G_R G_S
SUSPICION	G_S G_U G_S G_P G_I G_C G_I G_O G_N
SUSPICIONS	G_S G_U G_S G_P G_I G_C G_I G_O G_N G_S
SUSPICIOUS	G_S G_U G_S G_P G_I G_C G_I G_O G_U G_S
SUSPICIOUSLY	G_S G_U G_S G_P G_I G_C G_I G_O G_U G_S G_L G_Y
SUSTAINS	G_S G_U G_S G_T G_A G_I G_N G_S
SUTTER	G_S G_U G_T G_T G_E G_R
SWALLOWED	G_S G_W G_A G_L G_L G_O G_W G_E G_D
SWALLOWERS	G_S G_W G_A G_L G_L G_O G_W G_E G_R G_S
SWAM	G_S G_W G_A G_M
SWARD	G_S G_W G_A G_R G_D
SWARTHY	G_S G_W G_A G_R G_T G_H G_Y
SWAYED	G_S G_W G_A G_Y G_E G_D
SWAYING	G_S G_W G_A G_Y G_I G_N G_G
SWEAT	G_S G_W G_E G_A G_T
SWEATING	G_S G_W G_E G_A G_T G_I G_N G_G
SWEDISH	G_S G_W G_E G_D G_I G_S G_H
SWEET	G_S G_W G_E G_E G_T
SWEETEST	G_S G_W G_E G_E G_T G_E G_S G_T
SWEETHEART	G_S G_W G_E G_E G_T G_H G_E G_A G_R G_T
SWEETNESS	G_S G_W G_E G_E G_T G_N G_E G_S G_S
SWEETWATER	G_S G_W G_E G_E G_T G_W G_A G_T G_E G_R
SWELL	G_S G_W G_E G_L G_L
SWELLED	G_S G_W G_E G_L G_L G_E G_D
SWELLING	G_S G_W G_E G_L G_L G_I G_N G_G
SWELLINGS	G_S G_W G_E G_L G_L G_I G_N G_G G_S
SWEPT	G_S G_W G_E G_P G_T
SWIFT	G_S G_W G_I G_F G_T
SWIFT'S	G_S G_W G_I G_F G_T G_S
SWIFTLY	G_S G_W G_I G_F G_T G_L G_Y
SWIM	G_S G_W G_I G_M
SWIMMING	G_S G_W G_I G_M G_M G_I G_N G_G
SWING	G_S G_W G_I G_N G_G
SWISS	G_S G_W G_I G_S G_S
SWOONED	G_S G_W G_O G_O G_N G_E G_D
SWOOPS	G_S G_W G_O G_O G_P G_S
SWORD	G_S G_W G_O G_R G_D
SWORDS	G_S G_W G_O G_R G_D G_S
SWORE	G_S G_W G_O G_R G_E
SWUNG	G_S G_W G_U G_N G_G
SYCAMORES	G_S G_Y G_C G_A G_M G_O G_R G_E G_S
SYDENHAM	G_S G_Y G_D G_E G_N G_H G_A G_M
SYDNEY	G_S G_Y G_D G_N G_E G_Y
SYDNEY'S	G_S G_Y G_D G_N G_E G_Y G_S
SYLLABLE	G_S G_Y G_L G_L G_A G_B G_L G_E
SYLVAN	G_S G_Y G_L G_V G_A G_N
SYMBOLIC	G_S G_Y G_M G_B G_O G_L G_I G_C
SYMBOLS	G_S G_Y G_M G_B G_O G_L G_S
SYMPATHETIC	G_S G_Y G_M G_P G_A G_T G_H G_E G_T G_I G_C
SYMPATHY	G_S G_Y G_M G_P G_A G_T G_H G_Y
SYNAGOGUES	G_S G_Y G_N G_A G_G G_O G_G G_U G_E G_S
SYNESIUS'S	G_S G_Y G_N G_E G_S G_I G_U G_S G_S
SYNONYM	G_S G_Y G_N G_O G_N G_Y G_M
SYRTIS	G_S G_Y G_R G_T G_I G_S
SYRUP	G_S G_Y G_R G_U G_P
SYSTEM	G_S G_Y G_S G_T G_E G_M
T	G_T
TABERNACLE	G_T G_A G_B G_E G_R G_N G_A G_C G_L G_E
TABLE	G_T G_A G_B G_L G_E
TABLES	G_T G_A G_B G_L G_E G_S
TABLESPOONFUL	G_T G_A G_B G_L G_E G_S G_P G_O G_O G_N G_F G_U G_L
TABLESPOONFULS	G_T G_A G_B G_L G_E G_S G_P G_O G_O G_N G_F G_U G_L G_S
TABLESPOONS	G_T G_A G_B G_L G_E G_S G_P G_O G_O G_N G_S
TACTICS	G_T G_A G_C G_T G_I G_C G_S
TAD	G_T G_A G_D
TAD'S	G_T G_A G_D G_S
TAHOE	G_T G_A G_H G_O G_E
TAIL	G_T G_A G_I G_L
TAILS	G_T G_A G_I G_L G_S
TAIT	G_T G_A G_I G_T
TAKE	G_T G_A G_K G_E
TAKEN	G_T G_A G_K G_E G_N
TAKER	G_T G_A G_K G_E G_R
TAKES	G_T G_A G_K G_E G_S
TAKING	G_T G_A G_K G_I G_N G_G
TALBOT	G_T G_A G_L G_B G_O G_T
TALE	G_T G_A G_L G_E
TALENT	G_T G_A G_L G_E G_N G_T
TALENTS	G_T G_A G_L G_E G_N G_T G_S
TALISMAN	G_T G_A G_L G_I G_S G_M G_A G_N
TALK	G_T G_A G_L G_K
TALKED	G_T G_A G_L G_K G_E G_D
TALKER	G_T G_A G_L G_K G_E G_R
TALKING	G_T G_A G_L G_K G_I G_N G_G
TALKS	G_T G_A G_L G_K G_S
TALL	G_T G_A G_L G_L
TALLY	G_T G_A G_L G_L G_Y
TALONED	G_T G_A G_L G_O G_N G_E G_D
TANG	G_T G_A G_N G_G
TANKARDS	G_T G_A G_N G_K G_A G_R G_D G_S
TAPE	G_T G_A G_P G_E
TAPPED	G_T G_A G_P G_P G_E G_D
TAR	G_T G_A G_R
TARA	G_T G_A G_R G_A
TARDY	G_T G_A G_R G_D G_Y
TARPAULIN	G_T G_A G_R G_P G_A G_U G_L G_I G_N
TARRINZEAU	G_T G_A G_R G_R G_I G_N G_Z G_E G_A G_U
TARTARIC	G_T G_A G_R G_T G_A G_R G_I G_C
TASK	G_T G_A G_S G_K
TASTE	G_T G_A G_S G_T G_E
TASTED	G_T G_A G_S G_T G_E G_D
TAUGHT	G_T G_A G_U G_G G_H G_T
TEA	G_T G_E G_A
TEACH	G_T G_E G_A G_C G_H
TEACHER	G_T G_E G_A G_C G_H G_E G_R
TEACHES	G_T G_E G_A G_C G_H G_E G_S
TEAR	G_T G_E G_A G_R
TEARING	G_T G_E G_A G_R G_I G_N G_G
TEARS	G_T G_E G_A G_R G_S
TEASPOONFUL	G_T G_E G_A G_S G_P G_O G_O G_N G_F G_U G_L
TEDIOUS	G_T G_E G_D G_I G_O G_U G_S
TEEMING	G_T G_E G_E G_M G_I G_N G_G
TEEPEE	G_T G_E G_E G_P G_E G_E
TEETH	G_T G_E G_E G_T G_H
TELECAST	G_T G_E G_L G_E G_C G_A G_S G_T
TELEMETERING	G_T G_E G_L G_E G_M G_E G_T G_E G_R G_I G_N G_G
TELEPHONE	G_T G_E G_L G_E G_P G_H G_O G_N G_E
TELEPHONED	G_T G_E G_L G_E G_P G_H G_O G_N G_E G_D
TELEVISION	G_T G_E G_L G_E G_V G_I G_S G_I G_O G_N
TELL	G_T G_E G_L G_L
TELLING	G_T G_E G_L G_L G_I G_N G_G
TELLS	G_T G_E G_L G_L G_S
TEMPER	G_T G_E G_M G_P G_E G_R
TEMPERAMENT	G_T G_E G_M G_P G_E G_R G_A G_M G_E G_N G_T
TEMPERATE	G_T G_E G_M G_P G_E G_R G_A G_T G_E
TEMPERED	G_T G_E G_M G_P G_E G_R G_E G_D
TEMPEST	G_T G_E G_M G_P G_E G_S G_T
TEMPLE	G_T G_E G_M G_P G_L G_E
TEMPLES	G_T G_E G_M G_P G_L G_E G_S
TEMPO	G_T G_E G_M G_P G_O
TEMPORARY	G_T G_E G_M G_P G_O G_R G_A G_R G_Y
TEMPTING	G_T G_E G_M G_P G_T G_I G_N G_G
TEN	G_T G_E G_N
TENDENCY	G_T G_E G_N G_D G_E G_N G_C G_Y
TENDER	G_T G_E G_N G_D G_E G_R
TENDERED	G_T G_E G_N G_D G_E G_R G_E G_D
TENDERLY	G_T G_E G_N G_D G_E G_R G_L G_Y
TENDERNESS	G_T G_E G_N G_D G_E G_R G_N G_E G_S G_S
TENNESSEE	G_T G_E G_N G_N G_E G_S G_S G_E G_E
TENSE	G_T G_E G_N G_S G_E
TENT	G_T G_E G_N G_T
TENTH	G_T G_E G_N G_T G_H
TERMED	G_T G_E G_R G_M G_E G_D
TERMINATES	G_T G_E G_R G_M G_I G_N G_A G_T G_E G_S
TERMINATING	G_T G_E G_R G_M G_I G_N G_A G_T G_I G_N G_G
TERMS	G_T G_E G_R G_M G_S
TERRA	G_T G_E G_R G_R G_A
TERRAN	G_T G_E G_R G_R G_A G_N
TERRIBLE	G_T G_E G_R G_R G_I G_B G_L G_E
TERRIBLY	G_T G_E G_R G_R G_I G_B G_L G_Y
TERRIFIED	G_T G_E G_R G_R G_I G_F G_I G_E G_D
TERRIFYING	G_T G_E G_R G_R G_I G_F G_Y G_I G_N G_G
TERRO	G_T G_E G_R G_R G_O
TERROR	G_T G_E G_R G_R G_O G_R
TERRORIST	G_T G_E G_R G_R G_O G_R G_I G_S G_T
TEST	G_T G_E G_S G_T
TESTBRIDGE	G_T G_E G_S G_T G_B G_R G_I G_D G_G G_E
TESTIMONY	G_T G_E G_S G_T G_I G_M G_O G_N G_Y
TESTING	G_T G_E G_S G_T G_I G_N G_G
TEXTURE	G_T G_E G_X G_T G_U G_R G_E
THAN	G_T G_H G_A G_N
THANK	G_T G_H G_A G_N G_K
THANKED	G_T G_H G_A G_N G_K G_E G_D
THANKING	G_T G_H G_A G_N G_K G_I G_N G_G
THANKS	G_T G_H G_A G_N G_K G_S
THAT	G_T G_H G_A G_T
THAT'LL	G_T G_H G_A G_T G_L G_L
THAT'S	G_T G_H G_A G_T G_S
THATCHED	G_T G_H G_A G_T G_C G_H G_E G_D
THAW	G_T G_H G_A G_W
THE	G_T G_H G_E
THEATRE	G_T G_H G_E G_A G_T G_R G_E
THEE	G_T G_H G_E G_E
THEIR	G_T G_H G_E G_I G_R
THEIRS	G_T G_H G_E G_I G_R G_S
THEM	G_T G_H G_E G_M
THEMSELVES	G_T G_H G_E G_M G_S G_E G_L G_V G_E G_S
THEN	G_T G_H G_E G_N
THENCE	G_T G_H G_E G_N G_C G_E
THEOCRITUS	G_T G_H G_E G_O G_C G_R G_I G_T G_U G_S
THEODOSIUS	G_T G_H G_E G_O G_D G_O G_S G_I G_U G_S
THEOLOGICAL	G_T G_H G_E G_O G_L G_O G_G G_I G_C G_A G_L
THEOLOGY	G_T G_H G_E G_O G_L G_O G_G G_Y
THEON	G_T G_H G_E G_O G_N
THEORY	G_T G_H G_E G_O G_R G_Y
THEOSOPHIES	G_T G_H G_E G_O G_S G_O G_P G_H G_I G_E G_S
THERE	G_T G_H G_E G_R G_E
THERE'D	G_T G_H G_E G_R G_E G_D
THERE'S	G_T G_H G_E G_R G_E G_S
THEREAFTER	G_T G_H G_E G_R G_E G_A G_F G_T G_E G_R
THEREFORE	G_T G_H G_E G_R G_E G_F G_O G_R G_E
THEREFROM	G_T G_H G_E G_R G_E G_F G_R G_O G_M
THEREIN	G_T G_H G_E G_R G_E G_I G_N
THEREOF	G_T G_H G_E G_R G_E G_O G_F
THEREWITHAL	G_T G_H G_E G_R G_E G_W G_I G_T G_H G_A G_L
THESE	G_T G_H G_E G_S G_E
THEY	G_T G_H G_E G_Y
THEY'LL	G_T G_H G_E G_Y G_L G_L
THEY'RE	G_T G_H G_E G_Y G_R G_E
THEY'VE	G_T G_H G_E G_Y G_V G_E
THICK	G_T G_H G_I G_C G_K
THICKENED	G_T G_H G_I G_C G_K G_E G_N G_E G_D
THICKENS	G_T G_H G_I G_C G_K G_E G_N G_S
THICKER	G_T G_H G_I G_C G_K G_E G_R
THICKET	G_T G_H G_I G_C G_K G_E G_T
THICKNESS	G_T G_H G_I G_C G_K G_N G_E G_S G_S
THIGHS	G_T G_H G_I G_G G_H G_S
THIN	G_T G_H G_I G_N
THINE	G_T G_H G_I G_N G_E
THING	G_T G_H G_I G_N G_G
THINGS	G_T G_H G_I G_N G_G G_S
THINK	G_T G_H G_I G_N G_K
THINKING	G_T G_H G_I G_N G_K G_I G_N G_G
THINKS	G_T G_H G_I G_N G_K G_S
THINNED	G_T G_H G_I G_N G_N G_E G_D
THIRD	G_T G_H G_I G_R G_D
THIRDS	G_T G_H G_I G_R G_D G_S
THIRST	G_T G_H G_I G_R G_S G_T
THIRSTS	G_T G_H G_I G_R G_S G_T G_S
THIRSTY	G_T G_H G_I G_R G_S G_T G_Y
THIRTEENTH	G_T G_H G_I G_R G_T G_E G_E G_N G_T G_H
THIRTY	G_T G_H G_I G_R G_T G_Y
THIS	G_T G_H G_I G_S
THITHER	G_T G_H G_I G_T G_H G_E G_R
THOMAS	G_T G_H G_O G_M G_A G_S
THOMPSON	G_T G_H G_O G_M G_P G_S G_O G_N
THORN	G_T G_H G_O G_R G_N
THORNS	G_T G_H G_O G_R G_N G_S
THOROUGH	G_T G_H G_O G_R G_O G_U G_G G_H
THOROUGHLY	G_T G_H G_O G_R G_O G_U G_G G_H G_L G_Y
THOSE	G_T G_H G_O G_S G_E
THOU	G_T G_H G_O G_U
THOUGH	G_T G_H G_O G_U G_G G_H
THOUGHT	G_T G_H G_O G_U G_G G_H G_T
THOUGHTFUL	G_T G_H G_O G_U G_G G_H G_T G_F G_U G_L
THOUGHTFULLY	G_T G_H G_O G_U G_G G_H G_T G_F G_U G_L G_L G_Y
THOUGHTLESS	G_T G_H G_O G_U G_G G_H G_T G_L G_E G_S G_S
THOUGHTS	G_T G_H G_O G_U G_G G_H G_T G_S
THOUSAND	G_T G_H G_O G_U G_S G_A G_N G_D
THOUSANDS	G_T G_H G_O G_U G_S G_A G_N G_D G_S
THREAD	G_T G_H G_R G_E G_A G_D
THREADBARE	G_T G_H G_R G_E G_A G_D G_B G_A G_R G_E
THREADS	G_T G_H G_R G_E G_A G_D G_S
THREATENED	G_T G_H G_R G_E G_A G_T G_E G_N G_E G_D
THREATENING	G_T G_H G_R G_E G_A G_T G_E G_N G_I G_N G_G
THREE	G_T G_H G_R G_E G_E
THRESHOLD	G_T G_H G_R G_E G_S G_H G_O G_L G_D
THREW	G_T G_H G_R G_E G_W
THRILLED	G_T G_H G_R G_I G_L G_L G_E G_D
THRIVING	G_T G_H G_R G_I G_V G_I G_N G_G
THROAT	G_T G_H G_R G_O G_A G_T
THROB	G_T G_H G_R G_O G_B
THROBS	G_T G_H G_R G_O G_B G_S
THRONE	G_T G_H G_R G_O G_N G_E
THROUGH	G_T G_H G_R G_O G_U G_G G_H
THROUGHOUT	G_T G_H G_R G_O G_U G_G G_H G_O G_U G_T
THROW	G_T G_H G_R G_O G_W
THROWN	G_T G_H G_R G_O G_W G_N
THRUSHES	G_T G_H G_R G_U G_S G_H G_E G_S
THRUST	G_T G_H G_R G_U G_S G_T
THRUSTING	G_T G_H G_R G_U G_S G_T G_I G_N G_G
THUNDER	G_T G_H G_U G_N G_D G_E G_R
THUNDERCLOUD	G_T G_H G_U G_N G_D G_E G_R G_C G_L G_O G_U G_D
THURSDAY	G_T G_H G_U G_R G_S G_D G_A G_Y
THUS	G_T G_H G_U G_S
THY	G_T G_H G_Y
THYSELF	G_T G_H G_Y G_S G_E G_L G_F
TICKET	G_T G_I G_C G_K G_E G_T
TICKING	G_T G_I G_C G_K G_I G_N G_G
TICKS	G_T G_I G_C G_K G_S
TIDE	G_T G_I G_D G_E
TIE	G_T G_I G_E
TIED	G_T G_I G_E G_D
TIGHT	G_T G_I G_G G_H G_T
TIGHTLY	G_T G_I G_G G_H G_T G_L G_Y
TILED	G_T G_I G_L G_E G_D
TILES	G_T G_I G_L G_E G_S
TILL	G_T G_I G_L G_L
TILTED	G_T G_I G_L G_T G_E G_D
TIME	G_T G_I G_M G_E
TIMES	G_T G_I G_M G_E G_S
TIMID	G_T G_I G_M G_I G_D
TIMIDLY	G_T G_I G_M G_I G_D G_L G_Y
TIN	G_T G_I G_N
TINGED	G_T G_I G_N G_G G_E G_D
TINGLE	G_T G_I G_N G_G G_L G_E
TINGLED	G_T G_I G_N G_G G_L G_E G_D
TINKLED	G_T G_I G_N G_K G_L G_E G_D
TINT	G_T G_I G_N G_T
TINY	G_T G_I G_N G_Y
TIPS	G_T G_I G_P G_S
TIRADE	G_T G_I G_R G_A G_D G_E
TIRED	G_T G_I G_R G_E G_D
TIRELESS	G_T G_I G_R G_E G_L G_E G_S G_S
TIRESOME	G_T G_I G_R G_E G_S G_O G_M G_E
TIS	G_T G_I G_S
TISHIMINGO	G_T G_I G_S G_H G_I G_M G_I G_N G_G G_O
TITLE	G_T G_I G_T G_L G_E
TO	G_T G_O
TOAST	G_T G_O G_A G_S G_T
TOASTED	G_T G_O G_A G_S G_T G_E G_D
TOBACCO	G_T G_O G_B G_A G_C G_C G_O
TOGETHER	G_T G_O G_G G_E G_T G_H G_E G_R
TOIL	G_T G_O G_I G_L
TOKEN	G_T G_O G_K G_E G_N
TOKYO	G_T G_O G_K G_Y G_O
TOLD	G_T G_O G_L G_D
TOLERABLY	G_T G_O G_L G_E G_R G_A G_B G_L G_Y
TOLLED	G_T G_O G_L G_L G_E G_D
TOM	G_T G_O G_M
TOM'S	G_T G_O G_M G_S
TOMATO	G_T G_O G_M G_A G_T G_O
TOMATOES	G_T G_O G_M G_A G_T G_O G_E G_S
TOMB	G_T G_O G_M G_B
TOMBS	G_T G_O G_M G_B G_S
TONE	G_T G_O G_N G_E
TONED	G_T G_O G_N G_E G_D
TONGUE	G_T G_O G_N G_G G_U G_E
TONIC	G_T G_O G_N G_I G_C
TONIGHT	G_T G_O G_N G_I G_G G_H G_T
TONY	G_T G_O G_N G_Y
TONY'S	G_T G_O G_N G_Y G_S
TOO	G_T G_O G_O
TOOK	G_T G_O G_O G_K
TOP	G_T G_O G_P
TOPICS	G_T G_O G_P G_I G_C G_S
TOPS	G_T G_O G_P G_S
TORCH	G_T G_O G_R G_C G_H
TORE	G_T G_O G_R G_E
TORMENTING	G_T G_O G_R G_M G_E G_N G_T G_I G_N G_G
TORN	G_T G_O G_R G_N
TORRENTS	G_T G_O G_R G_R G_E G_N G_T G_S
TORTURE	G_T G_O G_R G_T G_U G_R G_E
TORTURED	G_T G_O G_R G_T G_U G_R G_E G_D
TORTURES	G_T G_O G_R G_T G_U G_R G_E G_S
TOSS	G_T G_O G_S G_S
TOSSED	G_T G_O G_S G_S G_E G_D
TOTALLY	G_T G_O G_T G_A G_L G_L G_Y
TOUCH	G_T G_O G_U G_C G_H
TOUCHED	G_T G_O G_U G_C G_H G_E G_D
TOUCHES	G_T G_O G_U G_C G_H G_E G_S
TOUCHING	G_T G_O G_U G_C G_H G_I G_N G_G
TOUGH	G_T G_O G_U G_G G_H
TOURMALINE	G_T G_O G_U G_R G_M G_A G_L G_I G_N G_E
TOURS	G_T G_O G_U G_R G_S
TOWARD	G_T G_O G_W G_A G_R G_D
TOWARDS	G_T G_O G_W G_A G_R G_D G_S
TOWER	G_T G_O G_W G_E G_R
TOWERED	G_T G_O G_W G_E G_R G_E G_D
TOWERING	G_T G_O G_W G_E G_R G_I G_N G_G
TOWN	G_T G_O G_W G_N
TOWNE	G_T G_O G_W G_N G_E
TOWNS	G_T G_O G_W G_N G_S
TRACES	G_T G_R G_A G_C G_E G_S
TRACING	G_T G_R G_A G_C G_I G_N G_G
TRACK	G_T G_R G_A G_C G_K
TRADE	G_T G_R G_A G_D G_E
TRADING	G_T G_R G_A G_D G_I G_N G_G
TRADITION	G_T G_R G_A G_D G_I G_T G_I G_O G_N
TRADITIONS	G_T G_R G_A G_D G_I G_T G_I G_O G_N G_S
TRAIL	G_T G_R G_A G_I G_L
TRAILING	G_T G_R G_A G_I G_L G_I G_N G_G
TRAIN	G_T G_R G_A G_I G_N
TRAINER	G_T G_R G_A G_I G_N G_E G_R
TRAINING	G_T G_R G_A G_I G_N G_I G_N G_G
TRAITOR	G_T G_R G_A G_I G_T G_O G_R
TRAITS	G_T G_R G_A G_I G_T G_S
TRAMP	G_T G_R G_A G_M G_P
TRAMPE	G_T G_R G_A G_M G_P G_E
TRAMPLED	G_T G_R G_A G_M G_P G_L G_E G_D
TRAMPLING	G_T G_R G_A G_M G_P G_L G_I G_N G_G
TRANCE	G_T G_R G_A G_N G_C G_E
TRANQUIL	G_T G_R G_A G_N G_Q G_U G_I G_L
TRANSACTIONS	G_T G_R G_A G_N G_S G_A G_C G_T G_I G_O G_N G_S
TRANSCEND	G_T G_R G_A G_N G_S G_C G_E G_N G_D
TRANSFIXED	G_T G_R G_A G_N G_S G_F G_I G_X G_E G_D
TRANSFORMED	G_T G_R G_A G_N G_S G_F G_O G_R G_M G_E G_D
TRANSITION	G_T G_R G_A G_N G_S G_I G_T G_I G_O G_N
TRANSLATE	G_T G_R G_A G_N G_S G_L G_A G_T G_E
TRANSLATED	G_T G_R G_A G_N G_S G_L G_A G_T G_E G_D
TRANSLATING	G_T G_R G_A G_N G_S G_L G_A G_T G_I G_N G_G
TRANSLATION	G_T G_R G_A G_N G_S G_L G_A G_T G_I G_O G_N
TRANSLATOR	G_T G_R G_A G_N G_S G_L G_A G_T G_O G_R
TRANSMUTATION	G_T G_R G_A G_N G_S G_M G_U G_T G_A G_T G_I G_O G_N
TRANSPORTED	G_T G_R G_A G_N G_S G_P G_O G_R G_T G_E G_D
TRANSUBSTANTIATION	G_T G_R G_A G_N G_S G_U G_B G_S G_T G_A G_N G_T G_I G_A G_T G_I G_O G_N
TRAP	G_T G_R G_A G_P
TRAPPED	G_T G_R G_A G_P G_P G_E G_D
TRAUMA	G_T G_R G_A G_U G_M G_A
TRAVELED	G_T G_R G_A G_V G_E G_L G_E G_D
TRAVELING	G_T G_R G_A G_V G_E G_L G_I G_N G_G
TRAVELLERS	G_T G_R G_A G_V G_E G_L G_L G_E G_R G_S
TRAVELS	G_T G_R G_A G_V G_E G_L G_S
TREASURE	G_T G_R G_E G_A G_S G_U G_R G_E
TREASURED	G_T G_R G_E G_A G_S G_U G_R G_E G_D
TREASURES	G_T G_R G_E G_A G_S G_U G_R G_E G_S
TREAT	G_T G_R G_E G_A G_T
TREATED	G_T G_R G_E G_A G_T G_E G_D
TREATMENT	G_T G_R G_E G_A G_T G_M G_E G_N G_T
TREBLE	G_T G_R G_E G_B G_L G_E
TREE	G_T G_R G_E G_E
TREES	G_T G_R G_E G_E G_S
TREMBLE	G_T G_R G_E G_M G_B G_L G_E
TREMBLED	G_T G_R G_E G_M G_B G_L G_E G_D
TREMBLING	G_T G_R G_E G_M G_B G_L G_I G_N G_G
TREMULOUS	G_T G_R G_E G_M G_U G_L G_O G_U G_S
TREMULOUSLY	G_T G_R G_E G_M G_U G_L G_O G_U G_S G_L G_Y
TREVELYAN	G_T G_R G_E G_V G_E G_L G_Y G_A G_N
TREVELYAN'S	G_T G_R G_E G_V G_E G_L G_Y G_A G_N G_S
TRIAL	G_T G_R G_I G_A G_L
TRIALS	G_T G_R G_I G_A G_L G_S
TRIBE	G_T G_R G_I G_B G_E
TRIBES	G_T G_R G_I G_B G_E G_S
TRIBUTE	G_T G_R G_I G_B G_U G_T G_E
TRICE	G_T G_R G_I G_C G_E
TRICKLING	G_T G_R G_I G_C G_K G_L G_I G_N G_G
TRICKS	G_T G_R G_I G_C G_K G_S
TRIED	G_T G_R G_I G_E G_D
TRIFLE	G_T G_R G_I G_F G_L G_E
TRIFLING	G_T G_R G_I G_F G_L G_I G_N G_G
TRIGGER	G_T G_R G_I G_G G_G G_E G_R
TRIGGERED	G_T G_R G_I G_G G_G G_E G_R G_E G_D
TRIM	G_T G_R G_I G_M
TRINITY	G_T G_R G_I G_N G_I G_T G_Y
TRIP	G_T G_R G_I G_P
TRIUMPH	G_T G_R G_I G_U G_M G_P G_H
TRIUMPHAL	G_T G_R G_I G_U G_M G_P G_H G_A G_L
TRIUMPHANT	G_T G_R G_I G_U G_M G_P G_H G_A G_N G_T
TRIUMPHED	G_T G_R G_I G_U G_M G_P G_H G_E G_D
TRIVIALITIES	G_T G_R G_I G_V G_I G_A G_L G_I G_T G_I G_E G_S
TROKE	G_T G_R G_O G_K G_E
TROOP	G_T G_R G_O G_O G_P
TROOPS	G_T G_R G_O G_O G_P G_S
TROPICAL	G_T G_R G_O G_P G_I G_C G_A G_L
TROT	G_T G_R G_O G_T
TROT'S	G_T G_R G_O G_T G_S
TROUBLE	G_T G_R G_O G_U G_B G_L G_E
TROUBLED	G_T G_R G_O G_U G_B G_L G_E G_D
TROUBLEMAKER	G_T G_R G_O G_U G_B G_L G_E G_M G_A G_K G_E G_R
TROUBLES	G_T G_R G_O G_U G_B G_L G_E G_S
TROUBLESOME	G_T G_R G_O G_U G_B G_L G_E G_S G_O G_M G_E
TROUBLING	G_T G_R G_O G_U G_B G_L G_I G_N G_G
TROUSERS	G_T G_R G_O G_U G_S G_E G_R G_S
TRUBNER	G_T G_R G_U G_B G_N G_E G_R
TRUCK	G_T G_R G_U G_C G_K
TRUCKS	G_T G_R G_U G_C G_K G_S
TRUDGED	G_T G_R G_U G_D G_G G_E G_D
TRUE	G_T G_R G_U G_E
TRUER	G_T G_R G_U G_E G_R
TRULY	G_T G_R G_U G_L G_Y
TRUNK	G_T G_R G_U G_N G_K
TRUNKS	G_T G_R G_U G_N G_K G_S
TRUSSES	G_T G_R G_U G_S G_S G_E G_S
TRUST	G_T G_R G_U G_S G_T
TRUSTS	G_T G_R G_U G_S G_T G_S
TRUSTWORTHY	G_T G_R G_U G_S G_T G_W G_O G_R G_T G_H G_Y
TRUTH	G_T G_R G_U G_T G_H
TRUTHFUL	G_T G_R G_U G_T G_H G_F G_U G_L
TRY	G_T G_R G_Y
TRYING	G_T G_R G_Y G_I G_N G_G
TRYST	G_T G_R G_Y G_S G_T
TUBE	G_T G_U G_B G_E
TUESDAY	G_T G_U G_E G_S G_D G_A G_Y
TUFTS	G_T G_U G_F G_T G_S
TUITION	G_T G_U G_I G_T G_I G_O G_N
TULLY	G_T G_U G_L G_L G_Y
TUMBLE'S	G_T G_U G_M G_B G_L G_E G_S
TUMBLERS	G_T G_U G_M G_B G_L G_E G_R G_S
TUMULT	G_T G_U G_M G_U G_L G_T
TUMULTUOUS	G_T G_U G_M G_U G_L G_T G_U G_O G_U G_S
TUNES	G_T G_U G_N G_E G_S
TUNING	G_T G_U G_N G_I G_N G_G
TUPPER	G_T G_U G_P G_P G_E G_R
TURBAN	G_T G_U G_R G_B G_A G_N
TUREEN	G_T G_U G_R G_E G_E G_N
TURKISH	G_T G_U G_R G_K G_I G_S G_H
TURMOIL	G_T G_U G_R G_M G_O G_I G_L
TURN	G_T G_U G_R G_N
TURNED	G_T G_U G_R G_N G_E G_D
TURNING	G_T G_U G_R G_N G_I G_N G_G
TURNIPS	G_T G_U G_R G_N G_I G_P G_S
TURNPIKE	G_T G_U G_R G_N G_P G_I G_K G_E
TURNS	G_T G_U G_R G_N G_S
TURTLE	G_T G_U G_R G_T G_L G_E
TWELFTH	G_T G_W G_E G_L G_F G_T G_H
TWELVE	G_T G_W G_E G_L G_V G_E
TWENTIES	G_T G_W G_E G_N G_T G_I G_E G_S
TWENTIETH	G_T G_W G_E G_N G_T G_I G_E G_T G_H
TWENTY	G_T G_W G_E G_N G_T G_Y
TWICE	G_T G_W G_I G_C G_E
TWILIGHT	G_T G_W G_I G_L G_I G_G G_H G_T
TWIN	G_T G_W G_I G_N
TWINED	G_T G_W G_I G_N G_E G_D
TWINKLED	G_T G_W G_I G_N G_K G_L G_E G_D
TWINS	G_T G_W G_I G_N G_S
TWIST	G_T G_W G_I G_S G_T
TWISTED	G_T G_W G_I G_S G_T G_E G_D
TWISTER	G_T G_W G_I G_S G_T G_E G_R
TWITCHED	G_T G_W G_I G_T G_C G_H G_E G_D
TWITTERING	G_T G_W G_I G_T G_T G_E G_R G_I G_N G_G
TWO	G_T G_W G_O
TYPE	G_T G_Y G_P G_E
TYPICAL	G_T G_Y G_P G_I G_C G_A G_L
TYRANNISE	G_T G_Y G_R G_A G_N G_N G_I G_S G_E
TYRANTS	G_T G_Y G_R G_A G_N G_T G_S
TYSON	G_T G_Y G_S G_O G_N
UDDER	G_U G_D G_D G_E G_R
UGLY	G_U G_G G_L G_Y
ULTIMATELY	G_U G_L G_T G_I G_M G_A G_T G_E G_L G_Y
UMBRELLA	G_U G_M G_B G_R G_E G_L G_L G_A
UNA	G_U G_N G_A
UNABLE	G_U G_N G_A G_B G_L G_E
UNADORNED	G_U G_N G_A G_D G_O G_R G_N G_E G_D
UNAMIABLE	G_U G_N G_A G_M G_I G_A G_B G_L G_E
UNBARRING	G_U G_N G_B G_A G_R G_R G_I G_N G_G
UNBEARABLE	G_U G_N G_B G_E G_A G_R G_A G_B G_L G_E
UNBELIEVABLE	G_U G_N G_B G_E G_L G_I G_E G_V G_A G_B G_L G_E
UNBOLT	G_U G_N G_B G_O G_L G_T
UNBORN	G_U G_N G_B G_O G_R G_N
UNBRIDLED	G_U G_N G_B G_R G_I G_D G_L G_E G_D
UNBROKEN	G_U G_N G_B G_R G_O G_K G_E G_N
UNBURIED	G_U G_N G_B G_U G_R G_I G_E G_D
UNCANNY	G_U G_N G_C G_A G_N G_N G_Y
UNCEASINGLY	G_U G_N G_C G_E G_A G_S G_I G_N G_G G_L G_Y
UNCERTAIN	G_U G_N G_C G_E G_R G_T G_A G_I G_N
UNCHECKED	G_U G_N G_C G_H G_E G_C G_K G_E G_D
UNCLE	G_U G_N G_C G_L G_E
UNCLOSED	G_U G_N G_C G_L G_O G_S G_E G_D
UNCLOUD	G_U G_N G_C G_L G_O G_U G_D
UNCOMMONLY	G_U G_N G_C G_O G_M G_M G_O G_N G_L G_Y
UNCOMMUNICATIVE	G_U G_N G_C G_O G_M G_M G_U G_N G_I G_C G_A G_T G_I G_V G_E
UNCONSCIOUSLY	G_U G_N G_C G_O G_N G_S G_C G_I G_O G_U G_S G_L G_Y
UNCONSIDERED	G_U G_N G_C G_O G_N G_S G_I G_D G_E G_R G_E G_D
UNCOVERED	G_U G_N G_C G_O G_V G_E G_R G_E G_D
UNDAUNTED	G_U G_N G_D G_A G_U G_N G_T G_E G_D
UNDECEIVED	G_U G_N G_D G_E G_C G_E G_I G_V G_E G_D
UNDER	G_U G_N G_D G_E G_R
UNDERNEATH	G_U G_N G_D G_E G_R G_N G_E G_A G_T G_H
UNDERSTAND	G_U G_N G_D G_E G_R G_S G_T G_A G_N G_D
UNDERSTANDING	G_U G_N G_D G_E G_R G_S G_T G_A G_N G_D G_I G_N G_G
UNDERSTANDS	G_U G_N G_D G_E G_R G_S G_T G_A G_N G_D G_S
UNDERSTOOD	G_U G_N G_D G_E G_R G_S G_T G_O G_O G_D
UNDERTAKE	G_U G_N G_D G_E G_R G_T G_A G_K G_E
UNDERTAKING	G_U G_N G_D G_E G_R G_T G_A G_K G_I G_N G_G
UNDESIRED	G_U G_N G_D G_E G_S G_I G_R G_E G_D
UNDISCIPLINED	G_U G_N G_D G_I G_S G_C G_I G_P G_L G_I G_N G_E G_D
UNDISTURBED	G_U G_N G_D G_I G_S G_T G_U G_R G_B G_E G_D
UNDIVIDED	G_U G_N G_D G_I G_V G_I G_D G_E G_D
UNDO	G_U G_N G_D G_O
UNDRESSING	G_U G_N G_D G_R G_E G_S G_S G_I G_N G_G
UNEASY	G_U G_N G_E G_A G_S G_Y
UNEXPECTED	G_U G_N G_E G_X G_P G_E G_C G_T G_E G_D
UNFASTENING	G_U G_N G_F G_A G_S G_T G_E G_N G_I G_N G_G
UNFAVOURABLE	G_U G_N G_F G_A G_V G_O G_U G_R G_A G_B G_L G_E
UNFINISHED	G_U G_N G_F G_I G_N G_I G_S G_H G_E G_D
UNFORTUNATE	G_U G_N G_F G_O G_R G_T G_U G_N G_A G_T G_E
UNFORTUNATELY	G_U G_N G_F G_O G_R G_T G_U G_N G_A G_T G_E G_L G_Y
UNGAINLY	G_U G_N G_G G_A G_I G_N G_L G_Y
UNGRATEFUL	G_U G_N G_G G_R G_A G_T G_E G_F G_U G_L
UNHAPPILY	G_U G_N G_H G_A G_P G_P G_I G_L G_Y
UNHAPPY	G_U G_N G_H G_A G_P G_P G_Y
UNHINGED	G_U G_N G_H G_I G_N G_G G_E G_D
UNHURRIED	G_U G_N G_H G_U G_R G_R G_I G_E G_D
UNIFORMLY	G_U G_N G_I G_F G_O G_R G_M G_L G_Y
UNIMPORTANT	G_U G_N G_I G_M G_P G_O G_R G_T G_A G_N G_T
UNINHABITABLE	G_U G_N G_I G_N G_H G_A G_B G_I G_T G_A G_B G_L G_E
UNINHABITED	G_U G_N G_I G_N G_H G_A G_B G_I G_T G_E G_D
UNINTELLIGIBLE	G_U G_N G_I G_N G_T G_E G_L G_L G_I G_G G_I G_B G_L G_E
UNION	G_U G_N G_I G_O G_N
UNIT	G_U G_N G_I G_T
UNITED	G_U G_N G_I G_T G_E G_D
UNIVERSAL	G_U G_N G_I G_V G_E G_R G_S G_A G_L
UNIVERSE	G_U G_N G_I G_V G_E G_R G_S G_E
UNKNOWN	G_U G_N G_K G_N G_O G_W G_N
UNLESS	G_U G_N G_L G_E G_S G_S
UNLIKE	G_U G_N G_L G_I G_K G_E
UNLOCKS	G_U G_N G_L G_O G_C G_K G_S
UNLOOKED	G_U G_N G_L G_O G_O G_K G_E G_D
UNMANNERLY	G_U G_N G_M G_A G_N G_N G_E G_R G_L G_Y
UNMEANING	G_U G_N G_M G_E G_A G_N G_I G_N G_G
UNMOVED	G_U G_N G_M G_O G_V G_E G_D
UNNATURAL	G_U G_N G_N G_A G_T G_U G_R G_A G_L
UNNECESSARY	G_U G_N G_N G_E G_C G_E G_S G_S G_A G_R G_Y
UNOFFICIAL	G_U G_N G_O G_F G_F G_I G_C G_I G_A G_L
UNPALATABLE	G_U G_N G_P G_A G_L G_A G_T G_A G_B G_L G_E
UNPARDONABLY	G_U G_N G_P G_A G_R G_D G_O G_N G_A G_B G_L G_Y
UNPAVED	G_U G_N G_P G_A G_V G_E G_D
UNPLEASING	G_U G_N G_P G_L G_E G_A G_S G_I G_N G_G
UNPOPULAR	G_U G_N G_P G_O G_P G_U G_L G_A G_R
UNQUESTIONABLY	G_U G_N G_Q G_U G_E G_S G_T G_I G_O G_N G_A G_B G_L G_Y
UNREASONABLY	G_U G_N G_R G_E G_A G_S G_O G_N G_A G_B G_L G_Y
UNS	G_U G_N G_S
UNSEEN	G_U G_N G_S G_E G_E G_N
UNSETTLED	G_U G_N G_S G_E G_T G_T G_L G_E G_D
UNSOLDIERLY	G_U G_N G_S G_O G_L G_D G_I G_E G_R G_L G_Y
UNSOLVED	G_U G_N G_S G_O G_L G_V G_E G_D
UNSOUND	G_U G_N G_S G_O G_U G_N G_D
UNSPOKEN	G_U G_N G_S G_P G_O G_K G_E G_N
UNSTEADINESS	G_U G_N G_S G_T G_E G_A G_D G_I G_N G_E G_S G_S
UNSUPPORTED	G_U G_N G_S G_U G_P G_P G_O G_R G_T G_E G_D
UNTIL	G_U G_N G_T G_I G_L
UNTO	G_U G_N G_T G_O
UNTRUSS	G_U G_N G_T G_R G_U G_S G_S
UNTRUSSING	G_U G_N G_T G_R G_U G_S G_S G_I G_N G_G
UNTUTORED	G_U G_N G_T G_U G_T G_O G_R G_E G_D
UNUSUALLY	G_U G_N G_U G_S G_U G_A G_L G_L G_Y
UNVARYING	G_U G_N G_V G_A G_R G_Y G_I G_N G_G
UNWEARIED	G_U G_N G_W G_E G_A G_R G_I G_E G_D
UNWILLING	G_U G_N G_W G_I G_L G_L G_I G_N G_G
UNWORLDLY	G_U G_N G_W G_O G_R G_L G_D G_L G_Y
UNWORTHY	G_U G_N G_W G_O G_R G_T G_H G_Y
UP	G_U G_P
UPHOLSTERER	G_U G_P G_H G_O G_L G_S G_T G_E G_R G_E G_R
UPLIFTED	G_U G_P G_L G_I G_F G_T G_E G_D
UPON	G_U G_P G_O G_N
UPPER	G_U G_P G_P G_E G_R
UPRIGHT	G_U G_P G_R G_I G_G G_H G_T
UPROAR	G_U G_P G_R G_O G_A G_R
UPROARIOUS	G_U G_P G_R G_O G_A G_R G_I G_O G_U G_S
UPSET	G_U G_P G_S G_E G_T
UPSTAIRS	G_U G_P G_S G_T G_A G_I G_R G_S
UPWARD	G_U G_P G_W G_A G_R G_D
URANIA	G_U G_R G_A G_N G_I G_A
URGED	G_U G_R G_G G_E G_D
URGENCY	G_U G_R G_G G_E G_N G_C G_Y
URGENT	G_U G_R G_G G_E G_N G_T
URSUS	G_U G_R G_S G_U G_S
US	G_U G_S
USE	G_U G_S G_E
USED	G_U G_S G_E G_D
USEFUL	G_U G_S G_E G_F G_U G_L
USEFULNESS	G_U G_S G_E G_F G_U G_L G_N G_E G_S G_S
USELESS	G_U G_S G_E G_L G_E G_S G_S
USES	G_U G_S G_E G_S
USHERED	G_U G_S G_H G_E G_R G_E G_D
USING	G_U G_S G_I G_N G_G
USUAL	G_U G_S G_U G_A G_L
USUALLY	G_U G_S G_U G_A G_L G_L G_Y
USURPING	G_U G_S G_U G_R G_P G_I G_N G_G
UTMOST	G_U G_T G_M G_O G_S G_T
UTTER	G_U G_T G_T G_E G_R
UTTERANCE	G_U G_T G_T G_E G_R G_A G_N G_C G_E
UTTERED	G_U G_T G_T G_E G_R G_E G_D
UTTERING	G_U G_T G_T G_E G_R G_I G_N G_G
UTTERLY	G_U G_T G_T G_E G_R G_L G_Y
V	G_V
VACANCY	G_V G_A G_C G_A G_N G_C G_Y
VAGARIES	G_V G_A G_G G_A G_R G_I G_E G_S
VAGUE	G_V G_A G_G G_U G_E
VAGUELY	G_V G_A G_G G_U G_E G_L G_Y
VAIN	G_V G_A G_I G_N
VAINLY	G_V G_A G_I G_N G_L G_Y
VALENTINE	G_V G_A G_L G_E G_N G_T G_I G_N G_E
VALJEAN	G_V G_A G_L G_J G_E G_A G_N
VALKYRIE	G_V G_A G_L G_K G_Y G_R G_I G_E
VALLEY	G_V G_A G_L G_L G_E G_Y
VALLEYS	G_V G_A G_L G_L G_E G_Y G_S
VALUABLE	G_V G_A G_L G_U G_A G_B G_L G_E
VALUE	G_V G_A G_L G_U G_E
VALUED	G_V G_A G_L G_U G_E G_D
VALUES	G_V G_A G_L G_U G_E G_S
VAN	G_V G_A G_N
VANDAL	G_V G_A G_N G_D G_A G_L
VANDALS	G_V G_A G_N G_D G_A G_L G_S
VANISH	G_V G_A G_N G_I G_S G_H
VANISHED	G_V G_A G_N G_I G_S G_H G_E G_D
VANISHES	G_V G_A G_N G_I G_S G_H G_E G_S
VANITY	G_V G_A G_N G_I G_T G_Y
VANTAGES	G_V G_A G_N G_T G_A G_G G_E G_S
VAPOR	G_V G_A G_P G_O G_R
VAPOURS	G_V G_A G_P G_O G_U G_R G_S
VARIATIONS	G_V G_A G_R G_I G_A G_T G_I G_O G_N G_S
VARIED	G_V G_A G_R G_I G_E G_D
VARIETIES	G_V G_A G_R G_I G_E G_T G_I G_E G_S
VARIETY	G_V G_A G_R G_I G_E G_T G_Y
VARIOUS	G_V G_A G_R G_I G_O G_U G_S
VARIOUSLY	G_V G_A G_R G_I G_O G_U G_S G_L G_Y
VARLET	G_V G_A G_R G_L G_E G_T
VASES	G_V G_A G_S G_E G_S
VAST	G_V G_A G_S G_T
VASTNESS	G_V G_A G_S G_T G_N G_E G_S G_S
VATICAN	G_V G_A G_T G_I G_C G_A G_N
VAULTED	G_V G_A G_U G_L G_T G_E G_D
VAUNTING	G_V G_A G_U G_N G_T G_I G_N G_G
VEGETABLE	G_V G_E G_G G_E G_T G_A G_B G_L G_E
VEGETABLES	G_V G_E G_G G_E G_T G_A G_B G_L G_E G_S
VEGETATED	G_V G_E G_G G_E G_T G_A G_T G_E G_D
VEGETATION	G_V G_E G_G G_E G_T G_A G_T G_I G_O G_N
VEHICLES	G_V G_E G_H G_I G_C G_L G_E G_S
VEIL	G_V G_E G_I G_L
VEILED	G_V G_E G_I G_L G_E G_D
VEIN	G_V G_E G_I G_N
VEINS	G_V G_E G_I G_N G_S
VENDHYA	G_V G_E G_N G_D G_H G_Y G_A
VENGEANCE	G_V G_E G_N G_G G_E G_A G_N G_C G_E
VENGEFUL	G_V G_E G_N G_G G_E G_F G_U G_L
VENI	G_V G_E G_N G_I
VENICE	G_V G_E G_N G_I G_C G_E
VENTURE	G_V G_E G_N G_T G_U G_R G_E
VENTURED	G_V G_E G_N G_T G_U G_R G_E G_D
VENUS	G_V G_E G_N G_U G_S
VEOLAN	G_V G_E G_O G_L G_A G_N
VERANDAH	G_V G_E G_R G_A G_N G_D G_A G_H
VERDICT	G_V G_E G_R G_D G_I G_C G_T
VERLOC	G_V G_E G_R G_L G_O G_C
VERLOC'S	G_V G_E G_R G_L G_O G_C G_S
VERNACULAR	G_V G_E G_R G_N G_A G_C G_U G_L G_A G_R
VERSE	G_V G_E G_R G_S G_E
VERSION	G_V G_E G_R G_S G_I G_O G_N
VERY	G_V G_E G_R G_Y
VESSEL	G_V G_E G_S G_S G_E G_L
VESSELS	G_V G_E G_S G_S G_E G_L G_S
VEXATION	G_V G_E G_X G_A G_T G_I G_O G_N
VIAL	G_V G_I G_A G_L
VIANDS	G_V G_I G_A G_N G_D G_S
VICE	G_V G_I G_C G_E
VICTIMS	G_V G_I G_C G_T G_I G_M G_S
VICTORIA	G_V G_I G_C G_T G_O G_R G_I G_A
VICTORIOUS	G_V G_I G_C G_T G_O G_R G_I G_O G_U G_S
VICTORY	G_V G_I G_C G_T G_O G_R G_Y
VIDET	G_V G_I G_D G_E G_T
VIEW	G_V G_I G_E G_W
VIEWS	G_V G_I G_E G_W G_S
VIGILANCE	G_V G_I G_G G_I G_L G_A G_N G_C G_E
VIGOROUSLY	G_V G_I G_G G_O G_R G_O G_U G_S G_L G_Y
VIGOUR	G_V G_I G_G G_O G_U G_R
VILLA	G_V G_I G_L G_L G_A
VILLAGE	G_V G_I G_L G_L G_A G_G G_E
VILLAGERS	G_V G_I G_L G_L G_A G_G G_E G_R G_S
VILLAGES	G_V G_I G_L G_L G_A G_G G_E G_S
VILLEFORT	G_V G_I G_L G_L G_E G_F G_O G_R G_T
VINDICATED	G_V G_I G_N G_D G_I G_C G_A G_T G_E G_D
VINE	G_V G_I G_N G_E
VINEGAR	G_V G_I G_N G_E G_G G_A G_R
VINOS	G_V G_I G_N G_O G_S
VINTAGE	G_V G_I G_N G_T G_A G_G G_E
VIOLENCE	G_V G_I G_O G_L G_E G_N G_C G_E
VIOLENT	G_V G_I G_O G_L G_E G_N G_T
VIOLENTLY	G_V G_I G_O G_L G_E G_N G_T G_L G_Y
VIOLIN	G_V G_I G_O G_L G_I G_N
VIOLINS	G_V G_I G_O G_L G_I G_N G_S
VIRGIL	G_V G_I G_R G_G G_I G_L
VIRGILIUS	G_V G_I G_R G_G G_I G_L G_I G_U G_S
VIRGIN	G_V G_I G_R G_G G_I G_N
VIRGINIA	G_V G_I G_R G_G G_I G_N G_I G_A
VIRGINITY	G_V G_I G_R G_G G_I G_N G_I G_T G_Y
VIRGINS	G_V G_I G_R G_G G_I G_N G_S
VIRTUALLY	G_V G_I G_R G_T G_U G_A G_L G_L G_Y
VIRTUE	G_V G_I G_R G_T G_U G_E
VIRTUES	G_V G_I G_R G_T G_U G_E G_S
VISIBLE	G_V G_I G_S G_I G_B G_L G_E
VISION	G_V G_I G_S G_I G_O G_N
VISIONS	G_V G_I G_S G_I G_O G_N G_S
VISIT	G_V G_I G_S G_I G_T
VISITOR	G_V G_I G_S G_I G_T G_O G_R
VISITORS	G_V G_I G_S G_I G_T G_O G_R G_S
VISITS	G_V G_I G_S G_I G_T G_S
VITA	G_V G_I G_T G_A
VITAL	G_V G_I G_T G_A G_L
VITTLES	G_V G_I G_T G_T G_L G_E G_S
VIVID	G_V G_I G_V G_I G_D
VLADIMIR	G_V G_L G_A G_D G_I G_M G_I G_R
VOCATION	G_V G_O G_C G_A G_T G_I G_O G_N
VOICE	G_V G_O G_I G_C G_E
VOICES	G_V G_O G_I G_C G_E G_S
VOLATILE	G_V G_O G_L G_A G_T G_I G_L G_E
VOLCANIC	G_V G_O G_L G_C G_A G_N G_I G_C
VOLCANO	G_V G_O G_L G_C G_A G_N G_O
VOLITIONS	G_V G_O G_L G_I G_T G_I G_O G_N G_S
VOLUME	G_V G_O G_L G_U G_M G_E
VOLUNTEERS	G_V G_O G_L G_U G_N G_T G_E G_E G_R G_S
VOUCH	G_V G_O G_U G_C G_H
VOW	G_V G_O G_W
VOYAGE	G_V G_O G_Y G_A G_G G_E
VULGAR	G_V G_U G_L G_G G_A G_R
WABI	G_W G_A G_B G_I
WABI'S	G_W G_A G_B G_I G_S
WABIGOON'S	G_W G_A G_B G_I G_G G_O G_O G_N G_S
WAGON	G_W G_A G_G G_O G_N
WAGONS	G_W G_A G_G G_O G_N G_S
WAHITI	G_W G_A G_H G_I G_T G_I
WAIST	G_W G_A G_I G_S G_T
WAIT	G_W G_A G_I G_T
WAITED	G_W G_A G_I G_T G_E G_D
WAITER	G_W G_A G_I G_T G_E G_R
WAITERS	G_W G_A G_I G_T G_E G_R G_S
WAITING	G_W G_A G_I G_T G_I G_N G_G
WAKE	G_W G_A G_K G_E
WAKENED	G_W G_A G_K G_E G_N G_E G_D
WAKENING	G_W G_A G_K G_E G_N G_I G_N G_G
WAKING	G_W G_A G_K G_I G_N G_G
WALK	G_W G_A G_L G_K
WALKED	G_W G_A G_L G_K G_E G_D
WALKING	G_W G_A G_L G_K G_I G_N G_G
WALKS	G_W G_A G_L G_K G_S
WALL	G_W G_A G_L G_L
WALLS	G_W G_A G_L G_L G_S
WALNUT	G_W G_A G_L G_N G_U G_T
WALNUTS	G_W G_A G_L G_N G_U G_T G_S
WALT	G_W G_A G_L G_T
WALTER	G_W G_A G_L G_T G_E G_R
WANDER	G_W G_A G_N G_D G_E G_R
WANDERED	G_W G_A G_N G_D G_E G_R G_E G_D
WANDERING	G_W G_A G_N G_D G_E G_R G_I G_N G_G
WANED	G_W G_A G_N G_E G_D
WANT	G_W G_A G_N G_T
WANTED	G_W G_A G_N G_T G_E G_D
WANTING	G_W G_A G_N G_T G_I G_N G_G
WANTS	G_W G_A G_N G_T G_S
WAR	G_W G_A G_R
WARBLERS	G_W G_A G_R G_B G_L G_E G_R G_S
WARD	G_W G_A G_R G_D
WARFARE	G_W G_A G_R G_F G_A G_R G_E
WARM	G_W G_A G_R G_M
WARMLY	G_W G_A G_R G_M G_L G_Y
WARNED	G_W G_A G_R G_N G_E G_D
WARNING	G_W G_A G_R G_N G_I G_N G_G
WARRIOR	G_W G_A G_R G_R G_I G_O G_R
WARRIORS	G_W G_A G_R G_R G_I G_O G_R G_S
WARY	G_W G_A G_R G_Y
WAS	G_W G_A G_S
WASH	G_W G_A G_S G_H
WASHED	G_W G_A G_S G_H G_E G_D
WASHINGTON	G_W G_A G_S G_H G_I G_N G_G G_T G_O G_N
WASN'T	G_W G_A G_S G_N G_T
WASTE	G_W G_A G_S G_T G_E
WATCH	G_W G_A G_T G_C G_H
WATCHED	G_W G_A G_T G_C G_H G_E G_D
WATCHER	G_W G_A G_T G_C G_H G_E G_R
WATCHES	G_W G_A G_T G_C G_H G_E G_S
WATCHFUL	G_W G_A G_T G_C G_H G_F G_U G_L
WATCHFULNESS	G_W G_A G_T G_C G_H G_F G_U G_L G_N G_E G_S G_S
WATCHING	G_W G_A G_T G_C G_H G_I G_N G_G
WATCHMAN	G_W G_A G_T G_C G_H G_M G_A G_N
WATER	G_W G_A G_T G_E G_R
WATERCRESS	G_W G_A G_T G_E G_R G_C G_R G_E G_S G_S
WATERFALL	G_W G_A G_T G_E G_R G_F G_A G_L G_L
WATERS	G_W G_A G_T G_E G_R G_S
WAVE	G_W G_A G_V G_E
WAVED	G_W G_A G_V G_E G_D
WAVERLEY	G_W G_A G_V G_E G_R G_L G_E G_Y
WAVERLEY'S	G_W G_A G_V G_E G_R G_L G_E G_Y G_S
WAVING	G_W G_A G_V G_I G_N G_G
WAX	G_W G_A G_X
WAY	G_W G_A G_Y
WAYNE	G_W G_A G_Y G_N G_E
WAYS	G_W G_A G_Y G_S
WE	G_W G_E
WE'D	G_W G_E G_D
WE'LL	G_W G_E G_L G_L
WE'VE	G_W G_E G_V G_E
WEAK	G_W G_E G_A G_K
WEAKENED	G_W G_E G_A G_K G_E G_N G_E G_D
WEAKLY	G_W G_E G_A G_K G_L G_Y
WEAKNESS	G_W G_E G_A G_K G_N G_E G_S G_S
WEALTH	G_W G_E G_A G_L G_T G_H
WEALTHY	G_W G_E G_A G_L G_T G_H G_Y
WEAPON	G_W G_E G_A G_P G_O G_N
WEAR	G_W G_E G_A G_R
WEARINESS	G_W G_E G_A G_R G_I G_N G_E G_S G_S
WEARING	G_W G_E G_A G_R G_I G_N G_G
WEARS	G_W G_E G_A G_R G_S
WEARY	G_W G_E G_A G_R G_Y
WEATHER	G_W G_E G_A G_T G_H G_E G_R
WEAVE	G_W G_E G_A G_V G_E
WED	G_W G_E G_D
WEDDED	G_W G_E G_D G_D G_E G_D
WEDDING	G_W G_E G_D G_D G_I G_N G_G
WEDNESDAY	G_W G_E G_D G_N G_E G_S G_D G_A G_Y
WEEDED	G_W G_E G_E G_D G_E G_D
WEEDS	G_W G_E G_E G_D G_S
WEEK	G_W G_E G_E G_K
WEEKLY	G_W G_E G_E G_K G_L G_Y
WEEKS	G_W G_E G_E G_K G_S
WEEP	G_W G_E G_E G_P
WEEPING	G_W G_E G_E G_P G_I G_N G_G
WEIGHED	G_W G_E G_I G_G G_H G_E G_D
WEIGHT	G_W G_E G_I G_G G_H G_T
WEIRD	G_W G_E G_I G_R G_D
WEISER	G_W G_E G_I G_S G_E G_R
WELCOME	G_W G_E G_L G_C G_O G_M G_E
WELCOMED	G_W G_E G_L G_C G_O G_M G_E G_D
WELFARE	G_W G_E G_L G_F G_A G_R G_E
WELL	G_W G_E G_L G_L
WENCH	G_W G_E G_N G_C G_H
WEND	G_W G_E G_N G_D
WENT	G_W G_E G_N G_T
WEPT	G_W G_E G_P G_T
WERE	G_W G_E G_R G_E
WEREN'T	G_W G_E G_R G_E G_N G_T
WERT	G_W G_E G_R G_T
WEST	G_W G_E G_S G_T
WESTERN	G_W G_E G_S G_T G_E G_R G_N
WESTMERE	G_W G_E G_S G_T G_M G_E G_R G_E
WESTWARD	G_W G_E G_S G_T G_W G_A G_R G_D
WET	G_W G_E G_T
WHALES	G_W G_H G_A G_L G_E G_S
WHAT	G_W G_H G_A G_T
WHAT'S	G_W G_H G_A G_T G_S
WHATEVER	G_W G_H G_A G_T G_E G_V G_E G_R
WHEAT	G_W G_H G_E G_A G_T
WHEATS	G_W G_H G_E G_A G_T G_S
WHEEDLES	G_W G_H G_E G_E G_D G_L G_E G_S
WHEEL	G_W G_H G_E G_E G_L
WHEELING	G_W G_H G_E G_E G_L G_I G_N G_G
WHEELS	G_W G_H G_E G_E G_L G_S
WHEEZED	G_W G_H G_E G_E G_Z G_E G_D
WHELM	G_W G_H G_E G_L G_M
WHEN	G_W G_H G_E G_N
WHENCE	G_W G_H G_E G_N G_C G_E
WHENEVER	G_W G_H G_E G_N G_E G_V G_E G_R
WHERE	G_W G_H G_E G_R G_E
WHEREAS	G_W G_H G_E G_R G_E G_A G_S
WHEREBY	G_W G_H G_E G_R G_E G_B G_Y
WHEREIN	G_W G_H G_E G_R G_E G_I G_N
WHEREOF	G_W G_H G_E G_R G_E G_O G_F
WHEREVER	G_W G_H G_E G_R G_E G_V G_E G_R
WHETHER	G_W G_H G_E G_T G_H G_E G_R
WHICH	G_W G_H G_I G_C G_H
WHICHEVER	G_W G_H G_I G_C G_H G_E G_V G_E G_R
WHILE	G_W G_H G_I G_L G_E
WHILST	G_W G_H G_I G_L G_S G_T
WHIP	G_W G_H G_I G_P
WHIPLASH	G_W G_H G_I G_P G_L G_A G_S G_H
WHIPLASHES	G_W G_H G_I G_P G_L G_A G_S G_H G_E G_S
WHIPPED	G_W G_H G_I G_P G_P G_E G_D
WHIRL	G_W G_H G_I G_R G_L
WHIRLED	G_W G_H G_I G_R G_L G_E G_D
WHIRLING	G_W G_H G_I G_R G_L G_I G_N G_G
WHIRR	G_W G_H G_I G_R G_R
WHISK	G_W G_H G_I G_S G_K
WHISKY	G_W G_H G_I G_S G_K G_Y
WHISPER	G_W G_H G_I G_S G_P G_E G_R
WHISPERED	G_W G_H G_I G_S G_P G_E G_R G_E G_D
WHISPERING	G_W G_H G_I G_S G_P G_E G_R G_I G_N G_G
WHISTLE	G_W G_H G_I G_S G_T G_L G_E
WHISTLING	G_W G_H G_I G_S G_T G_L G_I G_N G_G
WHITE	G_W G_H G_I G_T G_E
WHITING	G_W G_H G_I G_T G_I G_N G_G
WHO	G_W G_H G_O
WHO'S	G_W G_H G_O G_S
WHOEVER	G_W G_H G_O G_E G_V G_E G_R
WHOLE	G_W G_H G_O G_L G_E
WHOLESALE	G_W G_H G_O G_L G_E G_S G_A G_L G_E
WHOLESOME	G_W G_H G_O G_L G_E G_S G_O G_M G_E
WHOLLY	G_W G_H G_O G_L G_L G_Y
WHOM	G_W G_H G_O G_M
WHOSE	G_W G_H G_O G_S G_E
WHY	G_W G_H G_Y
WHYS	G_W G_H G_Y G_S
WI	G_W G_I
WICKED	G_W G_I G_C G_K G_E G_D
WICKEDLY	G_W G_I G_C G_K G_E G_D G_L G_Y
WIDE	G_W G_I G_D G_E
WIDELY	G_W G_I G_D G_E G_L G_Y
WIDER	G_W G_I G_D G_E G_R
WIDOW	G_W G_I G_D G_O G_W
WIDOWER	G_W G_I G_D G_O G_W G_E G_R
WIDOWS	G_W G_I G_D G_O G_W G_S
WIELDED	G_W G_I G_E G_L G_D G_E G_D
WIFE	G_W G_I G_F G_E
WIFE'S	G_W G_I G_F G_E G_S
WIGWAM	G_W G_I G_G G_W G_A G_M
WILD	G_W G_I G_L G_D
WILDERING	G_W G_I G_L G_D G_E G_R G_I G_N G_G
WILDERNESS	G_W G_I G_L G_D G_E G_R G_N G_E G_S G_S
WILDLY	G_W G_I G_L G_D G_L G_Y
WILDS	G_W G_I G_L G_D G_S
WILKERSON	G_W G_I G_L G_K G_E G_R G_S G_O G_N
WILKINS	G_W G_I G_L G_K G_I G_N G_S
WILL	G_W G_I G_L G_L
WILLING	G_W G_I G_L G_L G_I G_N G_G
WILLINGLY	G_W G_I G_L G_L G_I G_N G_G G_L G_Y
WILLOW	G_W G_I G_L G_L G_O G_W
WILSON	G_W G_I G_L G_S G_O G_N
WILSONS	G_W G_I G_L G_S G_O G_N G_S
WILT	G_W G_I G_L G_T
WIN	G_W G_I G_N
WIND	G_W G_I G_N G_D
WINDING	G_W G_I G_N G_D G_I G_N G_G
WINDMILL	G_W G_I G_N G_D G_M G_I G_L G_L
WINDOW	G_W G_I G_N G_D G_O G_W
WINDOWS	G_W G_I G_N G_D G_O G_W G_S
WINDS	G_W G_I G_N G_D G_S
WINE	G_W G_I G_N G_E
WINES	G_W G_I G_N G_E G_S
WINGS	G_W G_I G_N G_G G_S
WINK	G_W G_I G_N G_K
WINKED	G_W G_I G_N G_K G_E G_D
WINTER	G_W G_I G_N G_T G_E G_R
WINTERS	G_W G_I G_N G_T G_E G_R G_S
WINTON	G_W G_I G_N G_T G_O G_N
WIPE	G_W G_I G_P G_E
WIRE	G_W G_I G_R G_E
WISDOM	G_W G_I G_S G_D G_O G_M
WISE	G_W G_I G_S G_E
WISELY	G_W G_I G_S G_E G_L G_Y
WISER	G_W G_I G_S G_E G_R
WISEST	G_W G_I G_S G_E G_S G_T
WISH	G_W G_I G_S G_H
WISHED	G_W G_I G_S G_H G_E G_D
WISHES	G_W G_I G_S G_H G_E G_S
WISHING	G_W G_I G_S G_H G_I G_N G_G
WIT	G_W G_I G_T
WITCH	G_W G_I G_T G_C G_H
WITCH'S	G_W G_I G_T G_C G_H G_S
WITCHES	G_W G_I G_T G_C G_H G_E G_S
WITH	G_W G_I G_T G_H
WITHAL	G_W G_I G_T G_H G_A G_L
WITHDRAW	G_W G_I G_T G_H G_D G_R G_A G_W
WITHDRAWN	G_W G_I G_T G_H G_D G_R G_A G_W G_N
WITHDREW	G_W G_I G_T G_H G_D G_R G_E G_W
WITHIN	G_W G_I G_T G_H G_I G_N
WITHOUT	G_W G_I G_T G_H G_O G_U G_T
WITNESS	G_W G_I G_T G_N G_E G_S G_S
WITNESSED	G_W G_I G_T G_N G_E G_S G_S G_E G_D
WITTED	G_W G_I G_T G_T G_E G_D
WIVES	G_W G_I G_V G_E G_S
WOLVES	G_W G_O G_L G_V G_E G_S
WOMAN	G_W G_O G_M G_A G_N
WOMAN'S	G_W G_O G_M G_A G_N G_S
WOMANHOOD	G_W G_O G_M G_A G_N G_H G_O G_O G_D
WOMB	G_W G_O G_M G_B
WOMEN	G_W G_O G_M G_E G_N
WON	G_W G_O G_N
WON'T	G_W G_O G_N G_T
WONDER	G_W G_O G_N G_D G_E G_R
WONDERED	G_W G_O G_N G_D G_E G_R G_E G_D
WONDERFUL	G_W G_O G_N G_D G_E G_R G_F G_U G_L
WONDERFULLY	G_W G_O G_N G_D G_E G_R G_F G_U G_L G_L G_Y
WONDERING	G_W G_O G_N G_D G_E G_R G_I G_N G_G
WONDERINGLY	G_W G_O G_N G_D G_E G_R G_I G_N G_G G_L G_Y
WONDERS	G_W G_O G_N G_D G_E G_R G_S
WOOD	G_W G_O G_O G_D
WOODEN	G_W G_O G_O G_D G_E G_N
WOODLAND	G_W G_O G_O G_D G_L G_A G_N G_D
WOODLEY	G_W G_O G_O G_D G_L G_E G_Y
WOODS	G_W G_O G_O G_D G_S
WOOLLEN	G_W G_O G_O G_L G_L G_E G_N
WOOLLY	G_W G_O G_O G_L G_L G_Y
WOONGA	G_W G_O G_O G_N G_G G_A
WOONGAS	G_W G_O G_O G_N G_G G_A G_S
WORD	G_W G_O G_R G_D
WORDLESS	G_W G_O G_R G_D G_L G_E G_S G_S
WORDS	G_W G_O G_R G_D G_S
WORE	G_W G_O G_R G_E
WORK	G_W G_O G_R G_K
WORKABLE	G_W G_O G_R G_K G_A G_B G_L G_E
WORKED	G_W G_O G_R G_K G_E G_D
WORKING	G_W G_O G_R G_K G_I G_N G_G
WORKS	G_W G_O G_R G_K G_S
WORLD	G_W G_O G_R G_L G_D
WORLD'S	G_W G_O G_R G_L G_D G_S
WORMS	G_W G_O G_R G_M G_S
WORN	G_W G_O G_R G_N
WORRIED	G_W G_O G_R G_R G_I G_E G_D
WORRIES	G_W G_O G_R G_R G_I G_E G_S
WORRY	G_W G_O G_R G_R G_Y
WORRYING	G_W G_O G_R G_R G_Y G_I G_N G_G
WORSE	G_W G_O G_R G_S G_E
WORSHIP	G_W G_O G_R G_S G_H G_I G_P
WORSHIPING	G_W G_O G_R G_S G_H G_I G_P G_I G_N G_G
WORST	G_W G_O G_R G_S G_T
WORTH	G_W G_O G_R G_T G_H
WORTHILY	G_W G_O G_R G_T G_H G_I G_L G_Y
WORTHY	G_W G_O G_R G_T G_H G_Y
WOULD	G_W G_O G_U G_L G_D
WOULDN'T	G_W G_O G_U G_L G_D G_N G_T
WOUND	G_W G_O G_U G_N G_D
WOUNDED	G_W G_O G_U G_N G_D G_E G_D
WOUNDS	G_W G_O G_U G_N G_D G_S
WOVEN	G_W G_O G_V G_E G_N
WRANGLER	G_W G_R G_A G_N G_G G_L G_E G_R
WRANGLER'S	G_W G_R G_A G_N G_G G_L G_E G_R G_S
WRAPPED	G_W G_R G_A G_P G_P G_E G_D
WREATH	G_W G_R G_E G_A G_T G_H
WREATHS	G_W G_R G_E G_A G_T G_H G_S
WRECKAGE	G_W G_R G_E G_C G_K G_A G_G G_E
WRESTLED	G_W G_R G_E G_S G_T G_L G_E G_D
WRETCH	G_W G_R G_E G_T G_C G_H
WRETCHED	G_W G_R G_E G_T G_C G_H G_E G_D
WRETCHEDNESS	G_W G_R G_E G_T G_C G_H G_E G_D G_N G_E G_S G_S
WRINKLES	G_W G_R G_I G_N G_K G_L G_E G_S
WRISTS	G_W G_R G_I G_S G_T G_S
WRITE	G_W G_R G_I G_T G_E
WRITERS	G_W G_R G_I G_T G_E G_R G_S
WRITES	G_W G_R G_I G_T G_E G_S
WRITING	G_W G_R G_I G_T G_I G_N G_G
WRITTEN	G_W G_R G_I G_T G_T G_E G_N
WRONG	G_W G_R G_O G_N G_G
WRONGED	G_W G_R G_O G_N G_G G_E G_D
WROTE	G_W G_R G_O G_T G_E
WROUGHT	G_W G_R G_O G_U G_G G_H G_T
WRUNG	G_W G_R G_U G_N G_G
WRY	G_W G_R G_Y
YACHT	G_Y G_A G_C G_H G_T
YANK	G_Y G_A G_N G_K
YANKEE	G_Y G_A G_N G_K G_E G_E
YANKEES	G_Y G_A G_N G_K G_E G_E G_S
YARD	G_Y G_A G_R G_D
YARDS	G_Y G_A G_R G_D G_S
YE	G_Y G_E
YEA	G_Y G_E G_A
YEAR	G_Y G_E G_A G_R
YEAR'S	G_Y G_E G_A G_R G_S
YEARS	G_Y G_E G_A G_R G_S
YEAST	G_Y G_E G_A G_S G_T
YELL	G_Y G_E G_L G_L
YELLING	G_Y G_E G_L G_L G_I G_N G_G
YELLOW	G_Y G_E G_L G_L G_O G_W
YES	G_Y G_E G_S
YESTERDAY	G_Y G_E G_S G_T G_E G_R G_D G_A G_Y
YET	G_Y G_E G_T
YIELD	G_Y G_I G_E G_L G_D
YO	G_Y G_O
YOKUL	G_Y G_O G_K G_U G_L
YOLK	G_Y G_O G_L G_K
YOLKS	G_Y G_O G_L G_K G_S
YONDER	G_Y G_O G_N G_D G_E G_R
YORK	G_Y G_O G_R G_K
YOU	G_Y G_O G_U
YOU'D	G_Y G_O G_U G_D
YOU'LL	G_Y G_O G_U G_L G_L
YOU'RE	G_Y G_O G_U G_R G_E
YOU'VE	G_Y G_O G_U G_V G_E
YOUNG	G_Y G_O G_U G_N G_G
YOUNGER	G_Y G_O G_U G_N G_G G_E G_R
YOUNGEST	G_Y G_O G_U G_N G_G G_E G_S G_T
YOUR	G_Y G_O G_U G_R
YOURS	G_Y G_O G_U G_R G_S
YOURSELF	G_Y G_O G_U G_R G_S G_E G_L G_F
YOURSELVES	G_Y G_O G_U G_R G_S G_E G_L G_V G_E G_S
YOUTH	G_Y G_O G_U G_T G_H
YULKA	G_Y G_U G_L G_K G_A
YUNDT	G_Y G_U G_N G_D G_T
ZEAL	G_Z G_E G_A G_L
ZEALAND	G_Z G_E G_A G_L G_A G_N G_D
ZEPPLIN	G_Z G_E G_P G_P G_L G_I G_N
ZINGIBER	G_Z G_I G_N G_G G_I G_B G_E G_R
ZOOLOGIST	G_Z G_O G_O G_L G_O G_G G_I G_S G_T
